Rank,Name,Team,Position,Week,Opponent,PassingCompletions,PassingAttempts,PassingCompletionPercentage,PassingYards,PassingYardsPerAttempt,PassingTouchdowns,PassingInterceptions,PassingRating,RushingAttempts,RushingYards,RushingYardsPerAttempt,RushingTouchdowns,FantasyPointsPerGameDraftKings,FantasyPointsDraftKings
1,Dak Prescott,DAL,QB,2,ATL,34,47,72.3,450,9.6,1,0,109.35,5,18,3.6,3,43.8,43.8
2,Patrick Mahomes,KC,QB,3,BAL,31,42,73.8,385,9.2,4,0,133.53,4,26,6.5,1,43,43
3,Dak Prescott,DAL,QB,4,CLE,41,58,70.7,502,8.7,4,1,112.86,2,12,6,0,42.3,42.28
4,Kyler Murray,ARI,QB,9,MIA,21,26,80.8,283,10.9,3,0,150.48,11,106,9.6,1,41.9,41.92
5,Justin Herbert,LAC,QB,7,JAX,27,43,62.8,347,8.1,3,0,111.29,9,66,7.3,1,41.5,41.48
6,Kyler Murray,ARI,QB,7,SEA,34,48,70.8,360,7.5,3,1,104.51,14,67,4.8,1,41.1,41.1
7,Jalen Hurts,PHI,QB,15,ARI,24,44,54.5,338,7.7,3,0,102.27,11,63,5.7,1,40.8,40.82
8,Josh Allen,BUF,QB,15,DEN,28,40,70,359,9,2,0,114.48,3,33,11,2,40.7,40.66
9,Tom Brady,TB,QB,7,LV,33,45,73.3,369,8.2,4,0,126.99,1,1,1,1,39.9,39.86
10,Russell Wilson,SEA,QB,3,DAL,27,40,67.5,315,7.9,5,0,130.73,6,22,3.7,0,39.8,39.8
11,Patrick Mahomes,KC,QB,8,NYJ,31,42,73.8,416,9.9,5,0,144.44,0,0,0,0,39.6,39.64
12,Josh Allen,BUF,QB,9,SEA,31,38,81.6,415,10.9,3,0,138.49,7,14,2,1,39,39
13,Joe Burrow,CIN,QB,7,CLE,35,47,74.5,406,8.6,3,1,112.54,6,34,5.7,1,38.6,38.64
14,Cam Newton,NE,QB,2,SEA,30,44,68.2,397,9,1,1,94.6,11,47,4.3,2,38.6,38.58
15,Cam Newton,NE,QB,17,NYJ,21,30,70,242,8.1,3,0,127.36,11,79,7.2,0,38.5,38.48
16,Kyler Murray,ARI,QB,15,PHI,27,36,75,406,11.3,3,1,127.78,8,29,3.6,1,38.1,38.14
17,Lamar Jackson,BAL,QB,14,CLE,11,17,64.7,163,9.6,1,0,115.56,9,124,13.8,2,37.9,37.92
18,Josh Allen,BUF,QB,2,MIA,24,35,68.6,415,11.9,4,0,146.73,4,19,4.8,0,37.5,37.5
19,Kirk Cousins,MIN,QB,17,DET,28,40,70,405,10.1,3,0,127.6,5,1,0.2,1,37.3,37.3
20,Ryan Tannehill,TEN,QB,15,DET,21,27,77.8,273,10.1,3,0,145.83,3,21,7,2,37,37.02
21,Tom Brady,TB,QB,4,LAC,30,46,65.2,369,8,5,1,117.03,3,-3,-1,0,36.5,36.46
22,Josh Allen,BUF,QB,3,LAR,24,33,72.7,311,9.4,4,1,128.91,4,8,2,1,36.2,36.24
23,Deshaun Watson,HOU,QB,12,DET,17,25,68,318,12.7,4,0,150.42,8,24,3,0,36.1,36.12
24,Justin Herbert,LAC,QB,17,KC,22,31,71,302,9.7,3,0,134.07,6,9,1.5,1,36,35.98
25,Russell Wilson,SEA,QB,7,ARI,33,50,66,388,7.8,3,3,84.42,6,84,14,0,35.9,35.92
26,Derek Carr,LV,QB,13,NYJ,28,47,59.6,381,8.1,3,1,97.92,2,5,2.5,1,35.7,35.74
27,Josh Allen,BUF,QB,16,NE,27,36,75,320,8.9,4,0,138.66,4,35,8.8,0,35.3,35.3
28,Patrick Mahomes,KC,QB,12,TB,37,49,75.5,462,9.4,3,0,124.7,4,28,7,0,35.3,35.28
29,Deshaun Watson,HOU,QB,6,TEN,28,37,75.7,335,9.1,4,0,138.91,4,26,6.5,0,35,35
30,Tom Brady,TB,QB,10,CAR,28,39,71.8,341,8.7,3,0,123.99,2,2,1,1,34.8,34.84
31,Russell Wilson,SEA,QB,1,ATL,31,35,88.6,322,9.2,4,0,143.1,3,29,9.7,0,34.8,34.78
32,Matt Ryan,ATL,QB,6,MIN,30,40,75,371,9.3,4,0,136.56,4,8,2,0,34.6,34.64
33,Patrick Mahomes,KC,QB,9,CAR,30,45,66.7,372,8.3,4,0,121.71,1,6,6,0,34.5,34.48
34,Russell Wilson,SEA,QB,2,NE,21,28,75,288,10.3,5,1,132.14,5,39,7.8,0,34.4,34.42
35,Deshaun Watson,HOU,QB,11,NE,28,37,75.7,344,9.3,2,0,121.9,6,36,6,1,34.4,34.36
36,Tom Brady,TB,QB,17,ATL,26,41,63.4,399,9.7,4,1,117.84,5,3,0.6,0,34.3,34.26
37,Josh Allen,BUF,QB,13,SF,32,40,80,375,9.4,4,0,139.06,6,11,1.8,0,34.1,34.1
38,Baker Mayfield,CLE,QB,14,BAL,28,47,59.6,343,7.3,2,1,87.46,5,23,4.6,1,34,34.02
39,Aaron Rodgers,GB,QB,1,MIN,32,44,72.7,364,8.3,4,0,127.46,1,2,2,0,33.8,33.76
40,Patrick Mahomes,KC,QB,5,LV,22,43,51.2,340,7.9,2,1,83.48,6,21,3.5,1,33.7,33.7
41,Ryan Tannehill,TEN,QB,6,HOU,30,41,73.2,366,8.9,4,1,122.61,0,0,0,0,33.6,33.64
42,Dak Prescott,DAL,QB,3,SEA,37,57,64.9,472,8.3,3,2,93.6,6,26,4.3,0,33.5,33.48
43,Baker Mayfield,CLE,QB,13,TEN,25,33,75.8,334,10.1,4,0,146.97,4,5,1.2,0,33.5,33.46
44,Drew Lock,DEN,QB,9,ATL,25,48,52.1,313,6.5,2,1,77.86,7,47,6.7,1,33.2,33.22
45,Josh Allen,BUF,QB,1,NYJ,33,46,71.7,312,6.8,2,0,104.62,14,57,4.1,1,33.2,33.18
46,Kyler Murray,ARI,QB,2,WAS,26,38,68.4,286,7.5,1,1,88.27,8,67,8.4,2,33.1,33.14
47,Tom Brady,TB,QB,16,DET,22,27,81.5,348,12.9,4,0,158.33,0,0,0,0,32.9,32.92
48,Aaron Rodgers,GB,QB,4,ATL,27,33,81.8,327,9.9,4,0,147.54,1,5,5,0,32.6,32.58
49,Ben Roethlisberger,PIT,QB,10,CIN,27,46,58.7,333,7.2,4,0,110.14,1,0,0,0,32.3,32.32
50,Aaron Rodgers,GB,QB,9,SF,25,31,80.6,305,9.8,4,0,147.24,1,7,7,0,31.9,31.9
51,Carson Wentz,PHI,QB,7,NYG,25,43,58.1,359,8.3,2,1,91.13,7,14,2,1,31.8,31.76
52,Ryan Tannehill,TEN,QB,13,CLE,29,45,64.4,389,8.6,3,1,104.77,0,0,0,0,31.6,31.56
53,Teddy Bridgewater,CAR,QB,9,KC,36,49,73.5,310,6.3,2,0,103.27,2,19,9.5,1,31.3,31.3
54,Lamar Jackson,BAL,QB,6,PHI,16,27,59.3,186,6.9,1,0,92.52,9,108,12,1,31.2,31.24
54,Jared Goff,LAR,QB,3,BUF,23,32,71.9,321,10,2,1,111.59,2,4,2,1,31.2,31.24
56,Tua Tagovailoa,MIA,QB,14,KC,28,48,58.3,316,6.6,2,1,83.33,6,24,4,1,31,31.04
57,Justin Herbert,LAC,QB,15,LV,22,32,68.8,314,9.8,2,0,121.09,4,14,3.5,1,31,30.96
58,Aaron Rodgers,GB,QB,14,DET,26,33,78.8,290,8.8,3,0,133.59,6,13,2.2,1,30.9,30.9
58,Kyler Murray,ARI,QB,10,BUF,22,32,68.8,245,7.7,1,1,88.67,11,61,5.5,2,30.9,30.9
60,Matt Ryan,ATL,QB,15,TB,34,49,69.4,356,7.3,3,0,110.59,1,16,16,0,30.8,30.84
61,Baker Mayfield,CLE,QB,7,CIN,22,28,78.6,297,10.6,5,1,135.57,1,-1,-1,0,30.8,30.78
62,Deshaun Watson,HOU,QB,16,CIN,24,33,72.7,324,9.8,3,0,133.9,5,38,7.6,0,30.8,30.76
63,Justin Herbert,LAC,QB,11,NYJ,37,49,75.5,366,7.5,3,0,116.54,2,11,5.5,0,30.7,30.74
64,Ryan Fitzpatrick,MIA,QB,5,SF,22,28,78.6,350,12.5,3,0,154.46,3,16,5.3,0,30.6,30.6
65,Andy Dalton,DAL,QB,16,PHI,22,30,73.3,377,12.6,3,1,134.72,5,15,3,0,30.6,30.58
66,Patrick Mahomes,KC,QB,2,LAC,27,47,57.4,302,6.4,2,0,90.91,6,54,9,0,30.5,30.48
67,Carson Wentz,PHI,QB,6,BAL,21,40,52.5,213,5.3,2,0,84.69,5,49,9.8,1,30.4,30.42
68,Kyler Murray,ARI,QB,5,NYJ,27,37,73,380,10.3,1,1,103.43,9,31,3.4,1,30.3,30.3
69,Lamar Jackson,BAL,QB,15,JAX,17,22,77.3,243,11,3,1,133.14,10,35,3.5,1,30.2,30.22
70,Kirk Cousins,MIN,QB,12,CAR,34,45,75.6,307,6.8,3,0,115.69,3,19,6.3,0,30.2,30.18
71,Matthew Stafford,DET,QB,13,CHI,27,42,64.3,402,9.6,3,1,109.42,2,0,0,0,30.1,30.08
72,Ryan Tannehill,TEN,QB,5,BUF,21,28,75,195,7,3,0,129.32,4,42,10.5,1,30,30
73,Deshaun Watson,HOU,QB,5,JAX,25,35,71.4,359,10.3,3,2,109.11,2,25,12.5,0,29.9,29.86
74,Deshaun Watson,HOU,QB,17,TEN,28,39,71.8,365,9.4,3,1,115.87,3,12,4,0,29.8,29.8
75,Kirk Cousins,MIN,QB,6,ATL,24,36,66.7,343,9.5,3,3,90.39,0,0,0,0,29.7,29.72
76,Aaron Rodgers,GB,QB,10,JAX,24,34,70.6,325,9.6,2,1,108.09,3,4,1.3,1,29.4,29.4
77,Josh Allen,BUF,QB,10,ARI,32,49,65.3,284,5.8,2,2,77.25,7,38,5.4,0,29.4,29.36
78,Russell Wilson,SEA,QB,9,BUF,28,41,68.3,390,9.5,2,2,94.56,2,5,2.5,1,29.1,29.1
79,Kyler Murray,ARI,QB,6,DAL,9,24,37.5,188,7.8,2,0,93.75,10,74,7.4,1,28.9,28.92
80,Derek Carr,LV,QB,14,IND,31,45,68.9,316,7,2,2,85.05,3,12,4,1,28.8,28.84
81,Russell Wilson,SEA,QB,8,SF,27,37,73,261,7.1,4,0,128.32,6,23,3.8,0,28.7,28.74
81,Philip Rivers,IND,QB,6,CIN,29,44,65.9,371,8.4,3,1,105.4,1,-1,-1,0,28.7,28.74
83,Ben Roethlisberger,PIT,QB,16,IND,34,49,69.4,341,7,3,0,109.31,2,-1,-0.5,0,28.5,28.54
83,Joe Burrow,CIN,QB,2,CLE,37,61,60.7,316,5.2,3,0,90.61,7,19,2.7,0,28.5,28.54
85,Matt Ryan,ATL,QB,2,DAL,24,36,66.7,273,7.6,4,0,126.27,4,16,4,0,28.5,28.52
86,Gardner Minshew,JAX,QB,2,TEN,30,45,66.7,339,7.5,3,2,92.73,4,19,4.8,0,28.5,28.46
87,Ryan Tannehill,TEN,QB,17,HOU,18,27,66.7,216,8,1,0,103.32,7,38,5.4,2,28.4,28.44
88,Jared Goff,LAR,QB,5,WAS,21,30,70,309,10.3,2,1,111.67,3,0,0,1,28.4,28.36
89,Ben Roethlisberger,PIT,QB,9,DAL,29,42,69,306,7.3,3,0,113.79,1,8,8,0,28,28.04
89,Jared Goff,LAR,QB,11,TB,39,51,76.5,376,7.4,3,2,99.8,1,0,0,0,28,28.04
91,Derek Carr,LV,QB,5,KC,22,31,71,347,11.2,3,1,126.68,4,1,0.2,0,28,27.98
92,Matt Ryan,ATL,QB,1,SEA,37,54,68.5,450,8.3,2,1,98.53,1,-1,-1,0,27.9,27.9
93,Lamar Jackson,BAL,QB,1,CLE,20,25,80,275,11,3,0,152.08,7,45,6.4,0,27.5,27.5
94,Matthew Stafford,DET,QB,8,IND,24,42,57.1,336,8,3,1,96.92,1,10,10,0,27.4,27.44
95,Deshaun Watson,HOU,QB,15,IND,33,41,80.5,373,9.1,2,0,120.83,6,25,4.2,0,27.4,27.42
96,Justin Herbert,LAC,QB,5,NO,20,34,58.8,264,7.8,4,0,122.67,4,8,2,0,27.4,27.36
97,Aaron Rodgers,GB,QB,7,HOU,23,34,67.6,283,8.3,4,0,132.35,0,0,0,0,27.3,27.32
97,Ryan Fitzpatrick,MIA,QB,2,BUF,31,47,66,328,7,2,0,100.31,3,12,4,0,27.3,27.32
99,Kyler Murray,ARI,QB,1,SF,26,40,65,230,5.8,1,1,78.12,13,91,7,1,27.3,27.3
100,Drew Lock,DEN,QB,17,LV,25,41,61,339,8.3,2,0,103.61,2,7,3.5,0,27.3,27.26
101,Teddy Bridgewater,CAR,QB,4,ARI,26,37,70.3,276,7.5,2,1,98.48,6,32,5.3,1,27.2,27.24
102,Deshaun Watson,HOU,QB,7,GB,29,39,74.4,309,7.9,2,0,114.16,7,38,5.4,0,27.2,27.16
103,Jared Goff,LAR,QB,13,ARI,37,47,78.7,351,7.5,1,0,104.88,4,1,0.2,1,27.1,27.14
104,Kirk Cousins,MIN,QB,11,DAL,22,30,73.3,314,10.5,3,0,140.14,1,4,4,0,27,26.96
105,Patrick Mahomes,KC,QB,15,NO,26,47,55.3,254,5.4,3,0,91.98,7,37,5.3,0,26.9,26.86
106,Marcus Mariota,LV,QB,15,LAC,17,28,60.7,226,8.1,1,1,83.33,9,88,9.8,1,26.8,26.84
107,Ryan Tannehill,TEN,QB,2,JAX,18,24,75,239,10,4,0,145.66,4,12,3,0,26.8,26.76
108,Aaron Rodgers,GB,QB,11,IND,27,38,71.1,311,8.2,3,1,110.75,3,13,4.3,0,26.7,26.74
109,Tom Brady,TB,QB,12,KC,27,41,65.9,345,8.4,3,2,96.09,1,-1,-1,0,26.7,26.7
110,Lamar Jackson,BAL,QB,13,DAL,12,17,70.6,107,6.3,2,1,101.84,13,94,7.2,1,26.7,26.68
111,Drew Lock,DEN,QB,14,CAR,21,27,77.8,280,10.4,4,0,149.46,6,4,0.7,0,26.6,26.6
112,Justin Herbert,LAC,QB,9,LV,28,42,66.7,326,7.8,2,0,105.85,5,24,4.8,0,26.4,26.44
113,Tom Brady,TB,QB,15,ATL,31,45,68.9,390,8.7,2,0,110.42,2,-2,-1,0,26.4,26.4
113,Kirk Cousins,MIN,QB,13,JAX,28,43,65.1,305,7.1,3,1,99.47,3,12,4,0,26.4,26.4
115,Ryan Fitzpatrick,MIA,QB,4,SEA,29,45,64.4,315,7,0,2,66.44,6,47,7.8,1,26.3,26.3
116,Derek Carr,LV,QB,16,MIA,21,34,61.8,336,9.9,1,0,104.53,2,-2,-1,1,26.2,26.24
116,Justin Herbert,LAC,QB,2,KC,22,33,66.7,311,9.4,1,1,94.38,4,18,4.5,1,26.2,26.24
118,Aaron Rodgers,GB,QB,16,TEN,21,25,84,231,9.2,4,1,128.08,3,19,6.3,0,26.1,26.14
118,Brandon Allen,CIN,QB,16,HOU,29,37,78.4,371,10,2,0,126.46,2,3,1.5,0,26.1,26.14
120,Lamar Jackson,BAL,QB,4,WAS,14,21,66.7,193,9.2,2,1,107.84,7,53,7.6,1,26,26.02
121,Aaron Rodgers,GB,QB,17,CHI,19,24,79.2,240,10,4,0,147.92,1,4,4,0,26,26
122,Derek Carr,LV,QB,17,DEN,24,38,63.2,371,9.8,2,2,91.01,2,1,0.5,0,25.9,25.94
123,Cam Newton,NE,QB,1,MIA,15,19,78.9,155,8.2,0,0,100.66,15,75,5,2,25.7,25.7
124,Aaron Rodgers,GB,QB,12,CHI,21,29,72.4,211,7.3,4,0,132.33,2,12,6,0,25.6,25.64
124,Nick Mullens,SF,QB,13,BUF,26,39,66.7,316,8.1,3,2,95.67,0,0,0,0,25.6,25.64
126,Patrick Mahomes,KC,QB,11,LV,34,45,75.6,348,7.7,2,1,102.82,4,16,4,0,25.5,25.52
127,Russell Wilson,SEA,QB,5,MIN,20,32,62.5,217,6.8,3,1,100.65,5,58,11.6,0,25.5,25.48
128,Jake Luton,JAX,QB,9,HOU,26,38,68.4,304,8,1,1,90.24,1,13,13,1,25.5,25.46
129,Josh Allen,BUF,QB,4,LV,24,34,70.6,288,8.5,2,0,115.81,3,-1,-0.3,1,25.4,25.42
130,Lamar Jackson,BAL,QB,17,CIN,10,18,55.6,113,6.3,3,1,90.97,11,97,8.8,0,25.2,25.22
131,Ryan Fitzpatrick,MIA,QB,3,JAX,18,20,90,160,8,2,0,133.33,7,38,5.4,1,25.2,25.2
132,Drew Brees,NO,QB,5,LAC,33,47,70.2,325,6.9,1,1,87.63,1,1,1,1,25.1,25.1
133,Mitch Trubisky,CHI,QB,14,HOU,24,33,72.7,267,8.1,3,0,126.7,4,23,5.8,0,25,24.98
134,Gardner Minshew,JAX,QB,4,CIN,27,40,67.5,351,8.8,2,1,101.15,2,9,4.5,0,24.9,24.94
135,Russell Wilson,SEA,QB,4,MIA,24,34,70.6,360,10.6,2,1,112.38,4,5,1.2,0,24.9,24.9
136,Kyler Murray,ARI,QB,3,DET,23,35,65.7,270,7.7,2,3,72.32,5,29,5.8,1,24.7,24.7
137,Drew Brees,NO,QB,7,CAR,29,36,80.6,287,8,2,0,118.4,3,2,0.7,1,24.7,24.68
138,Patrick Mahomes,KC,QB,14,MIA,24,34,70.6,393,11.6,2,3,91.91,5,9,1.8,0,24.6,24.62
139,Mitch Trubisky,CHI,QB,16,JAX,24,35,68.6,265,7.6,2,1,97.92,2,10,5,1,24.6,24.6
139,Nick Foles,CHI,QB,9,TEN,36,52,69.2,335,6.4,2,0,99.44,2,2,1,0,24.6,24.6
141,Jalen Hurts,PHI,QB,16,DAL,21,39,53.8,342,8.8,1,2,70.67,9,69,7.7,0,24.6,24.58
142,Cam Newton,NE,QB,9,NYJ,27,35,77.1,274,7.8,0,0,98.99,10,16,1.6,2,24.6,24.56
143,Aaron Rodgers,GB,QB,3,NO,21,32,65.6,283,8.8,3,0,124.87,2,12,6,0,24.5,24.52
144,Derek Carr,LV,QB,4,BUF,32,44,72.7,311,7.1,2,0,107.29,4,20,5,0,24.4,24.44
144,Deshaun Watson,HOU,QB,13,IND,26,38,68.4,341,9,0,1,85.53,7,38,5.4,1,24.4,24.44
146,Mitch Trubisky,CHI,QB,1,DET,20,36,55.6,242,6.7,3,0,104.17,3,26,8.7,0,24.3,24.28
147,Deshaun Watson,HOU,QB,9,JAX,19,32,59.4,281,8.8,2,0,108.98,10,50,5,0,24.2,24.24
148,Kyler Murray,ARI,QB,4,CAR,24,31,77.4,133,4.3,3,0,116.73,6,78,13,0,24.1,24.12
149,Justin Herbert,LAC,QB,4,TB,20,25,80,290,11.6,3,1,137.92,5,14,2.8,0,24,24
150,Jared Goff,LAR,QB,2,PHI,20,27,74.1,267,9.9,3,0,142.05,7,13,1.9,0,24,23.98
151,Deshaun Watson,HOU,QB,4,MIN,20,33,60.6,300,9.1,2,0,110.67,5,9,1.8,0,23.9,23.9
152,Tom Brady,TB,QB,3,DEN,25,38,65.8,297,7.8,3,0,115.79,5,0,0,0,23.9,23.88
153,Gardner Minshew,JAX,QB,5,HOU,31,49,63.3,301,6.1,2,0,94.01,4,18,4.5,0,23.8,23.84
154,Teddy Bridgewater,CAR,QB,5,ATL,27,36,75,313,8.7,2,0,119.33,3,3,1,0,23.8,23.82
155,Matt Ryan,ATL,QB,17,TB,29,44,65.9,265,6,2,0,97.25,3,1,0.3,1,23.7,23.7
156,Drew Brees,NO,QB,9,TB,26,32,81.2,222,6.9,4,0,135.16,2,-2,-1,0,23.7,23.68
157,Kirk Cousins,MIN,QB,16,NO,27,41,65.9,291,7.1,3,0,110.92,0,0,0,0,23.6,23.64
158,Matthew Stafford,DET,QB,17,MIN,20,31,64.5,293,9.5,3,1,114.05,2,9,4.5,0,23.6,23.62
159,Sam Darnold,NYJ,QB,4,DEN,23,42,54.8,230,5.5,0,0,70.54,6,84,14,1,23.6,23.6
160,Cam Newton,NE,QB,13,LAC,12,19,63.2,69,3.6,1,0,87.39,14,48,3.4,2,23.6,23.56
161,Aaron Rodgers,GB,QB,8,MIN,27,41,65.9,291,7.1,3,0,110.92,2,9,4.5,0,23.5,23.54
162,Jimmy Garoppolo,SF,QB,6,LAR,23,33,69.7,268,8.1,3,0,124.31,4,8,2,0,23.5,23.52
162,Drew Brees,NO,QB,3,GB,29,36,80.6,288,8,3,0,127.78,0,0,0,0,23.5,23.52
164,Aaron Rodgers,GB,QB,13,PHI,25,34,73.5,295,8.7,3,0,128.92,4,-3,-0.8,0,23.5,23.5
164,Carson Wentz,PHI,QB,3,CIN,29,47,61.7,225,4.8,1,2,62.81,9,65,7.2,1,23.5,23.5
166,Joe Burrow,CIN,QB,3,PHI,31,44,70.5,312,7.1,2,0,105.49,1,-1,-1,0,23.4,23.38
167,Matt Ryan,ATL,QB,9,DEN,25,35,71.4,284,8.1,3,1,112.08,3,10,3.3,0,23.4,23.36
168,Matthew Stafford,DET,QB,4,NO,17,31,54.8,206,6.6,3,1,94.29,3,21,7,0,23.3,23.34
169,Jalen Hurts,PHI,QB,14,NO,17,30,56.7,167,5.6,1,0,83.61,18,106,5.9,0,23.3,23.28
170,Justin Herbert,LAC,QB,8,DEN,29,43,67.4,278,6.5,3,2,89.1,3,21,7,0,23.2,23.22
171,Russell Wilson,SEA,QB,14,NYJ,21,27,77.8,206,7.6,4,1,122.61,1,-1,-1,0,23.1,23.14
172,Matthew Stafford,DET,QB,10,WAS,24,33,72.7,276,8.4,3,0,127.84,0,0,0,0,23,23.04
172,Sam Darnold,NYJ,QB,13,LV,14,23,60.9,186,8.1,2,1,97.37,3,26,8.7,1,23,23.04
174,Matt Ryan,ATL,QB,16,KC,27,35,77.1,300,8.6,2,0,121.13,1,-1,-1,0,22.9,22.9
175,Ryan Tannehill,TEN,QB,11,BAL,22,31,71,259,8.4,2,1,104.1,4,35,8.8,0,22.9,22.86
176,Kirk Cousins,MIN,QB,1,GB,19,25,76,259,10.4,2,1,118.58,4,34,8.5,0,22.8,22.76
177,Mason Rudolph,PIT,QB,17,CLE,22,39,56.4,315,8.1,2,1,89.16,1,1,1,0,22.7,22.7
178,Daniel Jones,NYG,QB,7,PHI,20,30,66.7,187,6.2,2,1,91.94,4,92,23,0,22.7,22.68
179,Derek Carr,LV,QB,2,NO,28,38,73.7,284,7.5,3,0,120.94,3,3,1,0,22.7,22.66
180,Derek Carr,LV,QB,11,KC,23,31,74.2,275,8.9,3,1,119.69,3,6,2,0,22.6,22.6
181,Lamar Jackson,BAL,QB,10,NE,24,34,70.6,249,7.3,2,1,98.77,11,55,5,0,22.5,22.46
181,Tom Brady,TB,QB,1,NO,23,36,63.9,239,6.6,2,2,78.36,3,9,3,1,22.5,22.46
183,Philip Rivers,IND,QB,11,GB,24,36,66.7,288,8,3,1,107.18,1,-1,-1,0,22.4,22.42
183,Carson Wentz,PHI,QB,4,SF,18,28,64.3,193,6.9,1,1,81.4,7,37,5.3,1,22.4,22.42
185,Lamar Jackson,BAL,QB,16,NYG,17,26,65.4,183,7,2,0,111.54,13,80,6.2,0,22.3,22.32
185,Patrick Mahomes,KC,QB,13,DEN,25,40,62.5,318,8,1,0,95.62,4,26,6.5,0,22.3,22.32
187,Philip Rivers,IND,QB,8,DET,23,33,69.7,262,7.9,3,0,123.55,2,-2,-1,0,22.3,22.28
188,Ben Roethlisberger,PIT,QB,2,DEN,29,41,70.7,311,7.6,2,1,98.73,3,-2,-0.7,0,22.2,22.24
189,Cam Newton,NE,QB,11,HOU,26,40,65,365,9.1,1,0,102.6,3,6,2,0,22.2,22.2
189,Ben Roethlisberger,PIT,QB,13,WAS,33,53,62.3,305,5.8,2,1,82.67,1,0,0,0,22.2,22.2
191,Daniel Jones,NYG,QB,10,PHI,21,28,75,244,8.7,0,0,100.89,9,64,7.1,1,22.2,22.16
192,Ben Roethlisberger,PIT,QB,1,NYG,21,32,65.6,229,7.2,3,0,117.84,3,9,3,0,22.1,22.06
193,Dwayne Haskins,WAS,QB,4,BAL,32,45,71.1,314,7,0,0,90.42,3,3,1,1,21.9,21.86
194,Deshaun Watson,HOU,QB,1,KC,20,32,62.5,253,7.9,1,1,84.51,6,27,4.5,1,21.8,21.82
195,Mitch Trubisky,CHI,QB,12,GB,26,46,56.5,242,5.3,3,2,74.73,3,10,3.3,0,21.7,21.68
196,Matt Ryan,ATL,QB,7,DET,31,42,73.8,338,8,1,0,105.06,0,0,0,0,21.5,21.52
197,Joe Flacco,NYJ,QB,9,NE,18,25,72,262,10.5,3,1,128.67,0,0,0,0,21.5,21.48
197,Justin Herbert,LAC,QB,10,MIA,20,32,62.5,187,5.8,2,1,86.33,4,10,2.5,1,21.5,21.48
199,Kirk Cousins,MIN,QB,3,TEN,16,27,59.3,251,9.3,3,2,96.37,2,14,7,0,21.4,21.44
200,Tua Tagovailoa,MIA,QB,9,ARI,20,28,71.4,248,8.9,2,0,122.32,7,35,5,0,21.4,21.42
201,Matthew Stafford,DET,QB,7,ATL,25,36,69.4,340,9.4,1,0,108.56,1,8,8,0,21.4,21.4
202,Ben Roethlisberger,PIT,QB,5,PHI,27,34,79.4,239,7,3,0,125.37,2,-2,-1,0,21.4,21.36
203,Tua Tagovailoa,MIA,QB,17,BUF,35,58,60.3,361,6.2,1,3,62.5,6,28,4.7,0,21.2,21.24
204,Baker Mayfield,CLE,QB,15,NYG,27,32,84.4,297,9.3,2,0,126.17,4,11,2.8,0,21,20.98
205,Gardner Minshew,JAX,QB,1,IND,19,20,95,173,8.6,3,0,142.29,5,19,3.8,0,20.8,20.82
205,Drew Lock,DEN,QB,8,LAC,26,41,63.4,248,6,3,1,94.36,2,-1,-0.5,0,20.8,20.82
207,Kirk Cousins,MIN,QB,9,DET,13,20,65,220,11,3,0,141.67,0,0,0,0,20.8,20.8
208,Nick Mullens,SF,QB,3,NYG,25,36,69.4,343,9.5,1,0,108.91,4,0,0,0,20.7,20.72
208,Joe Burrow,CIN,QB,6,IND,25,39,64.1,313,8,0,1,78.26,3,2,0.7,1,20.7,20.72
210,Patrick Mahomes,KC,QB,6,BUF,21,26,80.8,225,8.7,2,0,128.37,10,36,3.6,0,20.6,20.6
211,Cam Newton,NE,QB,6,DEN,17,25,68,157,6.3,0,2,51.58,10,76,7.6,1,20.5,20.48
212,Patrick Mahomes,KC,QB,1,HOU,24,32,75,211,6.6,3,0,123.31,0,0,0,0,20.4,20.44
212,Justin Herbert,LAC,QB,12,BUF,31,52,59.6,316,6.1,1,1,75.48,2,-2,-1,0,20.4,20.44
214,Teddy Bridgewater,CAR,QB,14,DEN,30,40,75,283,7.1,0,0,94.06,3,31,10.3,1,20.4,20.42
215,Josh Allen,BUF,QB,7,NYJ,30,43,69.8,307,7.1,0,0,89.97,11,61,5.5,0,20.4,20.38
216,Drew Brees,NO,QB,15,KC,15,34,44.1,234,6.9,3,1,84.68,0,0,0,0,20.4,20.36
217,Kirk Cousins,MIN,QB,15,CHI,24,35,68.6,271,7.7,2,1,98.63,3,25,8.3,0,20.3,20.34
218,Andy Dalton,DAL,QB,11,MIN,22,32,68.8,203,6.3,3,1,104.04,3,5,1.7,0,20.3,20.32
219,Kyler Murray,ARI,QB,11,SEA,29,42,69,269,6.4,2,0,102.18,5,15,3,0,20.3,20.26
219,Josh Allen,BUF,QB,17,MIA,18,25,72,224,9,3,1,122.33,2,3,1.5,0,20.3,20.26
219,Derek Carr,LV,QB,7,TB,24,36,66.7,284,7.9,2,1,97.45,2,19,9.5,0,20.3,20.26
222,Patrick Mahomes,KC,QB,4,NE,19,29,65.5,236,8.1,2,0,113.58,8,28,3.5,0,20.2,20.24
223,Patrick Mahomes,KC,QB,16,ATL,24,44,54.5,278,6.3,2,1,79.55,3,21,7,0,20.2,20.22
224,Gardner Minshew,JAX,QB,6,DET,25,44,56.8,243,5.5,1,1,70.55,3,14,4.7,1,20.1,20.12
225,Russell Wilson,SEA,QB,11,ARI,23,28,82.1,197,7,2,0,119.79,10,42,4.2,0,20.1,20.08
225,C.J. Beathard,SF,QB,16,ARI,13,22,59.1,182,8.3,3,0,125.38,3,18,6,0,20.1,20.08
227,Drew Brees,NO,QB,17,CAR,22,32,68.8,201,6.3,3,0,116.8,0,0,0,0,20,20.04
227,Teddy Bridgewater,CAR,QB,10,TB,18,24,75,136,5.7,2,1,98.61,3,16,5.3,1,20,20.04
229,Russell Wilson,SEA,QB,16,LAR,20,32,62.5,225,7,1,0,93.88,3,9,3,1,19.9,19.9
230,Philip Rivers,IND,QB,1,JAX,36,46,78.3,363,7.9,1,2,88.68,1,3,3,0,19.8,19.82
231,Carson Wentz,PHI,QB,12,SEA,25,45,55.6,215,4.8,2,1,73.84,5,42,8.4,0,19.8,19.8
232,Jeff Driskel,DEN,QB,2,PIT,18,34,52.9,256,7.5,2,1,84.93,2,5,2.5,0,19.7,19.74
233,Tua Tagovailoa,MIA,QB,15,NE,20,26,76.9,145,5.6,0,1,73.4,3,9,3,2,19.7,19.7
233,Justin Herbert,LAC,QB,3,CAR,35,49,71.4,330,6.7,1,1,87.97,3,15,5,0,19.7,19.7
235,Drew Brees,NO,QB,8,CHI,31,41,75.6,280,6.8,2,0,109.81,3,4,1.3,0,19.6,19.6
236,Carson Wentz,PHI,QB,5,PIT,20,35,57.1,258,7.4,2,2,75.65,4,11,2.8,0,19.4,19.42
237,Teddy Bridgewater,CAR,QB,1,LV,22,34,64.7,269,7.9,1,0,98.77,4,26,6.5,0,19.4,19.36
237,Ryan Tannehill,TEN,QB,1,DEN,29,43,67.4,249,5.8,2,0,97.92,3,14,4.7,0,19.4,19.36
237,Cam Newton,NE,QB,8,BUF,15,25,60,174,7,0,0,81.08,9,54,6,1,19.4,19.36
237,Daniel Jones,NYG,QB,1,PIT,26,41,63.4,279,6.8,2,2,79.22,4,22,5.5,0,19.4,19.36
241,Josh Allen,BUF,QB,14,PIT,24,43,55.8,238,5.5,2,1,77.47,6,28,4.7,0,19.3,19.32
241,Philip Rivers,IND,QB,10,TEN,29,39,74.4,308,7.9,1,0,105.5,0,0,0,0,19.3,19.32
243,Ryan Fitzpatrick,MIA,QB,12,NYJ,24,39,61.5,257,6.6,2,0,97.92,3,10,3.3,0,19.3,19.28
244,Jimmy Garoppolo,SF,QB,1,ARI,19,33,57.6,259,7.8,2,0,102.97,1,9,9,0,19.3,19.26
245,Philip Rivers,IND,QB,13,HOU,27,35,77.1,285,8.1,2,0,119.35,2,-2,-1,0,19.2,19.2
245,Aaron Rodgers,GB,QB,2,DET,18,30,60,240,8,2,0,107.64,2,12,6,0,19.2,19.2
247,Ben Roethlisberger,PIT,QB,3,HOU,23,36,63.9,237,6.6,2,0,101.27,5,-3,-0.6,0,19.2,19.18
248,Teddy Bridgewater,CAR,QB,7,NO,23,28,82.1,254,9.1,2,0,128.27,2,10,5,0,19.2,19.16
249,Ryan Tannehill,TEN,QB,12,IND,13,22,59.1,221,10,1,0,108.33,2,3,1.5,1,19.1,19.14
250,Joe Burrow,CIN,QB,4,JAX,25,36,69.4,300,8.3,1,1,92.36,4,11,2.8,0,19.1,19.1
251,Tom Brady,TB,QB,8,NYG,28,40,70,279,7,2,0,106.15,1,-1,-1,0,19.1,19.06
252,Gardner Minshew,JAX,QB,7,LAC,14,27,51.9,173,6.4,2,0,96.68,4,21,5.2,0,19,19.02
253,Alex Smith,WAS,QB,10,DET,38,55,69.1,390,7.1,0,0,89.2,2,4,2,0,19,19
254,Matt Ryan,ATL,QB,8,CAR,21,30,70,281,9.4,0,1,85.56,6,27,4.5,1,18.9,18.94
255,Joe Burrow,CIN,QB,8,TEN,26,37,70.3,249,6.7,2,0,106.7,3,9,3,0,18.9,18.86
256,Lamar Jackson,BAL,QB,8,PIT,13,28,46.4,208,7.4,2,2,65.77,16,65,4.1,0,18.8,18.82
257,Philip Rivers,IND,QB,12,TEN,24,42,57.1,295,7,2,1,84.92,0,0,0,0,18.8,18.8
258,Lamar Jackson,BAL,QB,9,IND,19,23,82.6,170,7.4,0,0,97.46,13,58,4.5,1,18.6,18.6
258,Andy Dalton,DAL,QB,13,BAL,31,48,64.6,285,5.9,2,1,85.85,1,2,2,0,18.6,18.6
260,Kirk Cousins,MIN,QB,10,CHI,25,36,69.4,292,8.1,2,1,100.69,1,-1,-1,0,18.6,18.58
261,Matthew Stafford,DET,QB,3,ARI,22,31,71,270,8.7,2,0,119.02,1,-3,-3,0,18.5,18.5
262,Drew Brees,NO,QB,2,LV,26,38,68.4,312,8.2,1,1,91.12,0,0,0,0,18.5,18.48
263,Kyler Murray,ARI,QB,14,NYG,24,35,68.6,244,7,1,0,97.8,13,47,3.6,0,18.5,18.46
264,Baker Mayfield,CLE,QB,12,JAX,19,29,65.5,258,8.9,2,0,116.74,4,1,0.2,0,18.4,18.42
264,Kyler Murray,ARI,QB,13,LAR,21,39,53.8,173,4.4,3,1,80.4,5,15,3,0,18.4,18.42
266,Ryan Tannehill,TEN,QB,16,GB,11,24,45.8,121,5,1,2,40.45,3,55,18.3,1,18.3,18.34
267,Aaron Rodgers,GB,QB,15,CAR,20,29,69,143,4.9,1,0,91.59,5,26,5.2,1,18.3,18.32
267,Ryan Tannehill,TEN,QB,8,CIN,18,30,60,233,7.8,2,1,92.78,2,20,10,0,18.3,18.32
267,Josh Allen,BUF,QB,5,TEN,26,41,63.4,263,6.4,2,2,77.59,4,18,4.5,0,18.3,18.32
270,Ryan Finley,CIN,QB,15,PIT,7,13,53.8,89,6.8,1,0,101.12,10,47,4.7,1,18.3,18.26
271,Daniel Jones,NYG,QB,8,TB,25,41,61,256,6.2,2,2,74.85,3,20,6.7,0,18.2,18.24
272,Nick Foles,CHI,QB,3,ATL,16,29,55.2,188,6.5,3,1,95.19,3,-3,-1,0,18.2,18.22
273,Russell Wilson,SEA,QB,17,SF,20,36,55.6,181,5,2,0,87.85,5,29,5.8,0,18.1,18.14
274,Kirk Cousins,MIN,QB,14,TB,24,37,64.9,225,6.1,1,0,90.48,5,41,8.2,0,18.1,18.1
275,Deshaun Watson,HOU,QB,3,PIT,19,27,70.4,264,9.8,2,1,110.73,1,5,5,0,18.1,18.06
276,Ryan Fitzpatrick,MIA,QB,6,NYJ,18,27,66.7,191,7.1,3,2,93.29,1,4,4,0,18,18.04
277,Mike Glennon,JAX,QB,12,CLE,20,35,57.1,235,6.7,2,0,96.73,2,6,3,0,18,18
277,Kyle Allen,WAS,QB,6,NYG,31,42,73.8,280,6.7,2,1,97.32,2,8,4,0,18,18
279,Teddy Bridgewater,CAR,QB,15,GB,21,35,60,258,7.4,0,0,82.8,4,26,6.5,1,17.9,17.92
280,Nick Foles,CHI,QB,8,NO,28,41,68.3,272,6.6,2,1,92.73,0,0,0,0,17.9,17.88
281,Philip Rivers,IND,QB,14,LV,19,28,67.9,244,8.7,2,0,118.75,0,0,0,0,17.8,17.76
282,Ben Roethlisberger,PIT,QB,11,JAX,32,46,69.6,267,5.8,2,1,89.67,0,0,0,0,17.7,17.68
283,Dak Prescott,DAL,QB,1,LAR,25,39,64.1,266,6.8,1,0,92.47,3,30,10,0,17.6,17.64
283,Mike Glennon,JAX,QB,17,IND,26,42,61.9,261,6.2,2,0,95.44,1,2,2,0,17.6,17.64
285,Baker Mayfield,CLE,QB,5,IND,21,37,56.8,247,6.7,2,2,72.69,2,17,8.5,0,17.6,17.58
286,Lamar Jackson,BAL,QB,2,HOU,18,24,75,204,8.5,1,0,113.89,16,54,3.4,0,17.6,17.56
287,Lamar Jackson,BAL,QB,11,TEN,17,29,58.6,186,6.4,1,1,74.78,13,51,3.9,0,17.5,17.54
288,Nick Mullens,SF,QB,8,SEA,18,25,72,238,9.5,2,0,128.42,0,0,0,0,17.5,17.52
289,Josh Allen,BUF,QB,12,LAC,18,24,75,157,6.5,1,1,88.37,9,32,3.6,1,17.5,17.48
290,Derek Carr,LV,QB,3,NE,24,32,75,261,8.2,2,0,119.4,2,10,5,0,17.4,17.44
291,Nick Foles,CHI,QB,6,CAR,23,39,59,198,5.1,1,1,70.25,5,4,0.8,1,17.3,17.32
291,Joe Burrow,CIN,QB,1,LAC,23,36,63.9,193,5.4,0,1,66.09,8,46,5.8,1,17.3,17.32
293,Ryan Tannehill,TEN,QB,7,PIT,18,30,60,220,7.3,2,0,104.86,2,5,2.5,0,17.3,17.3
294,Jalen Hurts,PHI,QB,17,WAS,7,20,35,72,3.6,0,1,25.42,8,34,4.2,2,17.3,17.28
295,Jared Goff,LAR,QB,8,MIA,35,61,57.4,355,5.8,1,2,65.95,0,0,0,0,17.2,17.2
296,Matthew Stafford,DET,QB,1,CHI,24,42,57.1,297,7.1,1,1,77.18,5,23,4.6,0,17.2,17.18
297,Andy Dalton,DAL,QB,15,SF,19,33,57.6,209,6.3,2,0,96.65,2,8,4,0,17.2,17.16
297,Matthew Stafford,DET,QB,2,GB,20,33,60.6,244,7.4,2,1,90.97,1,4,4,0,17.2,17.16
299,Matthew Stafford,DET,QB,12,HOU,28,42,66.7,295,7,1,1,84.92,1,3,3,0,17.1,17.1
300,Philip Rivers,IND,QB,15,HOU,22,28,78.6,228,8.1,2,0,124.4,1,-1,-1,0,17,17.02
300,Russell Wilson,SEA,QB,13,NYG,27,43,62.8,263,6.1,1,1,77.96,7,45,6.4,0,17,17.02
302,Sam Darnold,NYJ,QB,16,CLE,16,32,50,175,5.5,2,0,87.37,7,20,2.9,0,17,17
302,Alex Smith,WAS,QB,9,NYG,24,32,75,325,10.2,1,3,78.26,0,0,0,0,17,17
304,Gardner Minshew,JAX,QB,15,BAL,22,29,75.9,226,7.8,2,0,120.76,2,9,4.5,0,16.9,16.94
305,Jared Goff,LAR,QB,7,CHI,23,33,69.7,220,6.7,2,0,108.14,4,1,0.2,0,16.9,16.9
306,Kyle Allen,WAS,QB,7,DAL,15,25,60,194,7.8,2,0,111.08,4,11,2.8,0,16.9,16.86
306,Daniel Jones,NYG,QB,17,DAL,17,25,68,229,9.2,2,1,106.92,9,17,1.9,0,16.9,16.86
308,Cam Newton,NE,QB,10,BAL,13,17,76.5,118,6.9,1,0,114.34,11,21,1.9,1,16.8,16.82
309,Ryan Tannehill,TEN,QB,3,MIN,23,37,62.2,321,8.7,0,1,78.77,4,9,2.2,0,16.7,16.74
310,Chad Henne,KC,QB,17,LAC,23,32,71.9,218,6.8,2,0,111.2,2,0,0,0,16.7,16.72
310,Justin Herbert,LAC,QB,16,DEN,21,33,63.6,253,7.7,1,0,97.16,4,26,6.5,0,16.7,16.72
310,Justin Herbert,LAC,QB,14,ATL,36,44,81.8,243,5.5,2,1,95.36,0,0,0,0,16.7,16.72
313,Dwayne Haskins,WAS,QB,15,SEA,38,55,69.1,295,5.4,1,2,72.92,3,28,9.3,0,16.6,16.6
314,Deshaun Watson,HOU,QB,14,CHI,21,30,70,219,7.3,1,0,101.94,7,38,5.4,0,16.6,16.56
315,Drew Brees,NO,QB,4,DET,19,25,76,246,9.8,2,1,116.42,3,-3,-1,0,16.5,16.54
316,Ryan Tannehill,TEN,QB,14,JAX,19,24,79.2,212,8.8,2,0,131.25,0,0,0,0,16.5,16.48
317,Carson Wentz,PHI,QB,11,CLE,21,35,60,235,6.7,2,2,75.3,3,10,3.3,0,16.4,16.4
318,Kyler Murray,ARI,QB,16,SF,31,50,62,247,4.9,0,1,66,8,75,9.4,0,16.4,16.38
319,Baker Mayfield,CLE,QB,2,CIN,16,23,69.6,219,9.5,2,1,110.6,3,5,1.7,0,16.3,16.26
319,Jared Goff,LAR,QB,15,NYJ,22,34,64.7,209,6.1,2,1,88.97,1,9,9,0,16.3,16.26
321,Baker Mayfield,CLE,QB,17,PIT,17,27,63,196,7.3,1,0,97.15,6,44,7.3,0,16.2,16.24
322,Kirk Cousins,MIN,QB,5,SEA,27,39,69.2,249,6.4,2,1,92.79,1,2,2,0,16.2,16.16
323,Tua Tagovailoa,MIA,QB,13,CIN,26,39,66.7,296,7.6,1,0,97.81,3,3,1,0,16.1,16.14
324,Josh Allen,BUF,QB,6,KC,14,27,51.9,122,4.5,2,1,73.38,8,42,5.2,0,16.1,16.08
325,Drew Lock,DEN,QB,16,LAC,24,47,51.1,264,5.6,0,2,50.31,5,15,3,1,16.1,16.06
326,Carson Wentz,PHI,QB,1,WAS,24,42,57.1,270,6.4,2,2,72.52,1,2,2,0,16,16
327,Jared Goff,LAR,QB,6,SF,19,38,50,198,5.2,2,1,72.04,1,10,10,0,15.9,15.92
328,Alex Smith,WAS,QB,13,PIT,31,46,67.4,296,6.4,1,0,92.3,0,0,0,0,15.8,15.84
329,Deshaun Watson,HOU,QB,2,BAL,25,36,69.4,275,7.6,1,1,89.47,5,17,3.4,0,15.7,15.7
330,Tom Brady,TB,QB,14,MIN,15,23,65.2,196,8.5,2,0,120.92,3,-2,-0.7,0,15.6,15.64
331,Ben Roethlisberger,PIT,QB,7,TEN,32,49,65.3,268,5.5,2,3,67.39,1,-1,-1,0,15.6,15.62
332,Jared Goff,LAR,QB,14,NE,16,25,64,137,5.5,1,1,74.92,4,11,2.8,1,15.6,15.58
333,Garrett Gilbert,DAL,QB,9,PIT,21,38,55.3,243,6.4,1,1,72.59,3,28,9.3,0,15.5,15.52
334,Ben Roethlisberger,PIT,QB,14,BUF,21,37,56.8,187,5.1,2,2,65.93,0,0,0,0,15.5,15.48
335,Joe Flacco,NYJ,QB,11,LAC,15,30,50,205,6.8,2,1,80.56,1,2,2,0,15.4,15.4
336,Andy Dalton,DAL,QB,14,CIN,16,23,69.6,185,8,2,0,122.55,1,-1,-1,0,15.3,15.3
337,Ben Roethlisberger,PIT,QB,8,BAL,21,32,65.6,182,5.7,2,0,101.3,0,0,0,0,15.3,15.28
337,Matthew Stafford,DET,QB,15,TEN,22,32,68.8,252,7.9,1,0,102.6,2,12,6,0,15.3,15.28
339,Blaine Gabbert,TB,QB,16,DET,9,15,60,143,9.5,2,0,131.39,2,15,7.5,0,15.2,15.22
340,Baker Mayfield,CLE,QB,4,DAL,19,30,63.3,165,5.5,2,0,100,3,6,2,0,15.2,15.2
340,Mitch Trubisky,CHI,QB,2,NYG,18,28,64.3,190,6.8,2,2,77.98,4,16,4,0,15.2,15.2
342,Lamar Jackson,BAL,QB,3,KC,15,28,53.6,97,3.5,1,0,73.07,9,83,9.2,0,15.2,15.18
343,Mike Glennon,JAX,QB,13,MIN,28,42,66.7,280,6.7,1,2,73.51,3,9,3,0,15.1,15.1
344,Derek Carr,LV,QB,9,LAC,13,23,56.5,165,7.2,2,0,108.06,2,14,7,0,15,15
345,Drew Lock,DEN,QB,7,KC,24,40,60,254,6.4,0,2,57.71,3,8,2.7,1,15,14.96
346,C.J. Beathard,SF,QB,17,SEA,25,37,67.6,273,7.4,1,0,98.14,3,10,3.3,0,14.9,14.92
347,Kirk Cousins,MIN,QB,4,HOU,16,22,72.7,260,11.8,1,0,127.08,4,5,1.2,0,14.9,14.9
347,Matt Ryan,ATL,QB,12,LV,22,39,56.4,185,4.7,2,1,75.27,1,5,5,0,14.9,14.9
349,Daniel Jones,NYG,QB,6,WAS,12,19,63.2,112,5.9,1,1,74.89,7,74,10.6,0,14.9,14.88
349,Teddy Bridgewater,CAR,QB,12,MIN,19,36,52.8,267,7.4,1,1,74.65,2,12,6,0,14.9,14.88
351,Teddy Bridgewater,CAR,QB,2,TB,33,42,78.6,367,8.7,0,2,83.23,0,0,0,0,14.7,14.68
352,Tua Tagovailoa,MIA,QB,10,LAC,15,25,60,169,6.8,2,0,106.92,6,-1,-0.2,0,14.7,14.66
353,Tom Brady,TB,QB,6,GB,17,27,63,166,6.1,2,0,104.86,0,0,0,0,14.6,14.64
353,Tom Brady,TB,QB,11,LAR,26,48,54.2,216,4.5,2,2,62.5,0,0,0,0,14.6,14.64
355,Ryan Tannehill,TEN,QB,9,CHI,10,21,47.6,158,7.5,2,0,104.86,3,3,1,0,14.6,14.62
356,Teddy Bridgewater,CAR,QB,3,LAC,22,28,78.6,235,8.4,1,0,113.54,2,12,6,0,14.6,14.6
357,Lamar Jackson,BAL,QB,5,CIN,19,37,51.4,180,4.9,2,1,71.9,2,3,1.5,0,14.5,14.5
358,Mitch Trubisky,CHI,QB,15,MIN,15,21,71.4,202,9.6,1,1,97.72,8,34,4.2,0,14.5,14.48
358,Jared Goff,LAR,QB,10,SEA,27,37,73,302,8.2,0,0,96.9,5,4,0.8,0,14.5,14.48
360,Nick Mullens,SF,QB,15,DAL,21,36,58.3,219,6.1,2,2,71.41,1,7,7,0,14.5,14.46
361,Mike Glennon,JAX,QB,16,CHI,24,37,64.9,211,5.7,2,2,75.39,0,0,0,0,14.4,14.44
361,Dak Prescott,DAL,QB,5,NYG,14,21,66.7,166,7.9,0,1,70.73,2,7,3.5,0,14.4,14.44
363,Drew Brees,NO,QB,1,TB,18,30,60,160,5.3,2,0,96.53,2,0,0,0,14.4,14.4
363,Russell Wilson,SEA,QB,12,PHI,22,31,71,230,7.4,1,0,102.89,6,12,2,0,14.4,14.4
363,Nick Mullens,SF,QB,14,WAS,25,45,55.6,260,5.8,1,1,70.6,0,0,0,0,14.4,14.4
366,Daniel Jones,NYG,QB,16,BAL,24,41,58.5,252,6.1,1,0,84.6,1,3,3,0,14.4,14.38
366,Carson Wentz,PHI,QB,2,LAR,26,43,60.5,242,5.6,0,2,56.54,2,7,3.5,1,14.4,14.38
368,Matthew Stafford,DET,QB,14,GB,24,34,70.6,244,7.2,1,0,100.61,1,6,6,0,14.4,14.36
369,Baker Mayfield,CLE,QB,3,WAS,16,23,69.6,156,6.8,2,0,117.3,1,1,1,0,14.3,14.34
370,Mitch Trubisky,CHI,QB,13,DET,26,34,76.5,267,7.9,1,0,108.33,3,6,2,0,14.3,14.28
371,Brett Rypien,DEN,QB,4,NYJ,19,31,61.3,242,7.8,2,3,67.61,5,-5,-1,0,14.2,14.18
372,Tom Brady,TB,QB,5,CHI,25,41,61,253,6.2,1,0,86.74,3,0,0,0,14.1,14.12
372,Deshaun Watson,HOU,QB,10,CLE,20,30,66.7,163,5.4,1,0,91.39,8,36,4.5,0,14.1,14.12
374,Sam Darnold,NYJ,QB,15,LAR,22,31,71,207,6.7,1,0,99.8,5,18,3.6,0,14.1,14.08
375,Matt Ryan,ATL,QB,13,NO,19,39,48.7,273,7,1,0,80.4,0,0,0,0,13.9,13.92
376,Brandon Allen,CIN,QB,14,DAL,27,36,75,217,6,1,0,98.96,4,12,3,0,13.9,13.88
377,John Wolford,LAR,QB,17,ARI,22,38,57.9,231,6.1,0,1,64.69,6,56,9.3,0,13.8,13.84
378,Joe Flacco,NYJ,QB,5,ARI,18,33,54.5,195,5.9,1,0,82.26,4,20,5,0,13.8,13.8
379,Nick Mullens,SF,QB,9,GB,22,35,62.9,291,8.3,1,1,86.73,1,0,0,0,13.6,13.64
380,Derek Carr,LV,QB,1,CAR,22,30,73.3,239,8,1,0,107.5,0,0,0,0,13.6,13.56
380,Andy Dalton,DAL,QB,17,NYG,29,47,61.7,244,5.2,0,1,66.27,7,48,6.9,0,13.6,13.56
382,Ben Roethlisberger,PIT,QB,12,BAL,36,51,70.6,266,5.2,1,1,81,1,-1,-1,0,13.5,13.54
383,Josh Allen,BUF,QB,8,NE,11,18,61.1,154,8.6,0,1,65.51,10,23,2.3,1,13.5,13.46
384,Gardner Minshew,JAX,QB,14,TEN,18,31,58.1,178,5.7,1,0,85.15,2,22,11,0,13.3,13.32
384,Matthew Stafford,DET,QB,6,JAX,19,31,61.3,223,7.2,1,1,80.44,5,14,2.8,0,13.3,13.32
386,Andy Dalton,DAL,QB,12,WAS,25,35,71.4,215,6.1,1,1,84.82,3,17,5.7,0,13.3,13.3
387,Jimmy Garoppolo,SF,QB,2,NYJ,14,16,87.5,131,8.2,2,0,140.36,0,0,0,0,13.2,13.24
388,Dwayne Haskins,WAS,QB,3,CLE,21,37,56.8,224,6.1,2,3,58.84,2,2,1,0,13.2,13.16
389,Drew Lock,DEN,QB,1,TEN,22,33,66.7,216,6.5,1,0,95.01,3,5,1.7,0,13.1,13.14
389,Drew Brees,NO,QB,16,MIN,19,26,73.1,311,12,0,2,80.77,3,-3,-1,0,13.1,13.14
391,Teddy Bridgewater,CAR,QB,8,ATL,15,23,65.2,176,7.7,1,1,84.69,5,30,6,0,13,13.04
391,Russell Wilson,SEA,QB,15,WAS,18,27,66.7,121,4.5,1,1,73.23,6,52,8.7,0,13,13.04
391,Andy Dalton,DAL,QB,6,ARI,34,54,63,266,4.9,1,2,65.82,2,4,2,0,13,13.04
394,Sam Darnold,NYJ,QB,17,NE,23,34,67.6,266,7.8,1,2,76.35,1,3,3,0,12.9,12.94
394,Drew Lock,DEN,QB,13,KC,15,28,53.6,151,5.4,2,2,63.24,2,9,4.5,0,12.9,12.94
396,Russell Wilson,SEA,QB,10,LAR,22,37,59.5,248,6.7,0,2,57.04,8,60,7.5,0,12.9,12.92
397,Daniel Jones,NYG,QB,9,WAS,23,34,67.6,212,6.2,1,0,94.24,6,4,0.7,0,12.9,12.88
398,Nick Foles,CHI,QB,4,IND,26,42,61.9,249,5.9,1,1,76.39,2,-1,-0.5,0,12.9,12.86
399,Dwayne Haskins,WAS,QB,1,PHI,17,31,54.8,178,5.7,1,0,82.46,7,17,2.4,0,12.8,12.82
400,Philip Rivers,IND,QB,16,PIT,21,34,61.8,270,7.9,1,1,84.19,0,0,0,0,12.8,12.8
401,Dwayne Haskins,WAS,QB,2,ARI,19,33,57.6,223,6.8,1,0,88.32,1,8,8,0,12.7,12.72
402,Philip Rivers,IND,QB,3,NYJ,17,21,81,217,10.3,1,0,125.6,0,0,0,0,12.7,12.68
403,Nick Foles,CHI,QB,5,TB,30,42,71.4,243,5.8,1,1,83.73,1,-1,-1,0,12.6,12.62
403,Mitch Trubisky,CHI,QB,3,ATL,13,22,59.1,128,5.8,1,1,71.78,1,45,45,0,12.6,12.62
403,Carson Wentz,PHI,QB,8,DAL,15,27,55.6,123,4.6,2,2,61.19,4,17,4.2,0,12.6,12.62
406,Derek Carr,LV,QB,8,CLE,15,24,62.5,111,4.6,1,0,87.33,6,41,6.8,0,12.5,12.54
407,Joe Burrow,CIN,QB,10,PIT,21,40,52.5,213,5.3,1,0,76.35,0,0,0,0,12.5,12.52
408,Alex Smith,WAS,QB,17,PHI,22,32,68.8,162,5.1,2,2,75.26,1,0,0,0,12.5,12.48
409,Matt Ryan,ATL,QB,3,CHI,19,38,50,238,6.3,1,1,67.65,1,-1,-1,0,12.4,12.42
410,Matt Ryan,ATL,QB,4,GB,28,39,71.8,285,7.3,0,0,92.36,2,10,5,0,12.4,12.4
411,Joe Burrow,CIN,QB,11,WAS,22,34,64.7,203,6,1,0,90.69,2,12,6,0,12.3,12.32
412,Jacoby Brissett,IND,QB,12,TEN,0,2,0,0,0,0,0,39.58,4,3,0.8,2,12.3,12.3
413,Sam Darnold,NYJ,QB,1,BUF,21,35,60,215,6.1,1,1,75.3,1,6,6,0,12.2,12.2
414,Cam Newton,NE,QB,3,LV,17,28,60.7,162,5.8,1,1,73.81,9,27,3,0,12.2,12.18
414,Nick Mullens,SF,QB,10,NO,24,38,63.2,247,6.5,1,2,68.64,1,3,3,0,12.2,12.18
416,Cam Newton,NE,QB,15,MIA,17,27,63,209,7.7,0,0,86.81,9,38,4.2,0,12.2,12.16
417,PJ Walker,CAR,QB,11,DET,24,34,70.6,258,7.6,1,2,77.82,5,-2,-0.4,0,12.1,12.12
418,Drew Lock,DEN,QB,11,MIA,18,30,60,270,9,0,1,75.69,2,23,11.5,0,12.1,12.1
419,Patrick Mahomes,KC,QB,7,DEN,15,23,65.2,200,8.7,1,0,107.16,0,0,0,0,12,12
420,Drew Lock,DEN,QB,15,BUF,20,32,62.5,132,4.1,1,0,81.77,5,37,7.4,0,12,11.98
421,Sam Darnold,NYJ,QB,2,SF,21,32,65.6,179,5.6,1,0,90.49,2,7,3.5,0,11.9,11.86
421,Philip Rivers,IND,QB,2,MIN,19,25,76,214,8.6,1,1,97.75,4,3,0.8,0,11.9,11.86
423,Jared Goff,LAR,QB,4,NYG,25,32,78.1,200,6.2,1,0,103.12,3,-3,-1,0,11.7,11.7
424,Taylor Heinicke,WAS,QB,16,CAR,12,19,63.2,137,7.2,1,0,102.3,3,22,7.3,0,11.7,11.68
425,Jared Goff,LAR,QB,1,DAL,20,31,64.5,275,8.9,0,1,79.37,4,15,3.8,0,11.5,11.5
426,Jeff Driskel,DEN,QB,3,TB,17,30,56.7,176,5.9,1,1,70.97,3,14,4.7,0,11.4,11.44
426,Teddy Bridgewater,CAR,QB,6,CHI,16,29,55.2,216,7.4,0,2,50.36,8,48,6,0,11.4,11.44
428,Philip Rivers,IND,QB,17,JAX,17,27,63,164,6.1,1,1,76.77,2,-2,-1,0,11.4,11.36
429,Ryan Fitzpatrick,MIA,QB,16,LV,9,13,69.2,182,14,1,0,137.5,0,0,0,0,11.3,11.28
429,Mitch Trubisky,CHI,QB,17,GB,33,42,78.6,252,6,0,1,81.75,4,22,5.5,0,11.3,11.28
431,Philip Rivers,IND,QB,4,CHI,16,29,55.2,190,6.6,1,0,86.85,3,-4,-1.3,0,11.2,11.2
431,Gardner Minshew,JAX,QB,3,MIA,30,42,71.4,275,6.5,0,1,78.97,3,22,7.3,0,11.2,11.2
433,Daniel Jones,NYG,QB,4,LAR,23,36,63.9,190,5.3,0,1,65.74,6,45,7.5,0,11.1,11.1
434,Ben Roethlisberger,PIT,QB,6,CLE,14,22,63.6,162,7.4,1,0,100.95,3,5,1.7,0,11,10.98
434,Drew Lock,DEN,QB,10,LV,23,47,48.9,257,5.5,1,4,37.28,2,7,3.5,0,11,10.98
436,Baker Mayfield,CLE,QB,1,BAL,21,39,53.8,189,4.8,1,1,65.01,2,3,1.5,0,10.9,10.86
437,Ryan Tannehill,TEN,QB,10,IND,15,27,55.6,147,5.4,1,0,83.41,2,9,4.5,0,10.8,10.78
438,Tom Brady,TB,QB,2,CAR,23,35,65.7,217,6.2,1,1,80.3,1,0,0,0,10.7,10.68
439,Jared Goff,LAR,QB,16,SEA,24,43,55.8,234,5.4,0,1,61.58,7,23,3.3,0,10.7,10.66
440,Teddy Bridgewater,CAR,QB,16,WAS,19,28,67.9,197,7,1,1,84.97,6,7,1.2,0,10.6,10.58
441,Matthew Stafford,DET,QB,9,MIN,23,32,71.9,211,6.6,1,2,73.83,0,0,0,0,10.4,10.44
442,Daniel Jones,NYG,QB,12,CIN,16,27,59.3,213,7.9,0,0,84.34,6,19,3.2,0,10.4,10.42
443,Kirk Cousins,MIN,QB,8,GB,11,14,78.6,160,11.4,1,0,138.1,0,0,0,0,10.4,10.4
444,Jalen Hurts,PHI,QB,13,GB,5,12,41.7,109,9.1,1,1,67.71,5,29,5.8,0,10.3,10.26
444,Matt Ryan,ATL,QB,14,LAC,21,32,65.6,224,7,1,3,57.29,1,3,3,0,10.3,10.26
446,Daniel Jones,NYG,QB,3,SF,17,32,53.1,179,5.6,0,1,56.64,5,49,9.8,0,10.1,10.06
447,Baker Mayfield,CLE,QB,16,NYJ,28,53,52.8,285,5.4,0,0,68.51,3,6,2,0,10,10
448,Cam Newton,NE,QB,16,BUF,5,10,50,34,3.4,0,0,57.92,4,24,6,1,9.8,9.76
448,Jake Luton,JAX,QB,10,GB,18,35,51.4,169,4.8,1,1,62.68,0,0,0,0,9.8,9.76
450,Daniel Jones,NYG,QB,2,CHI,25,40,62.5,241,6,0,1,68.85,3,21,7,0,9.7,9.74
451,Sam Darnold,NYJ,QB,3,IND,17,29,58.6,168,5.8,1,3,46.98,5,20,4,0,9.7,9.72
452,Kyle Allen,WAS,QB,5,LAR,9,13,69.2,74,5.7,0,0,83.49,1,7,7,1,9.7,9.66
453,Jimmy Garoppolo,SF,QB,7,NE,20,25,80,277,11.1,0,2,79.5,1,4,4,0,9.5,9.48
454,Brandon Allen,CIN,QB,13,MIA,11,19,57.9,153,8.1,1,1,79.5,2,3,1.5,0,9.4,9.42
455,Colt McCoy,NYG,QB,13,SEA,13,22,59.1,105,4.8,1,1,67.42,2,2,1,0,9.4,9.4
456,Alex Smith,WAS,QB,11,CIN,17,25,68,166,6.6,1,1,83.08,3,-3,-1,0,9.3,9.34
457,Matt Barkley,BUF,QB,17,MIA,6,13,46.2,164,12.6,1,1,86.22,3,-3,-1,0,9.3,9.26
458,Daniel Jones,NYG,QB,5,DAL,20,33,60.6,222,6.7,0,0,80.62,2,-7,-3.5,0,9.2,9.18
459,Colt McCoy,NYG,QB,15,CLE,19,31,61.3,221,7.1,0,0,82.86,2,3,1.5,0,9.1,9.14
460,Nick Mullens,SF,QB,12,LAR,24,35,68.6,252,7.2,0,1,77.32,0,0,0,0,9.1,9.08
461,Alex Smith,WAS,QB,12,DAL,19,26,73.1,149,5.7,1,1,83.65,3,1,0.3,0,9.1,9.06
462,Tyrod Taylor,LAC,QB,1,CIN,16,30,53.3,208,6.9,0,0,75.42,6,7,1.2,0,9,9.02
463,Nick Mullens,SF,QB,4,PHI,18,26,69.2,200,7.7,1,2,72.6,0,0,0,0,9,9
464,Kyler Murray,ARI,QB,12,NE,23,34,67.6,170,5,0,1,67.03,5,31,6.2,0,8.9,8.9
465,Tua Tagovailoa,MIA,QB,16,LV,17,22,77.3,94,4.3,1,0,99.43,3,11,3.7,0,8.9,8.86
466,Carson Wentz,PHI,QB,10,NYG,21,37,56.8,208,5.6,0,0,72.8,2,4,2,0,8.7,8.72
467,Ben Roethlisberger,PIT,QB,15,CIN,20,38,52.6,170,4.5,1,1,62.39,2,-1,-0.5,0,8.7,8.7
468,Trace McSorley,BAL,QB,12,PIT,2,6,33.3,77,12.8,1,0,121.53,3,16,5.3,0,8.7,8.68
469,Nick Foles,CHI,QB,7,LAR,28,40,70,261,6.5,0,2,66.77,0,0,0,0,8.4,8.44
469,Ryan Fitzpatrick,MIA,QB,1,NE,20,30,66.7,191,6.4,0,3,44.58,5,18,3.6,0,8.4,8.44
471,Chris Streveler,ARI,QB,17,LAR,11,16,68.8,105,6.6,1,1,81.51,3,12,4,0,8.4,8.4
472,Brandon Allen,CIN,QB,12,NYG,17,29,58.6,136,4.7,1,1,67.6,4,7,1.8,0,8.1,8.14
473,Philip Rivers,IND,QB,9,BAL,25,43,58.1,227,5.3,0,1,62.84,0,0,0,0,8.1,8.08
474,Baker Mayfield,CLE,QB,11,PHI,12,22,54.5,204,9.3,0,0,86.17,6,9,1.5,0,8.1,8.06
475,C.J. Beathard,SF,QB,15,DAL,5,7,71.4,100,14.3,1,0,153.27,0,0,0,0,8,8
476,Matt Ryan,ATL,QB,5,CAR,21,37,56.8,226,6.1,0,1,63.57,1,-1,-1,0,7.9,7.94
477,Baker Mayfield,CLE,QB,8,LV,12,25,48,122,4.9,0,0,62.42,6,29,4.8,0,7.8,7.78
478,Matthew Stafford,DET,QB,11,CAR,18,33,54.5,178,5.4,0,0,70.01,4,5,1.2,0,7.6,7.62
478,Philip Rivers,IND,QB,5,CLE,21,33,63.6,243,7.4,0,2,60.54,1,-1,-1,0,7.6,7.62
480,Sam Darnold,NYJ,QB,8,KC,18,30,60,133,4.4,0,0,70.56,4,21,5.2,0,7.4,7.42
481,Ben DiNucci,DAL,QB,8,PHI,21,40,52.5,180,4.5,0,0,64.58,5,22,4.4,0,7.4,7.4
482,Tua Tagovailoa,MIA,QB,11,DEN,11,20,55,83,4.2,1,0,81.88,0,0,0,0,7.3,7.32
483,Matt Ryan,ATL,QB,11,NO,19,37,51.4,232,6.3,0,2,48.48,0,0,0,0,7.3,7.28
484,Chase Daniel,DET,QB,9,MIN,8,13,61.5,94,7.2,1,1,77.08,1,5,5,0,7.3,7.26
484,Baker Mayfield,CLE,QB,6,PIT,10,18,55.6,119,6.6,1,2,54.86,1,5,5,0,7.3,7.26
486,Derek Carr,LV,QB,10,DEN,16,25,64,154,6.2,0,0,81.08,4,10,2.5,0,7.2,7.16
487,Drew Brees,NO,QB,10,SF,8,13,61.5,76,5.8,1,0,103.37,1,-1,-1,0,6.9,6.94
488,Sam Darnold,NYJ,QB,12,MIA,16,27,59.3,197,7.3,0,2,51,2,9,4.5,0,6.8,6.78
489,C.J. Beathard,SF,QB,5,MIA,9,18,50,94,5.2,1,0,84.03,0,0,0,0,6.8,6.76
490,Tua Tagovailoa,MIA,QB,8,LAR,12,22,54.5,93,4.2,1,0,80.3,2,0,0,0,6.7,6.72
491,Joe Flacco,NYJ,QB,6,MIA,21,44,47.7,186,4.2,0,1,50,1,0,0,0,6.4,6.44
492,Justin Herbert,LAC,QB,13,NE,26,53,49.1,209,3.9,0,2,43.67,0,0,0,0,6.4,6.36
493,Chad Henne,KC,QB,7,DEN,2,2,100,13,6.5,0,0,93.75,4,-2,-0.5,1,6.3,6.32
493,Joe Burrow,CIN,QB,5,BAL,19,30,63.3,183,6.1,0,1,66.39,3,10,3.3,0,6.3,6.32
495,Jarrett Stidham,NE,QB,13,LAC,2,3,66.7,61,20.3,1,0,149.31,2,-2,-1,0,6.2,6.24
496,Jacoby Brissett,IND,QB,10,TEN,0,0,0,0,0,0,0,0,1,2,2,1,6.2,6.2
497,Robert Griffin III,BAL,QB,12,PIT,7,12,58.3,33,2.8,0,1,28.47,7,68,9.7,0,6.1,6.12
498,Jared Goff,LAR,QB,12,SF,19,31,61.3,198,6.4,0,2,52.89,5,11,2.2,0,6,6.02
499,Cam Newton,NE,QB,12,ARI,9,18,50,84,4.7,0,2,23.61,9,46,5.1,0,6,5.96
500,Aaron Rodgers,GB,QB,6,TB,16,35,45.7,160,4.6,0,2,35.42,2,14,7,0,5.8,5.8
501,Teddy Bridgewater,CAR,QB,17,NO,13,23,56.5,176,7.7,0,2,44.84,3,7,2.3,0,5.7,5.74
502,Sam Darnold,NYJ,QB,14,SEA,14,26,53.8,132,5.1,0,0,68.11,1,3,3,0,5.6,5.58
503,C.J. Beathard,SF,QB,4,PHI,14,19,73.7,138,7.3,0,0,93.75,0,0,0,0,5.5,5.52
504,Drew Lock,DEN,QB,6,NE,10,24,41.7,189,7.9,0,2,34.9,5,-1,-0.2,0,5.5,5.46
505,Baker Mayfield,CLE,QB,10,HOU,12,20,60,132,6.6,0,0,79.58,3,1,0.3,0,5.4,5.38
506,Cam Newton,NE,QB,14,LAR,9,16,56.2,119,7.4,0,1,53.91,7,16,2.3,0,5.4,5.36
506,Tom Brady,TB,QB,9,NO,22,38,57.9,209,5.5,0,3,40.35,0,0,0,0,5.4,5.36
508,Carson Wentz,PHI,QB,13,GB,6,15,40,79,5.3,0,0,57.36,3,18,6,0,5,4.96
509,Jarrett Stidham,NE,QB,4,KC,5,13,38.5,60,4.6,1,2,39.42,2,3,1.5,0,4.7,4.7
510,Derek Carr,LV,QB,12,ATL,22,34,64.7,215,6.3,0,1,70.1,0,0,0,0,4.6,4.6
511,Ryan Fitzpatrick,MIA,QB,11,DEN,12,18,66.7,117,6.5,0,1,61.57,2,6,3,0,4.3,4.28
512,Daniel Jones,NYG,QB,14,ARI,11,21,52.4,127,6,0,0,70.93,0,0,0,0,4.1,4.08
513,Brian Hoyer,NE,QB,4,KC,15,24,62.5,130,5.4,0,1,59.37,1,8,8,0,4,4
514,Kyler Murray,ARI,QB,17,LAR,8,11,72.7,87,7.9,0,0,95.64,2,3,1.5,0,3.8,3.78
515,Jalen Hurts,PHI,QB,6,BAL,0,0,0,0,0,0,0,0,2,23,11.5,0,3.6,3.6
515,Andy Dalton,DAL,QB,7,WAS,9,19,47.4,75,3.9,0,1,36.07,3,16,5.3,0,3.6,3.6
517,Chase Daniel,DET,QB,16,TB,13,18,72.2,86,4.8,0,0,82.18,0,0,0,0,3.4,3.44
517,Andy Dalton,DAL,QB,5,NYG,9,11,81.8,111,10.1,0,0,108.71,1,0,0,0,3.4,3.44
517,Nick Foles,CHI,QB,10,MIN,15,26,57.7,106,4.1,0,1,51.12,1,2,2,0,3.4,3.44
520,Dwayne Haskins,WAS,QB,16,CAR,14,28,50,154,5.5,0,2,36.9,0,0,0,0,3.2,3.16
521,Cam Newton,NE,QB,7,SF,9,15,60,98,6.5,0,3,39.72,5,19,3.8,0,2.8,2.82
522,Sam Darnold,NYJ,QB,7,BUF,12,23,52.2,120,5.2,0,2,31.07,0,0,0,0,2.8,2.8
523,Jimmy Garoppolo,SF,QB,8,SEA,11,16,68.8,84,5.2,0,1,55.21,4,4,1,0,2.8,2.76
523,David Blough,DET,QB,16,TB,6,10,60,49,4.9,0,1,32.92,1,18,18,0,2.8,2.76
525,Kyle Allen,WAS,QB,9,NYG,5,7,71.4,62,8.9,0,0,98.51,0,0,0,0,2.5,2.48
526,Mike Glennon,JAX,QB,14,TEN,13,23,56.5,85,3.7,0,1,46.47,0,0,0,0,2.4,2.4
527,Jameis Winston,NO,QB,10,SF,6,10,60,63,6.3,0,0,78.33,4,-2,-0.5,0,2.3,2.32
528,Chase Daniel,DET,QB,15,TEN,5,6,83.3,55,9.2,0,1,65.28,1,11,11,0,2.3,2.3
529,Derek Carr,LV,QB,15,LAC,3,5,60,53,10.6,0,0,96.25,0,0,0,0,2.1,2.12
530,Ryan Finley,CIN,QB,11,WAS,3,10,30,30,3,0,1,0,1,19,19,0,2.1,2.1
531,Joshua Dobbs,PIT,QB,17,CLE,4,5,80,2,0.4,0,0,79.17,2,20,10,0,2.1,2.08
531,Tyler Huntley,BAL,QB,15,JAX,2,4,50,7,1.8,0,0,56.25,4,18,4.5,0,2.1,2.08
533,Jake Luton,JAX,QB,11,PIT,16,37,43.2,151,4.1,0,4,15.54,0,0,0,0,2,2.04
534,Colt McCoy,NYG,QB,12,CIN,6,10,60,31,3.1,0,0,65,5,7,1.4,0,1.9,1.94
535,Nathan Peterman,LV,QB,12,ATL,3,5,60,25,5,0,0,72.92,1,9,9,0,1.9,1.9
536,Jarrett Stidham,NE,QB,7,SF,6,10,60,64,6.4,0,1,39.17,2,3,1.5,0,1.9,1.86
537,Case Keenum,CLE,QB,6,PIT,5,10,50,46,4.6,0,0,62.92,0,0,0,0,1.8,1.84
538,Logan Woodside,TEN,QB,14,JAX,0,0,0,0,0,0,0,0,1,18,18,0,1.8,1.8
538,Jalen Hurts,PHI,QB,4,SF,0,0,0,0,0,0,0,0,3,18,6,0,1.8,1.8
540,Jarrett Stidham,NE,QB,16,BUF,4,11,36.4,44,4,0,0,49.05,0,0,0,0,1.8,1.76
541,Nick Mullens,SF,QB,2,NYJ,8,11,72.7,71,6.5,0,1,51.7,2,-2,-1,0,1.6,1.64
542,Alex Smith,WAS,QB,5,LAR,9,17,52.9,37,2.2,0,0,58.7,1,1,1,0,1.6,1.58
543,Ben DiNucci,DAL,QB,7,WAS,2,3,66.7,39,13,0,0,109.72,1,0,0,0,1.6,1.56
544,Kirk Cousins,MIN,QB,2,IND,11,26,42.3,113,4.3,0,3,15.87,0,0,0,0,1.5,1.52
545,Jarrett Stidham,NE,QB,14,LAR,5,7,71.4,27,3.9,0,0,77.68,1,3,3,0,1.4,1.38
546,Alex Smith,WAS,QB,14,SF,8,19,42.1,57,3,0,1,27.74,0,0,0,0,1.3,1.28
547,Chase Daniel,DET,QB,14,GB,3,6,50,29,4.8,0,0,63.89,0,0,0,0,1.2,1.16
548,Geno Smith,SEA,QB,14,NYJ,4,5,80,33,6.6,0,0,94.17,2,-2,-1,0,1.1,1.12
548,Brett Rypien,DEN,QB,3,TB,8,9,88.9,53,5.9,0,1,51.62,0,0,0,0,1.1,1.12
550,Jimmy Garoppolo,SF,QB,5,MIA,7,17,41.2,77,4.5,0,2,15.69,0,0,0,0,1.1,1.08
551,Jacoby Brissett,IND,QB,11,GB,0,0,0,0,0,0,0,0,2,9,4.5,0,0.9,0.9
551,Jeff Driskel,DEN,QB,4,NYJ,0,0,0,0,0,0,0,0,1,9,9,0,0.9,0.9
553,Matt Barkley,BUF,QB,5,TEN,3,5,60,22,4.4,0,0,70.42,0,0,0,0,0.9,0.88
554,Dwayne Haskins,WAS,QB,14,SF,7,12,58.3,51,4.2,0,0,68.4,4,-12,-3,0,0.8,0.84
555,Tyler Huntley,BAL,QB,17,CIN,1,1,100,8,8,0,0,100,6,5,0.8,0,0.8,0.82
556,AJ McCarron,HOU,QB,17,TEN,1,1,100,20,20,0,0,118.75,0,0,0,0,0.8,0.8
556,Jalen Hurts,PHI,QB,3,CIN,0,0,0,0,0,0,0,0,2,8,4,0,0.8,0.8
556,PJ Walker,CAR,QB,17,NO,5,14,35.7,95,6.8,0,3,20.54,0,0,0,0,0.8,0.8
559,Jalen Hurts,PHI,QB,5,PIT,1,1,100,18,18,0,0,118.75,0,0,0,0,0.7,0.72
559,Tyler Bray,CHI,QB,10,MIN,1,5,20,18,3.6,0,0,42.08,0,0,0,0,0.7,0.72
561,Chad Henne,KC,QB,8,NYJ,3,4,75,17,4.2,0,0,82.29,1,0,0,0,0.7,0.68
561,Matthew Stafford,DET,QB,16,TB,2,3,66.7,17,5.7,0,0,81.25,0,0,0,0,0.7,0.68
561,Jacoby Brissett,IND,QB,3,NYJ,2,4,50,17,4.2,0,0,61.46,2,0,0,0,0.7,0.68
564,Joe Flacco,NYJ,QB,4,DEN,2,2,100,16,8,0,0,100,0,0,0,0,0.6,0.64
565,Trace McSorley,BAL,QB,14,CLE,1,4,25,13,3.2,0,0,40.62,2,1,0.5,0,0.6,0.62
566,Jalen Hurts,PHI,QB,11,CLE,0,0,0,0,0,0,0,0,1,6,6,0,0.6,0.6
566,Ryan Finley,CIN,QB,13,MIA,6,7,85.7,40,5.7,0,1,50.89,0,0,0,0,0.6,0.6
568,PJ Walker,CAR,QB,10,TB,2,4,50,12,3,0,0,56.25,0,0,0,0,0.5,0.48
568,Nate Sudfeld,PHI,QB,17,WAS,5,12,41.7,32,2.7,0,1,14.58,2,12,6,0,0.5,0.48
570,Jalen Hurts,PHI,QB,8,DAL,1,1,100,9,9,0,0,104.17,0,0,0,0,0.4,0.36
570,Tua Tagovailoa,MIA,QB,6,NYJ,2,2,100,9,4.5,0,0,85.42,0,0,0,0,0.4,0.36
572,Mitch Trubisky,CHI,QB,8,NO,0,0,0,0,0,0,0,0,1,3,3,0,0.3,0.3
572,Jacoby Brissett,IND,QB,17,JAX,0,0,0,0,0,0,0,0,2,3,1.5,0,0.3,0.3
572,Chris Streveler,ARI,QB,1,SF,0,0,0,0,0,0,0,0,1,3,3,0,0.3,0.3
575,Logan Woodside,TEN,QB,11,BAL,1,1,100,7,7,0,0,95.83,0,0,0,0,0.3,0.28
576,Robert Griffin III,BAL,QB,1,CLE,1,1,100,9,9,0,0,104.17,1,-1,-1,0,0.3,0.26
577,Jalen Hurts,PHI,QB,12,SEA,1,1,100,6,6,0,0,91.67,0,0,0,0,0.2,0.24
578,Ryan Finley,CIN,QB,14,DAL,1,2,50,5,2.5,0,0,56.25,0,0,0,0,0.2,0.2
578,Blaine Gabbert,TB,QB,6,GB,0,1,0,0,0,0,0,39.58,3,2,0.7,0,0.2,0.2
578,Jacoby Brissett,IND,QB,15,HOU,0,1,0,0,0,0,0,39.58,1,2,2,0,0.2,0.2
578,Jalen Hurts,PHI,QB,7,NYG,0,0,0,0,0,0,0,0,2,2,1,0,0.2,0.2
582,Jameis Winston,NO,QB,9,TB,1,1,100,12,12,0,0,116.67,3,-3,-1,0,0.2,0.18
583,Matt Barkley,BUF,QB,16,NE,2,3,66.7,11,3.7,0,0,72.92,3,-3,-1,0,0.1,0.14
584,PJ Walker,CAR,QB,8,ATL,1,4,25,3,0.8,0,0,39.58,0,0,0,0,0.1,0.12
584,Mason Rudolph,PIT,QB,9,DAL,2,3,66.7,3,1,0,0,70.14,0,0,0,0,0.1,0.12
584,Brandon Allen,CIN,QB,17,BAL,6,21,28.6,48,2.3,0,2,0,1,2,2,0,0.1,0.12
587,Jacoby Brissett,IND,QB,16,PIT,0,0,0,0,0,0,0,0,1,1,1,0,0.1,0.1
587,Jacoby Brissett,IND,QB,13,HOU,0,0,0,0,0,0,0,0,2,1,0.5,0,0.1,0.1
589,AJ McCarron,HOU,QB,14,CHI,0,0,0,0,0,0,0,0,0,0,0,0,0,0
589,Tim Boyle,GB,QB,6,TB,0,0,0,0,0,0,0,0,0,0,0,0,0,0
589,Ben DiNucci,DAL,QB,6,ARI,0,0,0,0,0,0,0,0,0,0,0,0,0,0
589,Case Keenum,CLE,QB,16,NYJ,0,0,0,0,0,0,0,0,0,0,0,0,0,0
589,Joe Webb,NYG,QB,16,BAL,0,0,0,0,0,0,0,0,0,0,0,0,0,0
589,Logan Woodside,TEN,QB,16,GB,0,2,0,0,0,0,0,39.58,0,0,0,0,0,0
589,Andy Dalton,DAL,QB,2,ATL,0,1,0,0,0,0,0,39.58,0,0,0,0,0,0
589,Jalen Hurts,PHI,QB,2,LAR,0,0,0,0,0,0,0,0,0,0,0,0,0,0
589,Chris Streveler,ARI,QB,2,WAS,0,0,0,0,0,0,0,0,0,0,0,0,0,0
589,Chris Streveler,ARI,QB,11,SEA,0,0,0,0,0,0,0,0,0,0,0,0,0,0
589,Jacoby Brissett,IND,QB,9,BAL,0,1,0,0,0,0,0,39.58,0,0,0,0,0,0
589,Tyrod Taylor,LAC,QB,9,LV,0,0,0,0,0,0,0,0,0,0,0,0,0,0
589,Logan Woodside,TEN,QB,10,IND,0,0,0,0,0,0,0,0,0,0,0,0,0,0
589,Blaine Gabbert,TB,QB,10,CAR,0,0,0,0,0,0,0,0,3,0,0,0,0,0
589,C.J. Beathard,SF,QB,10,NO,0,1,0,0,0,0,0,39.58,0,0,0,0,0,0
589,Mason Rudolph,PIT,QB,10,CIN,0,0,0,0,0,0,0,0,0,0,0,0,0,0
589,Jacoby Brissett,IND,QB,1,JAX,0,0,0,0,0,0,0,0,0,0,0,0,0,0
589,Matt Barkley,BUF,QB,15,DEN,0,0,0,0,0,0,0,0,0,0,0,0,0,0
589,Joe Webb,NYG,QB,15,CLE,0,0,0,0,0,0,0,0,0,0,0,0,0,0
589,Brett Rypien,DEN,QB,7,KC,0,0,0,0,0,0,0,0,0,0,0,0,0,0
589,Matt Barkley,BUF,QB,12,LAC,0,0,0,0,0,0,0,0,0,0,0,0,0,0
589,Jameis Winston,NO,QB,12,DEN,0,0,0,0,0,0,0,0,0,0,0,0,0,0
589,Tim Boyle,GB,QB,12,CHI,0,0,0,0,0,0,0,0,2,0,0,0,0,0
589,Ryan Finley,CIN,QB,3,PHI,0,0,0,0,0,0,0,0,0,0,0,0,0,0
613,Easton Stick,LAC,QB,7,JAX,1,1,100,4,4,0,0,83.33,1,-2,-2,0,0,-0.04
614,Mason Rudolph,PIT,QB,6,CLE,1,1,100,6,6,0,0,91.67,3,-3,-1,0,-0.1,-0.06
615,Jameis Winston,NO,QB,17,CAR,0,0,0,0,0,0,0,0,1,-1,-1,0,-0.1,-0.1
615,Tim Boyle,GB,QB,2,DET,0,0,0,0,0,0,0,0,2,-1,-0.5,0,-0.1,-0.1
615,Robert Griffin III,BAL,QB,5,CIN,0,0,0,0,0,0,0,0,1,-1,-1,0,-0.1,-0.1
615,Tim Boyle,GB,QB,9,SF,0,0,0,0,0,0,0,0,1,-1,-1,0,-0.1,-0.1
615,Blaine Gabbert,TB,QB,9,NO,0,0,0,0,0,0,0,0,1,-1,-1,0,-0.1,-0.1
615,Jalen Hurts,PHI,QB,10,NYG,0,0,0,0,0,0,0,0,2,-1,-0.5,0,-0.1,-0.1
615,Tim Boyle,GB,QB,7,HOU,0,0,0,0,0,0,0,0,2,-1,-0.5,0,-0.1,-0.1
615,Tim Boyle,GB,QB,4,ATL,0,0,0,0,0,0,0,0,1,-1,-1,0,-0.1,-0.1
623,Jacoby Brissett,IND,QB,14,LV,0,0,0,0,0,0,0,0,2,-2,-1,0,-0.2,-0.2
623,Nick Foles,CHI,QB,16,JAX,0,1,0,0,0,0,0,39.58,2,-2,-1,0,-0.2,-0.2
623,Tim Boyle,GB,QB,1,MIN,0,0,0,0,0,0,0,0,2,-2,-1,0,-0.2,-0.2
623,Drew Lock,DEN,QB,2,PIT,1,5,20,20,4,0,0,43.75,0,0,0,0,-0.2,-0.2
627,Colt McCoy,NYG,QB,14,ARI,2,3,66.7,18,6,0,0,82.64,0,0,0,0,-0.3,-0.28
628,Tim Boyle,GB,QB,16,TEN,0,0,0,0,0,0,0,0,3,-3,-1,0,-0.3,-0.3
628,Logan Woodside,TEN,QB,15,DET,0,0,0,0,0,0,0,0,3,-3,-1,0,-0.3,-0.3
630,Mason Rudolph,PIT,QB,11,JAX,0,0,0,0,0,0,0,0,3,-4,-1.3,0,-0.4,-0.4
630,Matt Schaub,ATL,QB,12,LV,0,0,0,0,0,0,0,0,3,-4,-1.3,0,-0.4,-0.4
632,Logan Woodside,TEN,QB,12,IND,0,0,0,0,0,0,0,0,3,-5,-1.7,0,-0.5,-0.5
633,Robert Griffin III,BAL,QB,4,WAS,0,1,0,0,0,0,1,0,3,3,1,0,-0.7,-0.7
