Name,Team,Pos,Week,Opponent,Opponent Rank,Opponent Position Rank,Salary,Projection
 Josh Allen,BUF,QB,9,JAX,26,25,9000,26.55
 Josh Allen,BUF,QB,8,MIA,31,26,8800,26.09
 Patrick Mahomes,KC,QB,7,TEN,25,30,8800,26.04
 Lamar Jackson,BAL,QB,10,MIA,29,27,8600,25.85
 Kyler Murray O,ARI,QB,7,HOU,24,20,8700,25.77
 Josh Allen,BUF,QB,4,HOU,15,20,8500,25.59
 Kyler Murray O,ARI,QB,3,JAX,27,23,9000,25.53
 Josh Allen,BUF,QB,10,NYJ,32,17,8700,25.45
 Lamar Jackson,BAL,QB,3,DET,28,25,8400,25.36
 Josh Allen,BUF,QB,6,TEN,24,23,8800,25.36
 Kyler Murray O,ARI,QB,2,MIN,18,14,8700,25.16
 Lamar Jackson,BAL,QB,9,MIN,17,8,8300,25.03
 Patrick Mahomes,KC,QB,6,WAS,31,31,9000,24.95
 Patrick Mahomes,KC,QB,8,NYG,22,21,8400,24.78
 Josh Allen,BUF,QB,17,ATL,26,30,8800,24.78
 Lamar Jackson,BAL,QB,6,LAC,12,7,8200,24.71
 Josh Allen,BUF,QB,11,IND,19,27,8800,24.67
 Josh Allen,BUF,QB,18,NYJ,32,28,8800,24.62
 Lamar Jackson,BAL,QB,7,CIN,4,6,8400,24.55
 Patrick Mahomes,KC,QB,4,PHI,8,9,8700,24.53
 Patrick Mahomes,KC,QB,3,LAC,7,2,8700,24.4
 Patrick Mahomes,KC,QB,1,CLE,20,25,8800,24.3
 Patrick Mahomes,KC,QB,11,DAL,10,13,8300,24.28
 Patrick Mahomes,KC,QB,13,DEN,5,5,8300,24.25
 Lamar Jackson,BAL,QB,13,PIT,22,19,8500,24.07
 Kyler Murray O,ARI,QB,1,TEN,27,28,8400,23.99
 Patrick Mahomes,KC,QB,2,BAL,32,25,8600,23.98
 Kyler Murray O,ARI,QB,15,DET,30,14,8800,23.98
 Lamar Jackson,BAL,QB,12,CLE,11,20,8500,23.84
 Josh Allen,BUF,QB,2,MIA,11,8,8100,23.83
 Lamar Jackson,BAL,QB,1,LV,26,26,8300,23.83
 Josh Allen,BUF,QB,5,KC,31,31,8800,23.82
 Jalen Hurts,PHI,QB,8,DET,29,23,8400,23.71
 Kyler Murray O,ARI,QB,8,GB,8,15,8500,23.57
 Tom Brady,TB,QB,2,ATL,24,28,8200,23.52
 Lamar Jackson,BAL,QB,2,KC,17,6,8300,23.39
 Josh Allen,BUF,QB,1,PIT,2,2,8100,23.36
 Russell Wilson,SEA,QB,2,TEN,31,32,8500,23.35
 Aaron Rodgers,GB,QB,2,DET,28,16,8000,23.29
 Patrick Mahomes,KC,QB,9,GB,7,11,8500,23.29
 Josh Allen,BUF,QB,3,WAS,19,20,8000,23.28
 Kyler Murray O,ARI,QB,5,SF,19,29,8500,23.25
 Josh Allen,BUF,QB,14,TB,9,13,8800,23.24
 Josh Allen,BUF,QB,15,CAR,4,5,8700,23.21
 Patrick Mahomes,KC,QB,5,BUF,1,1,8700,23.17
 Dak Prescott,DAL,QB,10,ATL,27,28,8100,23.1
 Justin Herbert,LAC,QB,16,HOU,27,9,8400,23.06
 Tom Brady,TB,QB,13,ATL,26,31,8100,23
 Josh Allen,BUF,QB,13,NE,2,2,8800,22.98
 Lamar Jackson,BAL,QB,5,IND,15,19,8200,22.96
 Patrick Mahomes,KC,QB,10,LV,10,8,8400,22.8
 Russell Wilson,SEA,QB,3,MIN,29,29,8400,22.67
 Patrick Mahomes,KC,QB,17,CIN,18,12,8500,22.6
 Tom Brady,TB,QB,10,WAS,31,32,8300,22.59
 Jalen Hurts,PHI,QB,3,DAL,23,21,8200,22.59
 Patrick Mahomes,KC,QB,16,PIT,20,10,8700,22.54
 Dak Prescott,DAL,QB,13,NO,13,28,8200,22.52
 Jalen Hurts,PHI,QB,6,TB,23,24,8300,22.51
 Josh Allen,BUF,QB,12,NO,9,22,8800,22.5
 Kyler Murray O,ARI,QB,4,LAR,13,15,8200,22.47
 Matthew Stafford,LAR,QB,8,HOU,26,22,8200,22.38
 Dak Prescott,DAL,QB,11,KC,24,31,8400,22.36
 Dak Prescott,DAL,QB,3,PHI,4,6,8000,22.3
 Patrick Mahomes,KC,QB,14,LV,25,22,8500,22.26
 Kyler Murray O,ARI,QB,14,LAR,7,7,8500,22.23
 Matthew Stafford,LAR,QB,7,DET,26,17,8100,22.19
 Justin Herbert,LAC,QB,2,DAL,23,26,7600,22.19
 Kyler Murray O,ARI,QB,16,IND,15,20,8700,22.18
 Tom Brady,TB,QB,6,PHI,11,11,8700,22.17
 Lamar Jackson,BAL,QB,14,CLE,10,16,7900,22.17
 Dak Prescott,DAL,QB,2,LAC,4,3,8000,22.15
 Justin Herbert,LAC,QB,15,KC,11,25,8200,22.12
 Justin Herbert,LAC,QB,4,LV,10,11,7600,22.11
 Russell Wilson,SEA,QB,1,IND,7,10,7800,22.1
 Tom Brady,TB,QB,4,NE,4,6,8100,22.09
 Kyler Murray O,ARI,QB,18,SEA,23,13,8400,22.07
 Patrick Mahomes,KC,QB,18,DEN,3,3,8500,22.05
 Matthew Stafford,LAR,QB,13,JAX,20,10,7800,21.98
 Justin Herbert,LAC,QB,6,BAL,21,15,8000,21.95
 Tom Brady,TB,QB,15,NO,8,21,8500,21.95
 Tom Brady,TB,QB,17,NYJ,32,28,8300,21.94
 Dak Prescott,DAL,QB,5,NYG,20,24,8100,21.93
 Jalen Hurts,PHI,QB,4,KC,30,31,7900,21.91
 Kyler Murray O,ARI,QB,6,CLE,10,29,8400,21.9
 Tom Brady,TB,QB,1,DAL,24,19,7800,21.72
 Jalen Hurts,PHI,QB,7,LV,13,10,8300,21.71
 Justin Herbert,LAC,QB,10,MIN,25,16,8000,21.67
 Justin Herbert,LAC,QB,14,NYG,16,9,8400,21.63
 Aaron Rodgers,GB,QB,17,MIN,30,26,8400,21.62
 Tom Brady,TB,QB,11,NYG,20,12,8000,21.6
 Aaron Rodgers,GB,QB,7,WAS,32,32,7900,21.52
 Jalen Hurts,PHI,QB,17,WAS,31,32,7900,21.52
 Dak Prescott,DAL,QB,14,WAS,28,32,8100,21.52
 Patrick Mahomes,KC,QB,15,LAC,19,6,8300,21.5
 Aaron Rodgers,GB,QB,16,CLE,13,11,8300,21.49
 Tom Brady,TB,QB,5,MIA,23,13,8400,21.49
 Jalen Hurts,PHI,QB,16,NYG,22,13,7700,21.47
 Justin Herbert,LAC,QB,13,CIN,8,7,8200,21.47
 Aaron Rodgers,GB,QB,14,CHI,17,26,7900,21.46
 Justin Herbert,LAC,QB,17,DEN,3,3,8200,21.4
 Kyler Murray O,ARI,QB,17,DAL,10,6,8200,21.38
 Matthew Stafford,LAR,QB,5,SEA,30,25,7900,21.37
 Tom Brady,TB,QB,7,CHI,9,9,8000,21.36
 Tom Brady,TB,QB,12,IND,16,27,8200,21.31
 Justin Herbert,LAC,QB,18,LV,20,12,8000,21.3
 Matthew Stafford,LAR,QB,9,TEN,23,23,8400,21.27
 Jalen Hurts,PHI,QB,12,NYG,23,16,8400,21.23
 Jalen Hurts,PHI,QB,5,CAR,5,8,8100,21.2
 Josh Allen,BUF,QB,16,NE,2,1,8500,21.2
 Aaron Rodgers,GB,QB,15,BAL,17,22,7600,21.19
 Justin Herbert,LAC,QB,8,NE,7,7,7900,21.16
 Justin Herbert,LAC,QB,12,DEN,5,4,7800,21.16
 Matthew Stafford,LAR,QB,17,BAL,27,31,7600,21.14
 Jalen Hurts,PHI,QB,1,ATL,29,31,7600,21.12
 Matthew Stafford,LAR,QB,4,ARI,9,8,7800,21.1
 Lamar Jackson,BAL,QB,4,DEN,1,1,8000,21.06
 Dak Prescott,DAL,QB,16,WAS,28,32,7400,21.01
 Jalen Hurts,PHI,QB,2,SF,30,29,7800,21.01
 Justin Herbert,LAC,QB,3,KC,26,24,7500,21.01
 Tom Brady,TB,QB,8,NO,3,2,8300,20.98
 Dak Prescott,DAL,QB,17,ARI,5,4,7400,20.95
 Aaron Rodgers,GB,QB,1,NO,6,3,8000,20.93
 Dak Prescott,DAL,QB,1,TB,10,14,7600,20.86
 Tom Brady,TB,QB,14,BUF,1,1,8200,20.84
 Dak Prescott,DAL,QB,4,CAR,2,5,7700,20.81
 Dak Prescott,DAL,QB,9,DEN,3,3,7900,20.79
 Tom Brady,TB,QB,3,LAR,8,9,7800,20.79
 Kirk Cousins,MIN,QB,5,DET,27,14,7500,20.77
 Matthew Stafford,LAR,QB,6,NYG,27,24,7900,20.76
 Dak Prescott,DAL,QB,15,NYG,20,18,7500,20.76
 Justin Herbert,LAC,QB,11,PIT,8,8,7700,20.76
 Matthew Stafford,LAR,QB,16,MIN,31,30,7900,20.54
 Kirk Cousins,MIN,QB,13,DET,29,13,7700,20.52
 Matthew Stafford,LAR,QB,10,SF,15,29,8000,20.51
 Jalen Hurts,PHI,QB,15,WAS,27,32,8200,20.5
 Jalen Hurts,PHI,QB,9,LAC,16,4,7800,20.49
 Ryan Tannehill,TEN,QB,1,ARI,15,17,7700,20.47
 Russell Wilson,SEA,QB,4,SF,20,27,7700,20.4
 Kyler Murray O,ARI,QB,13,CHI,16,14,8300,20.38
 Aaron Rodgers,GB,QB,5,CIN,6,7,8000,20.36
 Justin Herbert,LAC,QB,9,PHI,14,7,7600,20.35
 Jalen Hurts,PHI,QB,11,NO,7,10,7700,20.33
 Daniel Jones,NYG,QB,3,ATL,30,32,7400,20.32
 Jalen Hurts,PHI,QB,10,DEN,3,3,7700,20.28
 Dak Prescott,DAL,QB,12,LV,23,15,8200,20.28
 Matthew Stafford,LAR,QB,3,TB,24,21,7600,20.26
 Aaron Rodgers,GB,QB,10,SEA,19,14,7800,20.24
 Aaron Rodgers,GB,QB,12,LAR,9,7,7900,20.23
 Trey Lance,SF,QB,17,HOU,29,11,6400,20.18
 Joe Burrow,CIN,QB,8,NYJ,28,10,7800,20.17
 Joe Burrow,CIN,QB,13,LAC,19,6,7400,20.16
 Matthew Stafford,LAR,QB,15,SEA,25,15,8500,20.12
 Matthew Stafford,LAR,QB,2,IND,21,24,7500,20.05
 Justin Herbert,LAC,QB,1,WAS,3,4,7600,20.03
 Russell Wilson,SEA,QB,5,LAR,20,19,7800,19.98
 Aaron Rodgers,GB,QB,4,PIT,14,17,7600,19.92
 Russell Wilson,SEA,QB,11,ARI,4,4,7300,19.91
 Aaron Rodgers,GB,QB,11,MIN,21,14,7700,19.88
 Tom Brady,TB,QB,16,CAR,4,5,8400,19.87
 Ryan Tannehill,TEN,QB,11,HOU,30,24,7800,19.78
 Ryan Tannehill,TEN,QB,7,KC,30,31,7600,19.76
 Justin Herbert,LAC,QB,5,CLE,4,12,7700,19.76
 Dak Prescott,DAL,QB,6,NE,4,5,8100,19.72
 Aaron Rodgers,GB,QB,3,SF,16,27,7700,19.71
 Ryan Tannehill,TEN,QB,3,IND,23,22,7000,19.66
 Joe Burrow,CIN,QB,9,CLE,10,27,7600,19.64
 Joe Burrow,CIN,QB,16,BAL,19,26,7100,19.63
 Trevor Lawrence,JAX,QB,1,HOU,30,27,6800,19.61
 Kirk Cousins,MIN,QB,3,SEA,21,12,7700,19.6
 Joe Burrow,CIN,QB,17,KC,15,27,7700,19.58
 Taylor Heinicke,WAS,QB,6,KC,32,32,7300,19.55
 Ryan Tannehill,TEN,QB,5,JAX,29,25,7200,19.54
 Joe Burrow,CIN,QB,6,DET,25,12,7400,19.53
 Kirk Cousins,MIN,QB,8,DAL,22,24,7600,19.5
 Baker Mayfield,CLE,QB,2,HOU,15,16,7100,19.45
 Russell Wilson,SEA,QB,10,GB,6,9,7500,19.44
 Aaron Rodgers,GB,QB,6,CHI,8,4,7700,19.43
 Russell Wilson,SEA,QB,14,HOU,27,11,7500,19.42
 Russell Wilson,SEA,QB,13,SF,7,21,7300,19.41
 Tom Brady,TB,QB,18,CAR,5,5,8100,19.39
 Matthew Stafford,LAR,QB,1,CHI,13,12,7400,19.37
 Kirk Cousins,MIN,QB,1,CIN,23,15,7200,19.37
 Derek Carr,LV,QB,13,WAS,30,32,7500,19.36
 Carson Wentz,IND,QB,13,HOU,28,16,7500,19.3
 Sam Darnold,CAR,QB,5,PHI,17,18,7600,19.3
 Joe Burrow,CIN,QB,11,LV,22,21,7400,19.29
 Matt Ryan,ATL,QB,1,PHI,21,18,7300,19.27
 Matthew Stafford,LAR,QB,14,ARI,3,3,7600,19.24
 Daniel Jones,NYG,QB,5,DAL,22,30,7400,19.23
 Ryan Tannehill,TEN,QB,2,SEA,12,13,7300,19.21
 Cam Newton,CAR,QB,14,ATL,30,31,7400,19.21
 Derek Carr,LV,QB,10,KC,26,31,7400,19.19
 Russell Wilson,SEA,QB,17,DET,28,13,7300,19.14
 Trey Lance,SF,QB,5,ARI,9,9,6900,19.14
 Matthew Stafford,LAR,QB,18,SF,7,21,7400,19.1
 Sam Darnold,CAR,QB,3,HOU,15,15,7100,19.04
 Tua Tagovailoa,MIA,QB,15,NYJ,32,28,7400,19.02
 Derek Carr,LV,QB,4,LAC,8,4,7400,19.01
 Derek Carr,LV,QB,3,MIA,13,10,7200,18.98
 Kirk Cousins,MIN,QB,2,ARI,3,7,7400,18.98
 Daniel Jones,NYG,QB,8,KC,29,31,7300,18.98
 Derek Carr,LV,QB,11,CIN,14,17,7200,18.97
 Kirk Cousins,MIN,QB,15,CHI,25,30,8000,18.94
 Matthew Stafford,LAR,QB,12,GB,6,8,7700,18.93
 Cam Newton,CAR,QB,12,MIA,29,28,8000,18.89
 Kirk Cousins,MIN,QB,14,PIT,22,20,7400,18.79
 Sam Darnold,CAR,QB,6,MIN,18,10,7500,18.77
 Russell Wilson,SEA,QB,12,WAS,31,32,7500,18.75
 Kirk Cousins,MIN,QB,11,GB,5,7,7400,18.73
 Sam Darnold,CAR,QB,4,DAL,17,21,7200,18.73
 Matt Ryan,ATL,QB,7,MIA,31,24,7300,18.72
 Joe Burrow,CIN,QB,2,CHI,27,23,7100,18.71
 Kirk Cousins,MIN,QB,12,SF,7,22,7500,18.7
 Joe Burrow,CIN,QB,4,JAX,26,22,7200,18.68
 Teddy Bridgewater,DEN,QB,2,JAX,29,22,7000,18.68
 Derek Carr,LV,QB,9,NYG,19,16,7500,18.67
 Carson Wentz,IND,QB,10,JAX,22,23,7500,18.66
 Ben Roethlisberger,PIT,QB,2,LV,14,11,7200,18.66
 Justin Fields,CHI,QB,3,CLE,20,30,6500,18.66
 Daniel Jones,NYG,QB,9,LV,15,13,7300,18.66
 Teddy Bridgewater,DEN,QB,3,NYJ,9,6,7300,18.65
 Jimmy Garoppolo,SF,QB,15,ATL,28,31,6700,18.61
 Tua Tagovailoa,MIA,QB,13,NYG,14,8,6900,18.6
 Derek Carr,LV,QB,7,PHI,16,12,7400,18.59
 Kirk Cousins,MIN,QB,4,CLE,6,18,7500,18.59
 Justin Fields,CHI,QB,15,MIN,31,29,7000,18.58
 Derek Carr,LV,QB,5,CHI,18,10,7100,18.57
 Tua Tagovailoa,MIA,QB,11,NYJ,32,22,7000,18.56
 Ryan Tannehill,TEN,QB,18,HOU,28,17,7300,18.52
 Joe Burrow,CIN,QB,5,GB,10,17,7000,18.49
 Russell Wilson,SEA,QB,16,CHI,21,28,7500,18.48
 Ryan Tannehill,TEN,QB,8,IND,13,20,7500,18.45
 Taylor Heinicke,WAS,QB,4,ATL,25,30,7400,18.45
 Trevor Lawrence,JAX,QB,5,TEN,25,21,6500,18.44
 Ryan Fitzpatrick,WAS,QB,1,LAC,17,22,6600,18.43
 Taylor Heinicke,WAS,QB,13,LV,27,25,7100,18.4
 Taylor Heinicke,WAS,QB,12,SEA,25,19,7300,18.4
 Baker Mayfield,CLE,QB,1,KC,16,21,7100,18.37
 Jameis Winston,NO,QB,2,CAR,9,12,7700,18.3
 Ryan Tannehill,TEN,QB,10,NO,8,10,7400,18.26
 Carson Wentz,IND,QB,9,NYJ,29,13,7500,18.24
 Joe Burrow,CIN,QB,12,PIT,17,17,7100,18.22
 Joe Burrow,CIN,QB,1,MIN,25,13,7200,18.21
 Kirk Cousins,MIN,QB,10,LAC,13,5,7600,18.19
 Cam Newton,CAR,QB,11,WAS,31,32,7500,18.17
 Aaron Rodgers,GB,QB,8,ARI,2,3,7700,18.16
 Tyler Huntley,BAL,QB,17,LAR,9,7,7500,18.14
 Joe Burrow,CIN,QB,14,SF,8,23,7100,18.12
 Carson Wentz,IND,QB,6,HOU,24,19,6700,18.1
 Kirk Cousins,MIN,QB,9,BAL,25,17,7400,18.08
 Derek Carr,LV,QB,14,KC,15,29,7200,18.04
 Ryan Tannehill,TEN,QB,4,NYJ,10,3,7500,18.03
 Joe Burrow,CIN,QB,7,BAL,12,13,7200,18.03
 Baker Mayfield,CLE,QB,4,MIN,29,26,7300,18.02
 Ryan Tannehill,TEN,QB,9,LAR,11,9,7500,18.01
 Carson Wentz,IND,QB,8,TEN,21,27,7200,18
 Sam Darnold,CAR,QB,1,NYJ,28,30,6500,17.97
 Trevor Lawrence,JAX,QB,6,MIA,30,27,6800,17.96
 Jimmy Garoppolo,SF,QB,1,DET,32,32,6900,17.91
 Derek Carr,LV,QB,18,LAC,24,19,6800,17.89
 Matt Ryan,ATL,QB,8,CAR,6,21,7200,17.86
 Ryan Tannehill,TEN,QB,14,JAX,26,20,7300,17.86
 Kirk Cousins,MIN,QB,16,LAR,6,6,7300,17.84
 Matt Ryan,ATL,QB,10,DAL,20,27,7300,17.84
 Derek Carr,LV,QB,12,DAL,13,7,7400,17.83
 Taylor Heinicke,WAS,QB,14,DAL,21,19,7100,17.79
 Jimmy Garoppolo,SF,QB,11,JAX,17,16,7100,17.79
 Russell Wilson,SEA,QB,18,ARI,6,8,7500,17.77
 Ryan Tannehill,TEN,QB,6,BUF,1,1,7000,17.77
 Kirk Cousins,MIN,QB,18,CHI,17,18,7200,17.77
 Ryan Tannehill,TEN,QB,17,MIA,12,8,7300,17.74
 Tua Tagovailoa,MIA,QB,7,ATL,23,29,7100,17.74
 Carson Wentz,IND,QB,12,TB,8,13,7300,17.73
 Joe Burrow,CIN,QB,15,DEN,3,4,7300,17.72
 Jimmy Garoppolo,SF,QB,13,SEA,23,11,6600,17.7
 Tua Tagovailoa,MIA,QB,17,TEN,17,22,6700,17.68
 Daniel Jones,NYG,QB,12,PHI,13,18,7000,17.65
 Sam Darnold,CAR,QB,7,NYG,29,26,7700,17.64
 Jimmy Garoppolo,SF,QB,16,TEN,14,23,6900,17.63
 Teddy Bridgewater,DEN,QB,14,DET,29,18,7200,17.61
 Matt Ryan,ATL,QB,16,DET,30,18,6800,17.61
 Trevor Lawrence,JAX,QB,8,SEA,24,17,6700,17.61
 Justin Fields,CHI,QB,11,BAL,23,23,6800,17.6
 Tyler Huntley,BAL,QB,18,PIT,22,16,7000,17.58
 Teddy Bridgewater,DEN,QB,8,WAS,32,32,7000,17.57
 Trevor Lawrence,JAX,QB,2,DEN,8,19,6900,17.56
 Jameis Winston,NO,QB,1,GB,9,5,6700,17.54
 Dak Prescott,DAL,QB,18,PHI,7,10,7700,17.48
 Mac Jones,NE,QB,11,ATL,28,30,7000,17.47
 Teddy Bridgewater,DEN,QB,13,KC,18,29,7100,17.45
 Baker Mayfield,CLE,QB,3,CHI,14,14,6800,17.44
 Ben Roethlisberger,PIT,QB,1,BUF,14,16,7100,17.43
 Kirk Cousins,MIN,QB,6,CAR,3,14,7100,17.42
 Tyrod Taylor,HOU,QB,12,NYJ,32,23,7400,17.39
 Justin Fields,CHI,QB,4,DET,28,24,6400,17.38
 Teddy Bridgewater,DEN,QB,1,NYG,11,6,6600,17.38
 Daniel Jones,NYG,QB,7,CAR,6,19,7000,17.38
 Teddy Bridgewater,DEN,QB,4,BAL,24,19,6800,17.36
 Jimmy Garoppolo,SF,QB,14,CIN,13,10,6700,17.36
 Matt Ryan,ATL,QB,4,WAS,32,32,6700,17.36
 Daniel Jones,NYG,QB,11,TB,13,24,6900,17.35
 Derek Carr,LV,QB,15,CLE,12,18,7600,17.34
 Matt Ryan,ATL,QB,5,NYJ,10,5,7200,17.33
 Derek Carr,LV,QB,16,DEN,3,3,7000,17.32
 Trevor Lawrence,JAX,QB,3,ARI,11,15,6600,17.31
 Teddy Bridgewater,DEN,QB,6,LV,9,9,6600,17.25
 Tyrod Taylor,HOU,QB,1,JAX,31,29,6800,17.25
 Taylor Heinicke,WAS,QB,5,NO,8,5,7300,17.24
 Matt Ryan,ATL,QB,3,NYG,25,16,7100,17.21
 Jimmy Garoppolo,SF,QB,4,SEA,27,16,7000,17.2
 Derek Carr,LV,QB,6,DEN,2,2,7000,17.16
 Carson Wentz,IND,QB,17,LV,19,14,7000,17.16
 Mac Jones,NE,QB,5,HOU,26,27,6700,17.15
 Carson Wentz,IND,QB,1,SEA,19,24,6500,17.14
 Taylor Heinicke,WAS,QB,10,TB,12,21,6900,17.13
 Ryan Tannehill,TEN,QB,16,SF,9,24,7100,17.12
 Derek Carr,LV,QB,17,IND,16,23,6900,17.1
 Mac Jones,NE,QB,2,NYJ,13,15,6800,17.08
 Tua Tagovailoa,MIA,QB,16,NO,8,16,6800,17.08
 Tua Tagovailoa,MIA,QB,12,CAR,4,5,6900,17.08
 Sam Darnold,CAR,QB,2,NO,1,1,6600,17.07
 Derek Carr,LV,QB,1,BAL,4,9,6500,17.06
 Teddy Bridgewater,DEN,QB,10,PHI,16,15,7200,17.04
 Tua Tagovailoa,MIA,QB,1,NE,8,7,6600,17.01
 Ben Roethlisberger,PIT,QB,3,CIN,10,13,6900,17
 Russell Wilson,SEA,QB,15,LAR,12,7,7500,16.99
 Matt Ryan,ATL,QB,12,JAX,20,15,7100,16.97
 Tua Tagovailoa,MIA,QB,2,BUF,7,4,6600,16.97
 Carson Wentz,IND,QB,18,JAX,25,26,7200,16.96
 Derek Carr,LV,QB,2,PIT,10,10,6500,16.96
 Baker Mayfield,CLE,QB,6,ARI,5,8,6800,16.95
 Zach Wilson,NYJ,QB,1,CAR,18,20,6500,16.95
 Jimmy Garoppolo,SF,QB,12,MIN,28,26,6500,16.91
 Teddy Bridgewater,DEN,QB,9,DAL,18,22,7100,16.87
 Mac Jones,NE,QB,1,MIA,12,11,6200,16.85
 Ben Roethlisberger,PIT,QB,15,TEN,18,25,6600,16.84
 Taylor Heinicke,WAS,QB,11,CAR,3,3,6700,16.84
 Jacoby Brissett,MIA,QB,4,IND,21,25,6500,16.78
 Jameis Winston,NO,QB,4,NYG,17,14,6900,16.75
 Jameis Winston,NO,QB,8,TB,9,18,7400,16.75
 Jimmy Garoppolo,SF,QB,3,GB,18,26,6600,16.74
 Baker Mayfield,CLE,QB,11,DET,29,18,6800,16.73
 Joe Burrow,CIN,QB,3,PIT,17,18,6700,16.73
 Carson Wentz,IND,QB,2,LAR,5,5,6700,16.69
 Sam Darnold,CAR,QB,8,ATL,25,30,7300,16.69
 Mac Jones,NE,QB,17,JAX,20,20,6800,16.68
 Ryan Tannehill,TEN,QB,15,PIT,24,16,7000,16.67
 Taylor Heinicke,WAS,QB,2,NYG,18,19,6700,16.65
 Jimmy Garoppolo,SF,QB,2,PHI,2,2,6600,16.61
 Matt Ryan,ATL,QB,2,TB,28,27,6700,16.6
 Trevor Lawrence,JAX,QB,10,IND,24,29,6600,16.57
 Taylor Heinicke,WAS,QB,7,GB,8,15,6900,16.54
 Tyrod Taylor,HOU,QB,13,IND,21,28,7000,16.5
 Teddy Bridgewater,DEN,QB,7,CLE,19,30,7200,16.49
 Daniel Jones,NYG,QB,4,NO,5,2,7000,16.48
 Mac Jones,NE,QB,12,TEN,19,30,6800,16.45
 Jameis Winston,NO,QB,3,NE,4,3,6800,16.45
 Carson Wentz,IND,QB,15,NE,2,2,7800,16.44
 Taylor Heinicke,WAS,QB,8,DEN,4,4,7000,16.42
 Jameis Winston,NO,QB,7,SEA,27,18,7500,16.41
 Jared Goff,DET,QB,3,BAL,32,28,7100,16.4
 Teddy Bridgewater,DEN,QB,12,LAC,21,6,7100,16.38
 Andy Dalton,CHI,QB,2,CIN,20,21,6500,16.35
 Justin Fields,CHI,QB,5,LV,11,15,6400,16.35
 Carson Wentz,IND,QB,3,TEN,31,31,7000,16.34
 Teddy Bridgewater,DEN,QB,15,CIN,16,11,6600,16.33
 Mac Jones,NE,QB,7,NYJ,19,7,6800,16.3
 Jordan Love,GB,QB,9,KC,27,31,6000,16.29
 Trevor Lawrence,JAX,QB,4,CIN,7,10,6700,16.29
 Carson Wentz,IND,QB,11,BUF,1,1,6900,16.26
 Daniel Jones,NYG,QB,1,DEN,22,23,6700,16.26
 Ben Roethlisberger,PIT,QB,6,SEA,29,21,7100,16.24
 Taylor Heinicke,WAS,QB,3,BUF,1,1,6800,16.22
 Daniel Jones,NYG,QB,6,LAR,19,17,7200,16.21
 Jimmy Garoppolo,SF,QB,18,LAR,8,4,7000,16.21
 Ben Roethlisberger,PIT,QB,12,CIN,10,9,6600,16.2
 Tyrod Taylor,HOU,QB,9,MIA,31,30,6900,16.2
 Baker Mayfield,CLE,QB,14,BAL,18,25,6500,16.17
 Geno Smith,SEA,QB,8,JAX,27,25,7000,16.17
 Trevor Lawrence,JAX,QB,12,ATL,27,31,6700,16.17
 Tyler Huntley,BAL,QB,15,GB,6,8,6400,16.15
 Jared Goff,DET,QB,5,MIN,24,16,7100,16.13
 Baker Mayfield,CLE,QB,5,LAC,7,4,6800,16.11
 Jared Goff,DET,QB,6,CIN,7,11,6900,16.1
 Taylor Heinicke,WAS,QB,16,DAL,10,7,6700,16.08
 Jared Goff,DET,QB,2,GB,27,32,6800,16.05
 Zach Wilson,NYJ,QB,2,NE,6,9,6500,16.04
 Zach Wilson,NYJ,QB,5,ATL,28,30,6600,16.04
 Mac Jones,NE,QB,6,DAL,20,25,6500,16.02
 Carson Wentz,IND,QB,16,ARI,5,4,7200,16.01
 Jacoby Brissett,MIA,QB,3,LV,12,11,6700,16.01
 Gardner Minshew,PHI,QB,13,NYJ,32,23,6100,16
 Tua Tagovailoa,MIA,QB,18,NE,2,2,6500,15.95
 Tyrod Taylor,HOU,QB,2,CLE,26,31,6800,15.94
 Zach Wilson,NYJ,QB,16,JAX,23,19,6600,15.94
 Jacoby Brissett,MIA,QB,9,HOU,29,24,6100,15.88
 Daniel Jones,NYG,QB,2,WAS,14,7,6900,15.86
 Baker Mayfield,CLE,QB,10,NE,5,2,6800,15.84
 Jimmy Garoppolo,SF,QB,10,LAR,8,9,7000,15.84
 Ben Roethlisberger,PIT,QB,4,GB,16,28,6800,15.83
 Matt Ryan,ATL,QB,11,NE,3,2,6900,15.83
 Carson Wentz,IND,QB,7,SF,17,23,6700,15.81
 Ben Roethlisberger,PIT,QB,16,KC,17,29,6800,15.78
 Jacoby Brissett,MIA,QB,5,TB,28,28,6300,15.78
 Teddy Bridgewater,DEN,QB,5,PIT,15,23,6600,15.77
 Matt Ryan,ATL,QB,15,SF,9,24,6500,15.76
 Carson Wentz,IND,QB,4,MIA,22,13,6600,15.76
 Justin Fields,CHI,QB,14,GB,6,8,6500,15.74
 Justin Fields,CHI,QB,6,GB,11,16,6400,15.72
 Jared Goff,DET,QB,4,CHI,19,11,7100,15.7
 Jimmy Garoppolo,SF,QB,9,ARI,2,2,7200,15.69
 Ryan Tannehill,TEN,QB,12,NE,2,2,7200,15.66
 Baker Mayfield,CLE,QB,9,CIN,9,15,6600,15.65
 Ben Roethlisberger,PIT,QB,14,MIN,31,28,6800,15.63
 Mac Jones,NE,QB,15,IND,11,17,7000,15.63
 Jimmy Garoppolo,SF,QB,7,IND,21,25,7200,15.61
 Mac Jones,NE,QB,9,CAR,4,12,6500,15.59
 Taylor Heinicke,WAS,QB,18,NYG,21,11,6900,15.59
 Baker Mayfield,CLE,QB,12,BAL,22,24,6600,15.58
 Andy Dalton,CHI,QB,17,NYG,21,16,6300,15.57
 Carson Wentz,IND,QB,5,BAL,15,14,6600,15.55
 Mac Jones,NE,QB,8,LAC,17,5,6900,15.53
 Zach Wilson,NYJ,QB,12,HOU,30,19,6200,15.5
 Mac Jones,NE,QB,13,BUF,1,1,6800,15.48
 Mac Jones,NE,QB,10,CLE,9,24,6500,15.48
 Andy Dalton,CHI,QB,13,ARI,3,3,6600,15.47
 Trevor Lawrence,JAX,QB,11,SF,11,26,6500,15.47
 Jared Goff,DET,QB,8,PHI,19,12,6800,15.43
 Matt Ryan,ATL,QB,14,CAR,4,5,6800,15.43
 Geno Smith,SEA,QB,6,PIT,16,20,6500,15.4
 Trevor Lawrence,JAX,QB,14,TEN,24,30,6300,15.39
 Josh Johnson,BAL,QB,16,CIN,16,8,6100,15.39
 Mac Jones,NE,QB,18,MIA,14,7,7000,15.37
 Ben Roethlisberger,PIT,QB,8,CLE,11,29,6600,15.35
 Mac Jones,NE,QB,4,TB,31,29,6500,15.34
 Tua Tagovailoa,MIA,QB,8,BUF,1,1,7100,15.34
 Mac Jones,NE,QB,3,NO,6,4,6500,15.27
 Trevor Lawrence,JAX,QB,16,NYJ,32,27,6500,15.26
 Gardner Minshew,PHI,QB,18,DAL,13,9,6100,15.24
 Baker Mayfield,CLE,QB,17,PIT,23,20,6800,15.23
 Tyrod Taylor,HOU,QB,11,TEN,25,28,6600,15.21
 Ben Roethlisberger,PIT,QB,9,CHI,23,20,6600,15.21
 Zach Wilson,NYJ,QB,13,PHI,11,18,6300,15.2
 Sam Darnold,CAR,QB,9,NE,6,6,7000,15.2
 Matt Ryan,ATL,QB,13,TB,10,20,6800,15.17
 Ben Roethlisberger,PIT,QB,17,CLE,14,18,6800,15.13
 Jacoby Brissett,MIA,QB,10,BAL,24,20,6500,15.13
 Jimmy Garoppolo,SF,QB,8,CHI,18,14,6900,15.1
 Andy Dalton,CHI,QB,12,DET,28,11,7200,15.08
 Zach Wilson,NYJ,QB,4,TEN,23,23,6400,15.03
 Jameis Winston,NO,QB,5,WAS,32,32,7000,15.01
 Trevor Lawrence,JAX,QB,9,BUF,1,1,6400,14.95
 Ben Roethlisberger,PIT,QB,13,BAL,15,24,6500,14.93
 Geno Smith,SEA,QB,7,NO,4,3,6800,14.92
 Justin Fields,CHI,QB,9,PIT,11,11,6700,14.89
 Trevor Lawrence,JAX,QB,15,HOU,29,13,6500,14.81
 Baker Mayfield,CLE,QB,16,GB,10,25,6700,14.76
 Jared Goff,DET,QB,1,SF,5,8,6500,14.75
 Mac Jones,NE,QB,16,BUF,1,2,6700,14.73
 Jared Goff,DET,QB,13,MIN,31,26,6400,14.66
 Andy Dalton,CHI,QB,18,MIN,30,27,6300,14.63
 Ben Roethlisberger,PIT,QB,11,LAC,15,6,6600,14.62
 Cam Newton,CAR,QB,15,BUF,1,1,6900,14.58
 Mason Rudolph,PIT,QB,10,DET,30,19,6300,14.57
 Andy Dalton,CHI,QB,1,LAR,1,1,6500,14.52
 Case Keenum,CLE,QB,18,CIN,18,20,6300,14.5
 Justin Fields,CHI,QB,7,TB,20,27,6500,14.45
 Jared Goff,DET,QB,18,GB,10,24,6800,14.43
 Zach Wilson,NYJ,QB,17,TB,7,21,6500,14.42
 Zach Wilson,NYJ,QB,15,MIA,19,12,6500,14.35
 Trevor Lawrence,JAX,QB,13,LAR,12,12,6700,14.34
 Trevor Siemian,NO,QB,11,PHI,13,12,7000,14.28
 Jared Goff,DET,QB,7,LAR,10,11,6700,14.27
 Ben Roethlisberger,PIT,QB,18,BAL,27,31,6700,14.25
 Drew Lock,DEN,QB,16,LV,26,20,6600,14.23
 Baker Mayfield,CLE,QB,8,PIT,15,16,6500,14.22
 Matt Ryan,ATL,QB,9,NO,5,5,6700,14.15
 Case Keenum,CLE,QB,7,DEN,2,3,6000,14.09
 Zach Wilson,NYJ,QB,14,NO,14,27,6600,14.05
 Jared Goff,DET,QB,12,CHI,21,19,6700,14
 Mike White,NYJ,QB,9,IND,17,23,6700,14
 Jared Goff,DET,QB,15,ARI,5,3,6400,13.96
 Zach Wilson,NYJ,QB,3,DEN,3,8,6500,13.93
 Justin Fields,CHI,QB,8,SF,14,28,6400,13.92
 Trevor Siemian,NO,QB,9,ATL,24,28,7000,13.9
 Ben Roethlisberger,PIT,QB,5,DEN,2,2,6600,13.88
 Mike White,NYJ,QB,10,BUF,1,1,6700,13.76
 Matt Ryan,ATL,QB,18,NO,4,6,6400,13.73
 PJ Walker,CAR,QB,10,ARI,2,4,6200,13.73
 Zach Wilson,NYJ,QB,7,NE,7,14,6400,13.73
 Jared Goff,DET,QB,10,PIT,11,11,6500,13.7
 Taylor Heinicke,WAS,QB,17,PHI,8,9,6900,13.69
 Joe Flacco,NYJ,QB,11,MIA,28,25,6300,13.69
 Davis Mills,HOU,QB,17,SF,11,25,6400,13.52
 Davis Mills,HOU,QB,3,CAR,2,8,6500,13.47
 Trevor Lawrence,JAX,QB,18,IND,15,22,6500,13.45
 Jared Goff,DET,QB,14,DEN,5,4,6400,13.38
 Davis Mills,HOU,QB,15,JAX,21,19,6800,13.35
 Colt McCoy,ARI,QB,11,SEA,20,11,6300,13.24
 Davis Mills,HOU,QB,16,LAC,25,16,6600,13.23
 Matt Ryan,ATL,QB,17,BUF,1,1,6600,13.11
 Mike Glennon,NYG,QB,14,LAC,20,6,6200,13.07
 Sam Darnold,CAR,QB,17,NO,6,10,6600,12.98
 Trevor Siemian,NO,QB,12,BUF,1,1,7000,12.91
 Ian Book,NO,QB,16,MIA,18,12,6000,12.85
 Trevor Siemian,NO,QB,10,TEN,21,26,7000,12.83
 Mike Glennon,NYG,QB,15,DAL,15,7,6700,12.82
 Brandon Allen,CIN,QB,18,CLE,13,10,6400,12.78
 Zach Wilson,NYJ,QB,18,BUF,1,1,6500,12.67
 Drew Lock,DEN,QB,18,KC,20,29,6500,12.56
 Drew Lock,DEN,QB,17,LAC,25,18,6500,12.54
 Trevor Lawrence,JAX,QB,17,NE,2,2,6500,12.5
 Mike Glennon,NYG,QB,13,MIA,24,22,6100,12.5
 Colt McCoy,ARI,QB,10,CAR,4,6,6500,12.47
 Cam Newton,CAR,QB,16,TB,9,25,7200,12.45
 Davis Mills,HOU,QB,14,SEA,23,12,6600,12.4
 Davis Mills,HOU,QB,6,IND,26,30,6700,12.4
 Davis Mills,HOU,QB,18,TEN,11,14,6400,12.37
 Sean Mannion,MIN,QB,17,GB,13,24,6000,12.27
 Nick Foles,CHI,QB,16,SEA,24,12,6100,12.22
 Sam Darnold,CAR,QB,18,TB,9,23,6600,12.16
 Davis Mills,HOU,QB,4,BUF,3,4,6400,12.09
 Nick Mullens,CLE,QB,15,LV,28,24,6500,11.89
 Tyler Huntley,BAL,QB,11,CHI,26,20,6100,11.84
 Jake Fromm,NYG,QB,16,PHI,11,17,6400,11.72
 Davis Mills,HOU,QB,7,ARI,2,5,6400,11.67
 Mike White,NYJ,QB,8,CIN,5,9,,11.56
 Davis Mills,HOU,QB,5,NE,3,3,6300,11.49
 Tim Boyle,DET,QB,11,CLE,16,29,6000,11.35
 Davis Mills,HOU,QB,8,LAR,10,6,6300,11.34
 Tim Boyle,DET,QB,17,SEA,24,14,6200,11.15
 Jake Fromm,NYG,QB,18,WAS,29,32,6200,10.83
 Tim Boyle,DET,QB,16,ATL,29,31,6000,10.76
 Colt McCoy,ARI,QB,9,SF,13,29,6000,10.72
 Aaron Rodgers,GB,QB,18,DET,31,25,8200,10.09
 Jordan Love,GB,QB,18,DET,31,25,6700,9.28
 Mike Glennon,NYG,QB,17,CHI,22,29,6200,8.34
 Cooper Rush,DAL,QB,8,MIN,16,8,6000,7.65
 Mike Glennon,NYG,QB,6,LAR,19,17,6400,7.07
 Jacoby Brissett,MIA,QB,6,JAX,28,18,6600,6.48
 Garrett Gilbert,WAS,QB,15,PHI,15,21,6400,5.3
 Sam Darnold,CAR,QB,16,TB,9,25,6200,4.89
 Justin Fields,CHI,QB,18,MIN,30,27,7100,4.78
 Tim Boyle,DET,QB,18,GB,10,24,6800,4.16
 Cam Newton,CAR,QB,17,NO,6,10,6600,3.71
 Jake Fromm,NYG,QB,17,CHI,22,29,6200,3.45
 Case Keenum,CLE,QB,8,PIT,15,16,6400,3.41
 Cooper Rush,DAL,QB,18,PHI,7,10,6200,3.4
 Trey Lance,SF,QB,1,DET,32,32,6300,3.24
 Sean Mannion,MIN,QB,18,CHI,17,18,6300,3.14
 Trey Lance,SF,QB,8,CHI,18,14,6900,2.99
 Trey Lance,SF,QB,3,GB,18,26,6400,2.6
 Cam Newton,CAR,QB,18,TB,9,23,6300,2.51
 Trey Lance,SF,QB,2,PHI,2,2,6400,2.51
 Justin Fields,CHI,QB,2,CIN,20,21,6400,2.47
 Trey Lance,SF,QB,4,SEA,27,16,6200,2.41
 Tyrod Taylor,HOU,QB,8,LAR,10,6,6300,2.4
 Trey Lance,SF,QB,9,ARI,2,2,7200,2.36
 Trey Lance,SF,QB,10,LAR,8,9,7000,2.26
 Nick Foles,CHI,QB,4,DET,28,24,6000,2.16
 PJ Walker,CAR,QB,15,BUF,1,1,6300,2.16
 PJ Walker,CAR,QB,11,WAS,31,32,6200,2.02
 Kyle Allen,WAS,QB,17,PHI,8,9,6200,2
 Davis Mills,HOU,QB,9,MIA,31,30,6900,1.7
 Trey Lance,SF,QB,11,JAX,17,16,7100,1.66
 Kyle Allen,WAS,QB,7,GB,8,15,6000,1.62
 Trey Lance,SF,QB,18,LAR,8,4,7000,1.54
 Mason Rudolph,PIT,QB,11,LAC,15,6,6300,1.48
 Brandon Allen,CIN,QB,6,DET,25,12,6400,1.47
 Kyle Allen,WAS,QB,2,NYG,18,19,6000,1.46
 Jacob Eason,IND,QB,3,TEN,31,31,6500,1.45
 Drew Lock,DEN,QB,7,CLE,19,30,6100,1.26
 Trey Lance,SF,QB,12,MIN,28,26,6500,1.25
 Trey Lance,SF,QB,13,SEA,23,11,6600,1.24
 Jake Fromm,NYG,QB,15,DAL,15,7,6100,1.22
 Cam Newton,CAR,QB,10,ARI,2,4,6000,1.17
 Case Keenum,CLE,QB,11,DET,29,18,6800,1.15
 Andy Dalton,CHI,QB,6,GB,11,16,6400,1.14
 Dwayne Haskins,PIT,QB,10,DET,30,19,6300,1.14
 Drew Lock,DEN,QB,5,PIT,15,23,6600,1.12
 Drew Lock,DEN,QB,6,LV,9,9,6600,1.07
 Jordan Love,GB,QB,10,SEA,19,14,6400,1
 Drew Lock,DEN,QB,2,JAX,29,22,6300,0.97
 Mike White,NYJ,QB,11,MIA,28,25,6700,0.96
 Mitch Trubisky,BUF,QB,5,KC,31,31,6100,0.94
 Brandon Allen,CIN,QB,5,GB,10,17,6000,0.94
 Mason Rudolph,PIT,QB,3,CIN,10,13,6100,0.92
 Drew Lock,DEN,QB,1,NYG,11,6,6600,0.92
 Brian Hoyer,NE,QB,5,HOU,26,27,6000,0.91
 Brandon Allen,CIN,QB,2,CHI,27,23,6200,0.91
 Brandon Allen,CIN,QB,1,MIN,25,13,6300,0.91
 PJ Walker,CAR,QB,9,NE,6,6,6300,0.9
 Drew Lock,DEN,QB,8,WAS,32,32,6100,0.88
 Brian Hoyer,NE,QB,7,NYJ,19,7,6000,0.87
 Case Keenum,CLE,QB,5,LAC,7,4,6000,0.86
 Kyle Allen,WAS,QB,8,DEN,4,4,6000,0.86
 Gardner Minshew,PHI,QB,9,LAC,16,4,6100,0.85
 John Wolford,LAR,QB,8,HOU,26,22,6100,0.84
 PJ Walker,CAR,QB,14,ATL,30,31,6100,0.84
 Case Keenum,CLE,QB,9,CIN,9,15,6200,0.83
