name,team,pos,wk,opp,TGTS,REC,PCT,YDS,TD,LNG,Y/T,Y/R,ATT,YDS,AVG,TD,FUM,LST,FPTS/G,FPTS
 T.J. HockensonF • 45 - 48 vs. SEA,DET,TE,4,SEA,12,8,66.7,179,2,81,14.9,22.4,0,0,0,0,0,0,42.9,42.9
 Evan EngramF • 22 - 36 @ TEN,JAX,TE,14,TEN,15,11,73.3,162,2,25,10.8,14.7,0,0,0,0,0,0,42.2,42.2
 T.J. HockensonF • 27 - 24 vs. NYG,MIN,TE,16,NYG,16,13,81.2,109,2,16,6.8,8.4,0,0,0,0,0,0,38.9,38.9
 Travis KelceF • 27 - 30 @ LAC,KC,TE,11,LAC,10,6,60,115,3,34,11.5,19.2,0,0,0,0,0,0,38.5,38.5
 Taysom HillF • 39 - 32 vs. SEA,NO,TE,5,SEA,0,0,0,0,0,0,0,0,9,112,12.4,3,1,0,37.1,37.08
 Travis KelceF • 30 - 29 vs. LV,KC,TE,5,LV,8,7,87.5,25,4,8,3.1,3.6,0,0,0,0,0,0,33.5,33.5
 George KittleF • 37 - 20 vs. WAS,SF,TE,16,WAS,8,6,75,120,2,34,15,20,0,0,0,0,0,0,33,33
 Tyler HigbeeF • 51 - 14 vs. DEN,LAR,TE,16,DEN,11,9,81.8,94,2,21,8.5,10.4,0,0,0,0,0,0,30.4,30.4
 Travis KelceF • 21 - 44 @ ARI,KC,TE,1,ARI,9,8,88.9,121,1,35,13.4,15.1,0,0,0,0,0,0,29.1,29.1
 Mark AndrewsF • 26 - 37 @ NE,BAL,TE,3,NE,13,8,61.5,89,2,25,6.8,11.1,0,0,0,0,0,0,28.9,28.9
 Mark AndrewsF • 38 - 42 vs. MIA,BAL,TE,2,MIA,11,9,81.8,104,1,25,9.5,11.6,1,3,3,0,0,0,28.7,28.7
 Dallas GoedertF • 17 - 29 @ HOU,PHI,TE,9,HOU,9,8,88.9,100,1,21,11.1,12.5,0,0,0,0,0,0,27,27
 Mark AndrewsF • 24 - 20 @ NYG,BAL,TE,6,NYG,11,7,63.6,106,1,18,9.6,15.1,0,0,0,0,0,0,26.6,26.6
 Mo Alie-CoxF • 17 - 24 vs. TEN,IND,TE,4,TEN,6,6,100,85,2,34,14.2,14.2,0,0,0,0,0,0,26.5,26.5
 Tyler ConklinF • 17 - 22 vs. NE,NYJ,TE,8,NE,10,6,60,79,2,27,7.9,13.2,0,0,0,0,0,0,25.9,25.9
 Shane ZylstraF • 37 - 23 @ CAR,DET,TE,16,CAR,6,5,83.3,26,3,10,4.3,5.2,0,0,0,0,0,0,25.6,25.6
 George KittleF • 13 - 21 @ SEA,SF,TE,15,SEA,5,4,80,93,2,54,18.6,23.2,0,0,0,0,0,0,25.3,25.3
 Jordan AkinsF • 31 - 32 @ IND,HOU,TE,18,IND,8,4,50,70,2,28,8.8,17.5,0,0,0,0,0,0,25,25
 Mike GesickiF • 16 - 24 vs. MIN,MIA,TE,6,MIN,7,6,85.7,69,2,18,9.9,11.5,0,0,0,0,0,0,24.9,24.9
 Dalton SchultzF • 13 - 27 @ TEN,DAL,TE,17,TEN,10,7,70,56,2,13,5.6,8,0,0,0,0,0,0,24.6,24.6
 George KittleF • 10 - 38 @ ARI,SF,TE,11,ARI,6,4,66.7,84,2,39,14,21,0,0,0,0,0,0,24.4,24.4
 Travis KelceF • 31 - 41 @ TB,KC,TE,4,TB,10,9,90,92,1,22,9.2,10.2,0,0,0,0,0,0,24.2,24.2
 David NjokuF • 29 - 17 vs. PIT,CLE,TE,3,PIT,10,9,90,89,1,19,8.9,9.9,0,0,0,0,0,0,23.9,23.9
 Travis KelceF/OT • 20 - 17 vs. TEN,KC,TE,9,TEN,17,10,58.8,106,0,23,6.2,10.6,0,0,0,0,0,0,23.6,23.6
 Travis KelceF/OT • 24 - 30 @ HOU,KC,TE,15,HOU,10,10,100,105,0,18,10.5,10.5,0,0,0,0,0,0,23.5,23.5
 Cole KmetF • 30 - 31 vs. DET,CHI,TE,10,DET,7,4,57.1,74,2,50,10.6,18.5,0,0,0,0,0,0,23.4,23.4
 Mark AndrewsF • 19 - 17 vs. CIN,BAL,TE,5,CIN,10,8,80,89,1,20,8.9,11.1,0,0,0,0,0,0,22.9,22.9
 Juwan JohnsonF • 21 - 18 vs. ATL,NO,TE,15,ATL,6,4,66.7,67,2,22,11.2,16.8,0,0,0,0,0,0,22.7,22.7
 Travis KelceF • 20 - 24 vs. BUF,KC,TE,6,BUF,10,8,80,108,0,25,10.8,13.5,1,4,4,0,0,0,22.2,22.2
 Cole KmetF • 32 - 35 vs. MIA,CHI,TE,9,MIA,6,5,83.3,41,2,18,6.8,8.2,2,9,4.5,0,0,0,22,22
 Mark AndrewsF • 13 - 16 vs. PIT,BAL,TE,17,PIT,9,9,100,100,0,19,11.1,11.1,0,0,0,0,0,0,22,22
 Dawson KnoxF • 32 - 29 vs. MIA,BUF,TE,15,MIA,8,6,75,98,1,45,12.2,16.3,0,0,0,0,0,0,21.8,21.8
 George KittleF • 23 - 44 vs. KC,SF,TE,7,KC,9,6,66.7,98,1,34,10.9,16.3,0,0,0,0,0,0,21.8,21.8
 Evan EngramF • 3 - 19 @ NYJ,JAX,TE,16,NYJ,8,7,87.5,113,0,36,14.1,16.1,0,0,0,0,0,0,21.3,21.3
 Isaiah LikelyF • 27 - 16 @ CIN,BAL,TE,18,CIN,13,8,61.5,103,0,28,7.9,12.9,0,0,0,0,0,0,21.3,21.3
 Trey McBrideF • 20 - 19 @ ATL,ARI,TE,17,ATL,10,7,70,78,1,26,7.8,11.1,0,0,0,0,0,0,20.8,20.8
 Travis KelceF • 24 - 10 vs. SEA,KC,TE,16,SEA,8,6,75,113,0,52,14.1,18.8,0,0,0,0,0,0,20.3,20.3
 Juwan JohnsonF • 42 - 34 @ ARI,NO,TE,7,ARI,5,5,100,32,2,17,6.4,6.4,0,0,0,0,0,0,20.2,20.2
 Travis KelceF • 27 - 17 vs. JAX,KC,TE,10,JAX,7,6,85.7,81,1,46,11.6,13.5,0,0,0,0,0,0,20.1,20.1
 Isaiah LikelyF • 22 - 27 @ TB,BAL,TE,8,TB,7,6,85.7,77,1,17,11,12.8,0,0,0,0,0,0,19.7,19.7
 Austin HooperF • 17 - 27 @ GB,TEN,TE,11,GB,4,4,100,36,2,16,9,9,0,0,0,0,0,0,19.6,19.6
 Dalton SchultzF • 28 - 20 vs. NYG,DAL,TE,12,NYG,4,4,100,31,2,15,7.8,7.8,0,0,0,0,0,0,19.1,19.1
 Kyle PittsF/OT • 37 - 34 vs. CAR,ATL,TE,8,CAR,9,5,55.6,80,1,33,8.9,16,0,0,0,0,0,0,19,19
 Robert TonyanF • 10 - 27 vs. NYJ,GB,TE,6,NYJ,12,10,83.3,90,0,16,7.5,9,0,0,0,0,0,0,19,19
 George KittleF • 38 - 13 vs. ARI,SF,TE,18,ARI,6,4,66.7,29,2,15,4.8,7.2,0,0,0,0,0,0,18.9,18.9
 David NjokuF • 23 - 10 @ CIN,CLE,TE,14,CIN,9,7,77.8,59,1,14,6.6,8.4,1,-2,-2,0,0,0,18.7,18.7
 Chigoziem OkonkwoF • 22 - 36 vs. JAX,TEN,TE,14,JAX,6,6,100,45,1,15,7.5,7.5,1,0,0,0,0,0,18.5,18.5
 C.J. UzomahF • 17 - 20 vs. DET,NYJ,TE,15,DET,2,2,100,41,2,40,20.5,20.5,0,0,0,0,0,0,18.1,18.1
 Travis KelceF • 20 - 17 @ IND,KC,TE,3,IND,8,4,50,58,1,29,7.2,14.5,1,1,1,0,0,0,17.9,17.9
 O.J. HowardF/OT • 20 - 20 vs. IND,HOU,TE,1,IND,2,2,100,38,2,22,19,19,0,0,0,0,0,0,17.8,17.8
 Cade OttonF • 16 - 13 vs. LAR,TB,TE,9,LAR,6,5,83.3,68,1,28,11.3,13.6,0,0,0,0,0,0,17.8,17.8
 Jelani WoodsF • 17 - 24 vs. PIT,IND,TE,12,PIT,9,8,88.9,98,0,28,10.9,12.2,0,0,0,0,1,0,17.8,17.8
 Josh OliverF • 28 - 27 @ JAX,BAL,TE,12,JAX,6,4,66.7,76,1,40,12.7,19,0,0,0,0,0,0,17.6,17.6
 Dallas GoedertF • 17 - 20 @ ARI,PHI,TE,5,ARI,9,8,88.9,95,0,31,10.6,11.9,0,0,0,0,0,0,17.5,17.5
 Dalton SchultzF/OT • 31 - 28 @ GB,DAL,TE,10,GB,8,6,75,54,1,16,6.8,9,0,0,0,0,0,0,17.4,17.4
 Hayden HurstF • 19 - 17 @ BAL,CIN,TE,5,BAL,7,6,85.7,53,1,19,7.6,8.8,0,0,0,0,0,0,17.3,17.3
 Tyler HigbeeF • 24 - 9 @ SF,LAR,TE,4,SF,14,10,71.4,73,0,12,5.2,7.3,0,0,0,0,0,0,17.3,17.3
 Gerald EverettF • 24 - 34 @ HOU,LAC,TE,4,HOU,6,5,83.3,61,1,18,10.2,12.2,0,0,0,0,0,0,17.1,17.1
 Darren WallerF/OT • 23 - 29 vs. ARI,LV,TE,2,ARI,8,6,75,50,1,19,6.2,8.3,0,0,0,0,0,0,17,17
 Zach ErtzF • 16 - 26 @ CAR,ARI,TE,4,CAR,6,6,100,47,1,23,7.8,7.8,0,0,0,0,0,0,16.7,16.7
 Tyler ConklinF • 12 - 27 vs. CIN,NYJ,TE,3,CIN,8,8,100,84,0,21,10.5,10.5,0,0,0,0,0,0,16.4,16.4
 Brock WrightF • 41 - 10 vs. CHI,DET,TE,17,CHI,4,3,75,13,2,9,3.2,4.3,0,0,0,0,0,0,16.3,16.3
 George KittleF • 28 - 14 @ ATL,SF,TE,6,ATL,10,8,80,83,0,19,8.3,10.4,0,0,0,0,0,0,16.3,16.3
 Darren WallerF/OT • 34 - 37 vs. SF,LV,TE,17,SF,5,3,60,72,1,24,14.4,24,0,0,0,0,0,0,16.2,16.2
 Hunter HenryF • 15 - 38 @ CLE,NE,TE,6,CLE,7,4,57.1,61,1,31,8.7,15.2,0,0,0,0,0,0,16.1,16.1
 Jordan AkinsF • 30 - 15 @ MIA,HOU,TE,12,MIA,5,5,100,61,1,25,12.2,12.2,0,0,0,0,1,1,16.1,16.1
 T.J. HockensonF • 17 - 20 @ WAS,MIN,TE,9,WAS,9,9,100,70,0,19,7.8,7.8,0,0,0,0,0,0,16,16
 Pat FreiermuthF • 30 - 37 vs. CIN,PIT,TE,11,CIN,12,8,66.7,79,0,27,6.6,9.9,0,0,0,0,0,0,15.9,15.9
 Travis KelceF • 23 - 44 @ SF,KC,TE,7,SF,8,6,75,98,0,27,12.2,16.3,0,0,0,0,0,0,15.8,15.8
 Travis KelceF • 26 - 10 vs. LAR,KC,TE,12,LAR,8,4,50,57,1,39,7.1,14.2,0,0,0,0,0,0,15.7,15.7
 Cole KmetF • 13 - 29 vs. MIN,CHI,TE,18,MIN,5,4,80,57,1,17,11.4,14.2,0,0,0,0,0,0,15.7,15.7
 Evan EngramF • 17 - 21 vs. DEN,JAX,TE,8,DEN,6,4,66.7,55,1,22,9.2,13.8,0,0,0,0,0,0,15.5,15.5
 Pat FreiermuthF • 20 - 24 vs. NYJ,PIT,TE,4,NYJ,9,7,77.8,85,0,24,9.4,12.1,0,0,0,0,0,0,15.5,15.5
 Zach ErtzF/OT • 23 - 29 @ LV,ARI,TE,2,LV,11,8,72.7,75,0,16,6.8,9.4,0,0,0,0,0,0,15.5,15.5
 Pat FreiermuthF • 16 - 10 @ MIA,PIT,TE,7,MIA,9,8,88.9,75,0,21,8.3,9.4,0,0,0,0,0,0,15.5,15.5
 Juwan JohnsonF • 20 - 10 @ PIT,NO,TE,10,PIT,7,5,71.4,44,1,15,6.3,8.8,0,0,0,0,0,0,15.4,15.4
 Taysom HillF • 26 - 27 @ ATL,NO,TE,1,ATL,1,1,100,2,0,2,2,2,4,81,20.2,1,0,0,15.3,15.3
 Jelani WoodsF • 20 - 17 vs. KC,IND,TE,3,KC,3,2,66.7,13,2,12,4.3,6.5,0,0,0,0,0,0,15.3,15.3
 Hunter HenryF • 33 - 26 @ MIN,NE,TE,12,MIN,5,3,60,63,1,37,12.6,21,0,0,0,0,0,0,15.3,15.3
 T.J. HockensonF • 33 - 26 vs. NE,MIN,TE,12,NE,6,5,83.3,43,1,14,7.2,8.6,0,0,0,0,0,0,15.3,15.3
 Tyler HigbeeF • 17 - 27 vs. ARI,LAR,TE,10,ARI,8,8,100,73,0,25,9.1,9.1,0,0,0,0,0,0,15.3,15.3
 Zach ErtzF • 21 - 31 vs. SEA,ARI,TE,9,SEA,8,5,62.5,40,1,14,5,8,0,0,0,0,0,0,15,15
 Lawrence CagerF • 22 - 16 @ PHI,NYG,TE,18,PHI,10,8,80,69,0,16,6.9,8.6,0,0,0,0,0,0,14.9,14.9
 Daniel BellingerF • 24 - 20 vs. BAL,NYG,TE,6,BAL,5,5,100,38,1,10,7.6,7.6,0,0,0,0,0,0,14.8,14.8
 Cade OttonF • 17 - 16 vs. NO,TB,TE,13,NO,10,6,60,28,1,10,2.8,4.7,0,0,0,0,0,0,14.8,14.8
 David NjokuF • 28 - 30 vs. LAC,CLE,TE,5,LAC,6,6,100,88,0,38,14.7,14.7,0,0,0,0,0,0,14.8,14.8
 Dalton SchultzF • 27 - 23 vs. HOU,DAL,TE,14,HOU,10,6,60,87,0,22,8.7,14.5,0,0,0,0,0,0,14.7,14.7
 Colby ParkinsonF • 23 - 6 vs. NYJ,SEA,TE,17,NYJ,7,5,71.4,36,1,12,5.1,7.2,0,0,0,0,0,0,14.6,14.6
 Noah FantF • 21 - 31 @ ARI,SEA,TE,9,ARI,6,5,83.3,96,0,51,16,19.2,0,0,0,0,0,0,14.6,14.6
 Irv Smith Jr.F • 24 - 7 @ PHI,MIN,TE,2,PHI,8,5,62.5,36,1,15,4.5,7.2,0,0,0,0,0,0,14.6,14.6
 Greg DulcichF • 10 - 9 @ BAL,DEN,TE,13,BAL,8,6,75,85,0,30,10.6,14.2,0,0,0,0,0,0,14.5,14.5
 Gerald EverettF • 24 - 19 vs. LV,LAC,TE,1,LV,4,3,75,54,1,25,13.5,18,0,0,0,0,0,0,14.4,14.4
 Robert TonyanF • 41 - 17 vs. MIN,GB,TE,17,MIN,4,3,75,52,1,24,13,17.3,0,0,0,0,0,0,14.2,14.2
 Noah FantF • 23 - 27 @ LAR,SEA,TE,13,LAR,5,4,80,42,1,17,8.4,10.5,0,0,0,0,0,0,14.2,14.2
 David NjokuF • 28 - 14 @ PIT,CLE,TE,18,PIT,5,4,80,42,1,18,8.4,10.5,0,0,0,0,0,0,14.2,14.2
 Noah FantF • 13 - 21 vs. SF,SEA,TE,15,SF,6,5,83.3,32,1,12,5.3,6.4,0,0,0,0,0,0,14.2,14.2
 Evan EngramF/OT • 40 - 34 vs. DAL,JAX,TE,15,DAL,10,8,80,62,0,13,6.2,7.8,0,0,0,0,0,0,14.2,14.2
 Mike GesickiF • 38 - 42 @ BAL,MIA,TE,2,BAL,4,4,100,41,1,14,10.2,10.2,0,0,0,0,0,0,14.1,14.1
 Dawson KnoxF • 20 - 12 vs. NYJ,BUF,TE,14,NYJ,7,4,57.1,41,1,24,5.9,10.2,0,0,0,0,0,0,14.1,14.1
 Tyler HigbeeF • 31 - 27 vs. ATL,LAR,TE,2,ATL,9,7,77.8,71,0,18,7.9,10.1,0,0,0,0,0,0,14.1,14.1
 David NjokuF • 23 - 20 @ BAL,CLE,TE,7,BAL,7,7,100,71,0,22,10.1,10.1,0,0,0,0,0,0,14.1,14.1
 Jake FergusonF • 26 - 17 @ PHI,DAL,TE,6,PHI,6,4,66.7,40,1,22,6.7,10,0,0,0,0,0,0,14,14
 Evan EngramF • 40 - 14 @ DET,JAX,TE,13,DET,7,5,71.4,30,1,7,4.3,6,0,0,0,0,0,0,14,14
 Tyler ConklinF • 23 - 6 @ SEA,NYJ,TE,17,SEA,6,6,100,80,0,30,13.3,13.3,0,0,0,0,0,0,14,14
 Dawson KnoxF • 31 - 23 vs. CLE,BUF,TE,11,CLE,7,7,100,70,0,23,10,10,0,0,0,0,0,0,14,14
 Zach ErtzF • 19 - 9 @ SEA,ARI,TE,6,SEA,10,7,70,70,0,32,7,10,0,0,0,0,0,0,14,14
 Greg DulcichF • 51 - 14 @ LAR,DEN,TE,16,LAR,8,4,50,39,1,11,4.9,9.8,0,0,0,0,0,0,13.9,13.9
 Will DisslyF • 45 - 48 @ DET,SEA,TE,4,DET,4,4,100,39,1,17,9.8,9.8,0,0,0,0,0,0,13.9,13.9
 David NjokuF/OT • 23 - 17 vs. TB,CLE,TE,12,TB,7,5,71.4,29,1,12,4.1,5.8,0,0,0,0,0,0,13.9,13.9
 Darren WallerF • 30 - 24 vs. NE,LV,TE,15,NE,3,3,100,48,1,25,16,16,0,0,0,0,0,0,13.8,13.8
 Juwan JohnsonF • 27 - 20 vs. LAR,NO,TE,11,LAR,4,3,75,47,1,26,11.8,15.7,0,0,0,0,0,0,13.7,13.7
 Kyle PittsF • 23 - 27 @ SEA,ATL,TE,3,SEA,8,5,62.5,87,0,28,10.9,17.4,0,0,0,0,0,0,13.7,13.7
 Pat FreiermuthF • 13 - 10 vs. LV,PIT,TE,16,LV,8,7,87.5,66,0,17,8.2,9.4,0,0,0,0,0,0,13.6,13.6
 Taysom HillF • 10 - 20 @ PHI,NO,TE,17,PHI,1,1,100,10,0,10,10,10,14,46,3.3,1,0,0,13.6,13.56
 Albert OkwuegbunamF • 27 - 24 @ KC,DEN,TE,17,KC,6,3,50,45,1,25,7.5,15,0,0,0,0,0,0,13.5,13.5
 Zach ErtzF • 34 - 26 @ MIN,ARI,TE,8,MIN,5,4,80,34,1,13,6.8,8.5,0,0,0,0,0,0,13.4,13.4
 Dalton SchultzF • 49 - 29 vs. CHI,DAL,TE,8,CHI,7,6,85.7,74,0,30,10.6,12.3,0,0,0,0,0,0,13.4,13.4
 Taysom HillF • 17 - 16 @ TB,NO,TE,13,TB,3,2,66.7,35,1,30,11.7,17.5,3,10,3.3,0,0,0,13.3,13.34
 Foster MoreauF • 20 - 25 vs. IND,LV,TE,10,IND,4,3,75,43,1,21,10.8,14.3,0,0,0,0,0,0,13.3,13.3
 Will DisslyF • 17 - 16 vs. DEN,SEA,TE,1,DEN,3,3,100,43,1,38,14.3,14.3,0,0,0,0,0,0,13.3,13.3
 Chigoziem OkonkwoF • 20 - 16 @ JAX,TEN,TE,18,JAX,4,3,75,42,1,21,10.5,14,0,0,0,0,0,0,13.2,13.2
 Dallas GoedertF • 24 - 7 vs. MIN,PHI,TE,2,MIN,6,5,83.3,82,0,24,13.7,16.4,0,0,0,0,0,0,13.2,13.2
 Cole KmetF • 19 - 28 vs. GB,CHI,TE,13,GB,7,6,85.7,72,0,24,10.3,12,0,0,0,0,0,0,13.2,13.2
 Dalton SchultzF • 3 - 19 vs. TB,DAL,TE,1,TB,9,7,77.8,62,0,14,6.9,8.9,0,0,0,0,0,0,13.2,13.2
 Gerald EverettF • 27 - 24 @ KC,LAC,TE,2,KC,10,6,60,71,0,26,7.1,11.8,0,0,0,0,0,0,13.1,13.1
 Gerald EverettF • 27 - 20 @ LV,LAC,TE,13,LV,6,5,83.3,80,0,19,13.3,16,0,0,0,0,0,0,13,13
 George KittleF • 14 - 31 @ LAR,SF,TE,8,LAR,5,3,60,39,1,23,7.8,13,0,0,0,0,0,0,12.9,12.9
 Evan EngramF • 6 - 13 vs. HOU,JAX,TE,5,HOU,10,6,60,69,0,28,6.9,11.5,0,0,0,0,0,0,12.9,12.9
 T.J. HockensonF • 41 - 17 @ GB,MIN,TE,17,GB,12,7,58.3,59,0,13,4.9,8.4,0,0,0,0,0,0,12.9,12.9
 Dawson KnoxF • 13 - 35 @ CHI,BUF,TE,16,CHI,5,3,60,38,1,24,7.6,12.7,0,0,0,0,0,0,12.8,12.8
 Chigoziem OkonkwoF • 17 - 24 @ IND,TEN,TE,4,IND,3,3,100,38,1,23,12.7,12.7,0,0,0,0,0,0,12.8,12.8
 Mike GesickiF • 27 - 31 @ DET,MIA,TE,8,DET,4,3,75,38,1,20,9.5,12.7,0,0,0,0,0,0,12.8,12.8
 Logan ThomasF • 36 - 27 @ DET,WAS,TE,2,DET,5,3,60,37,1,20,7.4,12.3,0,0,0,0,0,0,12.7,12.7
 Dawson KnoxF • 20 - 24 @ KC,BUF,TE,6,KC,3,3,100,37,1,20,12.3,12.3,0,0,0,0,0,0,12.7,12.7
 Tyler HigbeeF • 24 - 12 @ GB,LAR,TE,15,GB,5,4,80,27,1,8,5.4,6.8,0,0,0,0,0,0,12.7,12.7
 Greg DulcichF • 17 - 21 @ JAX,DEN,TE,8,JAX,5,4,80,87,0,38,17.4,21.8,0,0,0,0,0,0,12.7,12.7
 T.J. HockensonF • 34 - 23 @ DET,MIN,TE,14,DET,8,6,75,77,0,21,9.6,12.8,0,0,0,0,1,1,12.7,12.7
 Pat FreiermuthF/OT • 20 - 23 @ CIN,PIT,TE,1,CIN,10,5,50,75,0,31,7.5,15,0,0,0,0,0,0,12.5,12.5
 Greg DulcichF/OT • 19 - 16 @ LAC,DEN,TE,6,LAC,3,2,66.7,44,1,39,14.7,22,0,0,0,0,0,0,12.4,12.4
 Will DisslyF • 23 - 27 vs. ATL,SEA,TE,3,ATL,3,3,100,34,1,18,11.3,11.3,0,0,0,0,0,0,12.4,12.4
 Mitchell WilcoxF • 23 - 34 @ TB,CIN,TE,15,TB,3,3,100,34,1,19,11.3,11.3,0,0,0,0,0,0,12.4,12.4
 MyCole PruittF • 30 - 17 vs. TB,ATL,TE,18,TB,5,3,60,34,1,29,6.8,11.3,0,0,0,0,0,0,12.4,12.4
 Dallas GoedertF • 35 - 13 vs. PIT,PHI,TE,8,PIT,6,6,100,64,0,17,10.7,10.7,0,0,0,0,0,0,12.4,12.4
 Colby ParkinsonF • 17 - 16 vs. DEN,SEA,TE,1,DEN,2,2,100,43,1,25,21.5,21.5,0,0,0,0,0,0,12.3,12.3
 Tommy TrembleF • 30 - 24 @ TB,CAR,TE,17,TB,3,3,100,33,1,17,11,11,0,0,0,0,0,0,12.3,12.3
 Pat FreiermuthF • 14 - 16 vs. BAL,PIT,TE,14,BAL,6,3,50,33,1,14,5.5,11,0,0,0,0,0,0,12.3,12.3
 Foster MoreauF/OT • 34 - 40 @ SEA,LV,TE,12,SEA,7,3,42.9,33,1,17,4.7,11,0,0,0,0,0,0,12.3,12.3
 George KittleF/OT • 34 - 37 @ LV,SF,TE,17,LV,8,4,50,23,1,9,2.9,5.8,0,0,0,0,0,0,12.3,12.3
 Mark AndrewsF • 13 - 3 vs. CAR,BAL,TE,11,CAR,8,6,75,63,0,16,7.9,10.5,0,0,0,0,0,0,12.3,12.3
 Juwan JohnsonF • 13 - 27 vs. BAL,NO,TE,9,BAL,2,2,100,42,1,41,21,21,0,0,0,0,0,0,12.2,12.2
 Pat FreiermuthF • 14 - 17 vs. NE,PIT,TE,2,NE,7,4,57.1,22,1,8,3.1,5.5,0,0,0,0,0,0,12.2,12.2
 Dallas GoedertF • 29 - 21 vs. JAX,PHI,TE,4,JAX,6,5,83.3,72,0,26,12,14.4,0,0,0,0,0,0,12.2,12.2
 Brock WrightF • 17 - 20 @ NYJ,DET,TE,15,NYJ,2,1,50,51,1,51,25.5,51,0,0,0,0,0,0,12.1,12.1
 Jordan AkinsF • 23 - 20 @ CHI,HOU,TE,3,CHI,4,3,75,31,1,25,7.8,10.3,0,0,0,0,0,0,12.1,12.1
 Darren WallerF • 24 - 19 @ LAC,LV,TE,1,LAC,6,4,66.7,79,0,31,13.2,19.8,0,0,0,0,0,0,11.9,11.9
 Eric TomlinsonF • 24 - 15 vs. ARI,DEN,TE,15,ARI,3,3,100,28,1,18,9.3,9.3,0,0,0,0,0,0,11.8,11.8
 Austin HooperF • 22 - 36 vs. JAX,TEN,TE,14,JAX,5,5,100,68,0,24,13.6,13.6,0,0,0,0,0,0,11.8,11.8
 Hayden HurstF • 27 - 15 vs. MIA,CIN,TE,4,MIA,4,3,75,27,1,19,6.8,9,0,0,0,0,0,0,11.7,11.7
 Hayden HurstF • 16 - 20 @ TEN,CIN,TE,12,TEN,9,6,66.7,57,0,29,6.3,9.5,0,0,0,0,0,0,11.7,11.7
 Taysom HillF • 10 - 17 @ CLE,NO,TE,16,CLE,0,0,0,0,0,0,0,0,9,56,6.2,1,0,0,11.6,11.6
 Dallas GoedertF • 8 - 24 @ WAS,PHI,TE,3,WAS,4,3,75,26,1,23,6.5,8.7,0,0,0,0,0,0,11.6,11.6
 Tyler ConklinF • 9 - 24 vs. BAL,NYJ,TE,1,BAL,7,4,57.1,16,1,6,2.3,4,0,0,0,0,1,0,11.6,11.6
 Logan ThomasF • 10 - 24 vs. CLE,WAS,TE,17,CLE,7,6,85.7,56,0,15,8,9.3,0,0,0,0,0,0,11.6,11.6
 Evan EngramF • 24 - 0 vs. IND,JAX,TE,2,IND,8,7,87.5,46,0,12,5.8,6.6,0,0,0,0,0,0,11.6,11.6
 Tyler HigbeeF • 10 - 22 vs. DAL,LAR,TE,5,DAL,10,7,70,46,0,10,4.6,6.6,0,0,0,0,0,0,11.6,11.6
 Logan ThomasF • 10 - 23 @ HOU,WAS,TE,11,HOU,6,5,83.3,65,0,19,10.8,13,0,0,0,0,0,0,11.5,11.5
 T.J. HockensonF/OT • 30 - 33 @ BUF,MIN,TE,10,BUF,10,7,70,45,0,16,4.5,6.4,0,0,0,0,0,0,11.5,11.5
 Zach ErtzF • 21 - 44 vs. KC,ARI,TE,1,KC,4,2,50,14,1,8,3.5,7,0,0,0,0,0,0,11.4,11.4
 John BatesF • 19 - 13 vs. ATL,WAS,TE,12,ATL,4,3,75,24,1,16,6,8,0,0,0,0,0,0,11.4,11.4
 Teagan QuitorianoF • 31 - 32 @ IND,HOU,TE,18,IND,4,3,75,83,0,52,20.8,27.7,0,0,0,0,0,0,11.3,11.3
 Gerald EverettF • 23 - 37 vs. SEA,LAC,TE,7,SEA,9,5,55.6,63,0,24,7,12.6,0,0,0,0,0,0,11.3,11.3
 Travis KelceF • 27 - 24 vs. DEN,KC,TE,17,DEN,10,7,70,43,0,12,4.3,6.1,0,0,0,0,0,0,11.3,11.3
 Adam TrautmanF • 39 - 32 vs. SEA,NO,TE,5,SEA,3,2,66.7,32,1,22,10.7,16,0,0,0,0,0,0,11.2,11.2
 Marcedes LewisF • 20 - 26 @ MIA,GB,TE,16,MIA,2,2,100,32,1,31,16,16,0,0,0,0,0,0,11.2,11.2
 Jordan AkinsF/OT • 24 - 30 vs. KC,HOU,TE,15,KC,6,3,50,22,1,12,3.7,7.3,0,0,0,0,0,0,11.2,11.2
 Juwan JohnsonF • 10 - 20 @ PHI,NO,TE,17,PHI,7,5,71.4,62,0,21,8.9,12.4,0,0,0,0,0,0,11.2,11.2
 Travis KelceF • 28 - 34 @ DEN,KC,TE,14,DEN,9,4,44.4,71,0,37,7.9,17.8,0,0,0,0,0,0,11.1,11.1
 Greg DulcichF • 9 - 16 vs. NYJ,DEN,TE,7,NYJ,9,6,66.7,51,0,16,5.7,8.5,0,0,0,0,0,0,11.1,11.1
 T.J. HockensonF • 27 - 31 vs. MIA,DET,TE,8,MIA,4,3,75,80,0,58,20,26.7,0,0,0,0,0,0,11,11
 Mark AndrewsF • 28 - 27 @ JAX,BAL,TE,12,JAX,7,4,57.1,50,0,25,7.1,12.5,0,0,0,0,1,0,11,11
 Geoff SwaimF • 24 - 22 vs. LV,TEN,TE,3,LV,3,3,100,19,1,13,6.3,6.3,0,0,0,0,0,0,10.9,10.9
 Kyle PittsF • 28 - 14 vs. SF,ATL,TE,6,SF,3,3,100,19,1,7,6.3,6.3,0,0,0,0,0,0,10.9,10.9
 Ross DwelleyF • 27 - 7 vs. SEA,SF,TE,2,SEA,1,1,100,38,1,38,38,38,0,0,0,0,0,0,10.8,10.8
 T.J. HockensonF • 28 - 24 @ MIN,DET,TE,3,MIN,4,3,75,18,1,7,4.5,6,0,0,0,0,0,0,10.8,10.8
 Chigoziem OkonkwoF • 35 - 10 @ PHI,TEN,TE,13,PHI,5,4,80,68,0,41,13.6,17,0,0,0,0,0,0,10.8,10.8
 Zach ErtzF • 17 - 20 vs. PHI,ARI,TE,5,PHI,10,6,60,48,0,11,4.8,8,0,0,0,0,0,0,10.8,10.8
 Hayden HurstF • 35 - 17 vs. ATL,CIN,TE,7,ATL,8,6,75,48,0,14,6,8,0,0,0,0,0,0,10.8,10.8
 Cole KmetF • 41 - 10 @ DET,CHI,TE,17,DET,3,2,66.7,27,1,14,9,13.5,0,0,0,0,0,0,10.7,10.7
 Jelani WoodsF • 34 - 27 vs. JAX,IND,TE,6,JAX,3,2,66.7,27,1,17,9,13.5,0,0,0,0,0,0,10.7,10.7
 Evan EngramF • 17 - 23 vs. NYG,JAX,TE,7,NYG,7,4,57.1,67,0,28,9.6,16.8,0,0,0,0,0,0,10.7,10.7
 Irv Smith Jr.F • 16 - 24 @ MIA,MIN,TE,6,MIA,4,4,100,7,1,4,1.8,1.8,0,0,0,0,1,0,10.7,10.7
 David NjokuF • 23 - 20 @ ATL,CLE,TE,4,ATL,7,5,71.4,73,0,25,10.4,14.6,1,-6,-6,0,1,1,10.7,10.7
 Pat FreiermuthF • 16 - 19 @ ATL,PIT,TE,13,ATL,5,3,60,76,0,57,15.2,25.3,0,0,0,0,0,0,10.6,10.6
 Dallas GoedertF • 22 - 16 vs. NYG,PHI,TE,18,NYG,7,6,85.7,46,0,14,6.6,7.7,0,0,0,0,0,0,10.6,10.6
 Gerald EverettF • 31 - 10 vs. LAR,LAC,TE,17,LAR,3,3,100,15,1,7,5,5,0,0,0,0,0,0,10.5,10.5
 Harrison BryantF • 39 - 17 @ MIA,CLE,TE,10,MIA,3,3,100,15,1,12,5,5,0,0,0,0,0,0,10.5,10.5
 Zach ErtzF • 12 - 20 vs. LAR,ARI,TE,3,LAR,10,6,60,45,0,12,4.5,7.5,0,0,0,0,0,0,10.5,10.5
 Noah FantF • 19 - 9 vs. ARI,SEA,TE,6,ARI,7,6,85.7,45,0,15,6.4,7.5,0,0,0,0,0,0,10.5,10.5
 Daniel BellingerF • 22 - 27 @ GB,NYG,TE,5,GB,3,2,66.7,22,0,11,7.3,11,1,2,2,1,0,0,10.4,10.4
 Cade OttonF • 21 - 3 @ CAR,TB,TE,7,CAR,5,4,80,64,0,35,12.8,16,0,0,0,0,0,0,10.4,10.4
 Dallas GoedertF • 21 - 32 vs. WAS,PHI,TE,10,WAS,3,3,100,23,1,15,7.7,7.7,0,0,0,0,1,1,10.3,10.3
 Cade OttonF • 21 - 15 vs. ATL,TB,TE,5,ATL,7,6,85.7,43,0,12,6.1,7.2,0,0,0,0,0,0,10.3,10.3
 Taysom HillF • 21 - 18 vs. ATL,NO,TE,15,ATL,0,0,0,0,0,0,0,0,7,30,4.3,0,1,0,10.2,10.2
 Robert TonyanF/OT • 27 - 24 vs. NE,GB,TE,4,NE,2,2,100,22,1,20,11,11,0,0,0,0,0,0,10.2,10.2
 Isaiah LikelyF • 13 - 16 vs. PIT,BAL,TE,17,PIT,5,3,60,12,1,11,2.4,4,0,0,0,0,0,0,10.2,10.2
 Jordan AkinsF • 24 - 16 @ NYG,HOU,TE,10,NYG,3,3,100,72,0,46,24,24,0,0,0,0,0,0,10.2,10.2
 Kylen GransonF • 17 - 24 vs. TEN,IND,TE,4,TEN,4,4,100,62,0,20,15.5,15.5,0,0,0,0,0,0,10.2,10.2
 Hunter HenryF • 23 - 21 vs. MIA,NE,TE,17,MIA,6,5,83.3,52,0,29,8.7,10.4,0,0,0,0,0,0,10.2,10.2
 Mark AndrewsF • 9 - 24 @ NYJ,BAL,TE,1,NYJ,7,5,71.4,52,0,17,7.4,10.4,0,0,0,0,0,0,10.2,10.2
 Cameron BrateF • 12 - 14 vs. GB,TB,TE,3,GB,6,5,83.3,52,0,19,8.7,10.4,0,0,0,0,0,0,10.2,10.2
 Hunter HenryF • 35 - 23 @ BUF,NE,TE,18,BUF,7,6,85.7,42,0,13,6,7,0,0,0,0,0,0,10.2,10.2
 Taysom HillF • 42 - 34 @ ARI,NO,TE,7,ARI,1,1,100,3,1,3,3,3,3,9,3,0,0,0,10.1,10.12
 Tyler HigbeeF • 12 - 20 @ ARI,LAR,TE,3,ARI,4,4,100,61,0,26,15.2,15.2,0,0,0,0,0,0,10.1,10.1
 Travis KelceF • 27 - 24 vs. LAC,KC,TE,2,LAC,7,5,71.4,51,0,19,7.3,10.2,0,0,0,0,0,0,10.1,10.1
 Noah GrayF • 27 - 17 vs. JAX,KC,TE,10,JAX,2,2,100,20,1,13,10,10,0,0,0,0,0,0,10,10
 Hunter HenryF • 13 - 27 @ ARI,NE,TE,14,ARI,3,3,100,70,0,39,23.3,23.3,0,0,0,0,0,0,10,10
 Chigoziem OkonkwoF • 17 - 14 @ LAC,TEN,TE,15,LAC,5,4,80,54,0,28,10.8,13.5,1,6,6,0,0,0,10,10
 Tyler ConklinF • 30 - 31 @ CLE,NYJ,TE,2,CLE,9,6,66.7,40,0,13,4.4,6.7,0,0,0,0,1,0,10,10
 Tommy TrembleF • 21 - 3 vs. TB,CAR,TE,7,TB,1,1,100,29,1,29,29,29,0,0,0,0,0,0,9.9,9.9
 Dalton SchultzF • 24 - 6 vs. DET,DAL,TE,7,DET,5,5,100,49,0,15,9.8,9.8,0,0,0,0,0,0,9.9,9.9
 Mike GesickiF • 23 - 21 @ NE,MIA,TE,17,NE,4,2,50,18,1,14,4.5,9,0,0,0,0,0,0,9.8,9.8
 Jordan AkinsF • 38 - 20 @ LV,HOU,TE,7,LV,4,3,75,68,0,39,17,22.7,0,0,0,0,0,0,9.8,9.8
 Gerald EverettF • 31 - 28 @ DEN,LAC,TE,18,DEN,5,3,60,8,1,6,1.6,2.7,0,0,0,0,0,0,9.8,9.8
 Darren WallerF • 13 - 10 @ PIT,LV,TE,16,PIT,5,4,80,58,0,34,11.6,14.5,0,0,0,0,0,0,9.8,9.8
 Travis KelceF • 13 - 31 @ LV,KC,TE,18,LV,7,6,85.7,38,0,15,5.4,6.3,0,0,0,0,0,0,9.8,9.8
 Dallas GoedertF • 40 - 34 @ DAL,PHI,TE,16,DAL,3,3,100,67,0,25,22.3,22.3,0,0,0,0,0,0,9.7,9.7
 Dawson KnoxF/OT • 30 - 33 vs. MIN,BUF,TE,10,MIN,6,4,66.7,57,0,22,9.5,14.2,0,0,0,0,0,0,9.7,9.7
 Kylen GransonF • 20 - 25 @ LV,IND,TE,10,LV,4,4,100,57,0,32,14.2,14.2,0,0,0,0,0,0,9.7,9.7
 Brock WrightF • 24 - 6 @ DAL,DET,TE,7,DAL,4,4,100,57,0,23,14.2,14.2,0,0,0,0,0,0,9.7,9.7
 Pat FreiermuthF • 35 - 13 @ PHI,PIT,TE,8,PHI,7,4,57.1,57,0,21,8.1,14.2,0,0,0,0,0,0,9.7,9.7
 Robert TonyanF • 12 - 14 @ TB,GB,TE,3,TB,7,6,85.7,37,0,9,5.3,6.2,0,0,0,0,0,0,9.7,9.7
 Hayden HurstF/OT • 20 - 23 vs. PIT,CIN,TE,1,PIT,8,5,62.5,46,0,20,5.8,9.2,0,0,0,0,0,0,9.6,9.6
 Trey McBrideF • 24 - 15 @ DEN,ARI,TE,15,DEN,5,4,80,55,0,29,11,13.8,0,0,0,0,0,0,9.5,9.5
 Mitchell WilcoxF • 18 - 22 @ NE,CIN,TE,16,NE,6,6,100,35,0,10,5.8,5.8,0,0,0,0,0,0,9.5,9.5
 Logan ThomasF • 37 - 20 @ SF,WAS,TE,16,SF,8,6,75,35,0,15,4.4,5.8,0,0,0,0,0,0,9.5,9.5
 Isaiah LikelyF • 13 - 27 @ NO,BAL,TE,9,NO,5,1,20,24,1,24,4.8,24,0,0,0,0,0,0,9.4,9.4
 Mark AndrewsF • 10 - 9 vs. DEN,BAL,TE,13,DEN,7,4,57.1,53,0,22,7.6,13.2,1,1,1,0,0,0,9.4,9.4
 Hunter HenryF • 29 - 0 vs. DET,NE,TE,5,DET,5,4,80,54,0,23,10.8,13.5,0,0,0,0,0,0,9.4,9.4
 Dawson KnoxF • 35 - 23 vs. NE,BUF,TE,18,NE,2,2,100,13,1,9,6.5,6.5,0,0,0,0,0,0,9.3,9.3
 Zach GentryF • 38 - 3 @ BUF,PIT,TE,5,BUF,6,5,83.3,43,0,11,7.2,8.6,0,0,0,0,0,0,9.3,9.3
 Eric SaubertF • 16 - 9 vs. HOU,DEN,TE,2,HOU,2,1,50,22,1,22,11,22,0,0,0,0,0,0,9.2,9.2
 Noah FantF • 24 - 10 @ KC,SEA,TE,16,KC,3,2,66.7,12,1,6,4,6,0,0,0,0,0,0,9.2,9.2
 Cole KmetF • 49 - 29 @ DAL,CHI,TE,8,DAL,2,2,100,11,1,10,5.5,5.5,0,0,0,0,0,0,9.1,9.1
 Austin HooperF • 17 - 10 vs. DEN,TEN,TE,10,DEN,7,5,71.4,41,0,17,5.9,8.2,0,0,0,0,0,0,9.1,9.1
 Josiah DeguaraF • 15 - 9 @ DET,GB,TE,9,DET,5,5,100,41,0,25,8.2,8.2,0,0,0,0,0,0,9.1,9.1
 Foster MoreauF • 24 - 0 @ NO,LV,TE,8,NO,9,6,66.7,31,0,12,3.4,5.2,0,0,0,0,0,0,9.1,9.1
 Peyton HendershotF/OT • 40 - 34 @ JAX,DAL,TE,15,JAX,1,1,100,20,1,20,20,20,0,0,0,0,0,0,9,9
 Dawson KnoxF • 27 - 17 vs. GB,BUF,TE,8,GB,3,2,66.7,10,1,9,3.3,5,0,0,0,0,0,0,9,9
 Dallas GoedertF • 35 - 38 @ DET,PHI,TE,1,DET,4,3,75,60,0,27,15,20,0,0,0,0,0,0,9,9
 Hunter HenryF • 26 - 3 vs. IND,NE,TE,9,IND,4,4,100,50,0,30,12.5,12.5,0,0,0,0,0,0,9,9
 Evan EngramF • 34 - 27 @ IND,JAX,TE,6,IND,6,5,83.3,40,0,16,6.7,8,0,0,0,0,0,0,9,9
 Lawrence CagerF • 24 - 16 vs. HOU,NYG,TE,10,HOU,2,2,100,9,1,9,4.5,4.5,0,0,0,0,0,0,8.9,8.9
 MyCole PruittF • 19 - 13 @ WAS,ATL,TE,12,WAS,3,2,66.7,9,1,5,3,4.5,0,0,0,0,0,0,8.9,8.9
 MyCole PruittF • 20 - 19 vs. ARI,ATL,TE,17,ARI,4,4,100,49,0,25,12.2,12.2,0,0,0,0,0,0,8.9,8.9
 Charlie KolarF • 27 - 16 @ CIN,BAL,TE,18,CIN,6,4,66.7,49,0,15,8.2,12.2,0,0,0,0,0,0,8.9,8.9
 Tyler HigbeeF • 10 - 31 vs. BUF,LAR,TE,1,BUF,11,5,45.5,39,0,11,3.5,7.8,0,0,0,0,0,0,8.9,8.9
 James MitchellF • 15 - 9 vs. GB,DET,TE,9,GB,2,2,100,8,1,5,4,4,0,0,0,0,0,0,8.8,8.8
 Josh OliverF • 26 - 37 @ NE,BAL,TE,3,NE,2,2,100,8,1,7,4,4,0,0,0,0,0,0,8.8,8.8
 Tanner HudsonF • 27 - 13 @ SEA,NYG,TE,8,SEA,5,3,60,58,0,27,11.6,19.3,0,0,0,0,0,0,8.8,8.8
 David NjokuF • 15 - 38 vs. NE,CLE,TE,6,NE,6,3,50,58,0,33,9.7,19.3,0,0,0,0,0,0,8.8,8.8
 T.J. HockensonF • 24 - 6 @ DAL,DET,TE,7,DAL,5,4,80,48,0,16,9.6,12,0,0,0,0,0,0,8.8,8.8
 Connor HeywardF • 16 - 19 @ ATL,PIT,TE,13,ATL,1,1,100,17,1,17,17,17,0,0,0,0,0,0,8.7,8.7
 Blake BellF • 27 - 24 vs. DEN,KC,TE,17,DEN,1,1,100,17,1,17,17,17,0,0,0,0,0,0,8.7,8.7
 Brycen HopkinsF • 51 - 14 vs. DEN,LAR,TE,16,DEN,3,3,100,57,0,22,19,19,0,0,0,0,0,0,8.7,8.7
 Jake FergusonF • 28 - 20 vs. NYG,DAL,TE,12,NYG,3,3,100,57,0,30,19,19,0,0,0,0,0,0,8.7,8.7
 George KittleF • 15 - 37 @ CAR,SF,TE,5,CAR,6,5,83.3,47,0,20,7.8,9.4,0,0,0,0,1,1,8.7,8.7
 Daniel BellingerF • 19 - 16 vs. CAR,NYG,TE,2,CAR,1,1,100,16,1,16,16,16,0,0,0,0,0,0,8.6,8.6
 Austin HooperF • 19 - 10 vs. IND,TEN,TE,7,IND,3,3,100,56,0,23,18.7,18.7,0,0,0,0,0,0,8.6,8.6
 Brevin JordanF • 14 - 27 vs. CLE,HOU,TE,13,CLE,5,4,80,46,0,20,9.2,11.5,0,0,0,0,0,0,8.6,8.6
 Mike GesickiF • 11 - 6 vs. NYJ,MIA,TE,18,NYJ,6,4,66.7,46,0,32,7.7,11.5,0,0,0,0,0,0,8.6,8.6
 Travis KelceF • 27 - 24 @ CIN,KC,TE,13,CIN,6,4,66.7,56,0,19,9.3,14,0,0,0,0,1,1,8.6,8.6
 Gerald EverettF • 17 - 20 @ ATL,LAC,TE,9,ATL,8,5,62.5,36,0,16,4.5,7.2,1,0,0,0,0,0,8.6,8.6
 Eric SaubertF/OT • 9 - 12 vs. IND,DEN,TE,5,IND,7,5,71.4,36,0,10,5.1,7.2,0,0,0,0,0,0,8.6,8.6
 Peyton HendershotF • 24 - 6 vs. DET,DAL,TE,7,DET,2,2,100,5,1,3,2.5,2.5,0,0,0,0,0,0,8.5,8.5
 Foster MoreauF/OT • 34 - 37 vs. SF,LV,TE,17,SF,3,3,100,55,0,21,18.3,18.3,0,0,0,0,0,0,8.5,8.5
 Cole KmetF • 29 - 22 @ MIN,CHI,TE,5,MIN,4,4,100,45,0,23,11.2,11.2,0,0,0,0,0,0,8.5,8.5
 Tyler HigbeeF • 27 - 20 @ NO,LAR,TE,11,NO,8,4,50,45,0,20,5.6,11.2,0,0,0,0,0,0,8.5,8.5
 Jonnu SmithF • 10 - 3 vs. NYJ,NE,TE,11,NYJ,4,4,100,40,0,26,10,10,1,5,5,0,1,0,8.5,8.5
 Will DisslyF • 23 - 37 @ LAC,SEA,TE,7,LAC,4,4,100,45,0,16,11.2,11.2,0,0,0,0,0,0,8.5,8.5
 Hayden HurstF • 42 - 21 vs. CAR,CIN,TE,9,CAR,5,5,100,35,0,13,7,7,0,0,0,0,0,0,8.5,8.5
 Robert TonyanF • 27 - 17 @ BUF,GB,TE,8,BUF,6,5,83.3,35,0,15,5.8,7,0,0,0,0,0,0,8.5,8.5
 Quintin MorrisF • 32 - 29 vs. MIA,BUF,TE,15,MIA,1,1,100,14,1,14,14,14,0,0,0,0,0,0,8.4,8.4
 T.J. HockensonF • 3 - 40 vs. DAL,MIN,TE,11,DAL,9,5,55.6,34,0,11,3.8,6.8,0,0,0,0,0,0,8.4,8.4
 T.J. HockensonF/OT • 39 - 36 vs. IND,MIN,TE,15,IND,9,3,33.3,33,0,14,3.7,11,0,0,0,0,0,0,8.3,8.3
 Donald Parham Jr.F/OT • 19 - 16 vs. DEN,LAC,TE,6,DEN,3,3,100,53,0,24,17.7,17.7,0,0,0,0,0,0,8.3,8.3
 Isaiah LikelyF • 38 - 42 vs. MIA,BAL,TE,2,MIA,5,4,80,43,0,34,8.6,10.8,0,0,0,0,0,0,8.3,8.3
 Albert OkwuegbunamF • 17 - 16 @ SEA,DEN,TE,1,SEA,6,5,83.3,33,0,12,5.5,6.6,0,0,0,0,0,0,8.3,8.3
 Taysom HillF • 24 - 0 vs. LV,NO,TE,8,LV,2,1,50,11,0,11,5.5,11,10,61,6.1,0,0,0,8.3,8.28
 Tyler ConklinF • 20 - 24 @ PIT,NYJ,TE,4,PIT,5,3,60,52,0,26,10.4,17.3,0,0,0,0,0,0,8.2,8.2
 Irv Smith Jr.F • 29 - 22 vs. CHI,MIN,TE,5,CHI,5,4,80,42,0,15,8.4,10.5,0,0,0,0,0,0,8.2,8.2
 Gerald EverettF • 17 - 14 vs. TEN,LAC,TE,15,TEN,6,4,66.7,42,0,21,7,10.5,0,0,0,0,0,0,8.2,8.2
 Hayden HurstF • 32 - 13 @ CLE,CIN,TE,8,CLE,4,4,100,42,0,21,10.5,10.5,0,0,0,0,0,0,8.2,8.2
 Taysom HillF • 25 - 28 vs. MIN,NO,TE,4,MIN,0,0,0,0,0,0,0,0,5,21,4.2,1,0,0,8.1,8.1
 Jonnu SmithF • 15 - 38 @ CLE,NE,TE,6,CLE,2,2,100,61,0,53,30.5,30.5,0,0,0,0,0,0,8.1,8.1
 Tommy TrembleF • 42 - 21 @ CIN,CAR,TE,9,CIN,4,2,50,11,1,8,2.8,5.5,0,0,0,0,1,1,8.1,8.1
 Connor HeywardF • 28 - 14 vs. CLE,PIT,TE,18,CLE,4,3,75,45,0,27,11.2,15,1,6,6,0,0,0,8.1,8.1
 Dawson KnoxF • 41 - 7 vs. TEN,BUF,TE,2,TEN,5,4,80,41,0,15,8.2,10.2,0,0,0,0,0,0,8.1,8.1
 Harrison BryantF • 31 - 23 @ BUF,CLE,TE,11,BUF,7,4,57.1,41,0,14,5.9,10.2,0,0,0,0,0,0,8.1,8.1
 Juwan JohnsonF • 26 - 30 vs. CIN,NO,TE,6,CIN,6,4,66.7,41,0,20,6.8,10.2,0,0,0,0,0,0,8.1,8.1
 Jody FortsonF • 31 - 41 @ TB,KC,TE,4,TB,1,1,100,10,1,10,10,10,0,0,0,0,0,0,8,8
 Tyler ConklinF • 31 - 10 vs. CHI,NYJ,TE,12,CHI,3,3,100,50,0,29,16.7,16.7,0,0,0,0,0,0,8,8
 Juwan JohnsonF • 10 - 20 vs. TB,NO,TE,2,TB,7,4,57.1,40,0,22,5.7,10,0,0,0,0,0,0,8,8
 Daniel BellingerF • 16 - 23 vs. DAL,NYG,TE,3,DAL,5,4,80,40,0,20,8,10,0,0,0,0,0,0,8,8
 Durham SmytheF • 40 - 17 @ NYJ,MIA,TE,5,NYJ,1,1,100,8,0,8,8,8,1,1,1,1,0,0,7.9,7.9
 Noah FantF • 39 - 32 @ NO,SEA,TE,5,NO,5,3,60,49,0,32,9.8,16.3,0,0,0,0,0,0,7.9,7.9
 Gerald EverettF/OT • 19 - 16 vs. DEN,LAC,TE,6,DEN,7,5,71.4,29,0,9,4.1,5.8,0,0,0,0,0,0,7.9,7.9
 Teagan QuitorianoF/OT • 24 - 30 vs. KC,HOU,TE,15,KC,2,1,50,8,1,8,4,8,0,0,0,0,0,0,7.8,7.8
 Kyle RudolphF • 30 - 17 @ ATL,TB,TE,18,ATL,1,1,100,8,1,8,8,8,0,0,0,0,0,0,7.8,7.8
 T.J. HockensonF • 35 - 38 vs. PHI,DET,TE,1,PHI,7,4,57.1,38,0,16,5.4,9.5,0,0,0,0,0,0,7.8,7.8
 Gerald EverettF • 24 - 25 @ ARI,LAC,TE,12,ARI,4,4,100,18,0,10,4.5,4.5,0,0,0,0,0,0,7.8,7.8
 Kylen GransonF • 34 - 27 vs. JAX,IND,TE,6,JAX,4,4,100,38,0,17,9.5,9.5,0,0,0,0,1,0,7.8,7.8
 Austin HooperF • 20 - 16 @ JAX,TEN,TE,18,JAX,4,4,100,38,0,14,9.5,9.5,0,0,0,0,0,0,7.8,7.8
 Tyler ConklinF • 20 - 12 @ BUF,NYJ,TE,14,BUF,8,5,62.5,28,0,7,3.5,5.6,0,0,0,0,0,0,7.8,7.8
 Gerald EverettF • 23 - 17 vs. MIA,LAC,TE,14,MIA,8,5,62.5,28,0,11,3.5,5.6,0,0,0,0,0,0,7.8,7.8
 MyCole PruittF • 16 - 19 vs. PIT,ATL,TE,13,PIT,1,1,100,7,1,7,7,7,0,0,0,0,0,0,7.7,7.7
 Tyler MabryF • 23 - 6 vs. NYJ,SEA,TE,17,NYJ,1,1,100,7,1,7,7,7,0,0,0,0,0,0,7.7,7.7
 Cole KmetF • 13 - 35 vs. BUF,CHI,TE,16,BUF,6,5,83.3,27,0,7,4.5,5.4,0,0,0,0,0,0,7.7,7.7
 Pat FreiermuthF • 20 - 10 vs. NO,PIT,TE,10,NO,7,4,57.1,36,0,12,5.1,9,0,0,0,0,0,0,7.6,7.6
 Taysom HillF • 27 - 20 vs. LAR,NO,TE,11,LAR,1,1,100,8,0,8,8,8,9,52,5.8,0,0,0,7.6,7.56
 Ko KieftF/OT • 23 - 17 @ CLE,TB,TE,12,CLE,1,1,100,5,1,5,5,5,0,0,0,0,0,0,7.5,7.5
 Dallas GoedertF • 10 - 20 vs. NO,PHI,TE,17,NO,6,3,50,45,0,18,7.5,15,0,0,0,0,0,0,7.5,7.5
 Noah GrayF/OT • 20 - 17 vs. TEN,KC,TE,9,TEN,3,3,100,45,0,27,15,15,0,0,0,0,0,0,7.5,7.5
 Harrison BryantF • 30 - 31 vs. NYJ,CLE,TE,2,NYJ,4,3,75,45,0,30,11.2,15,0,0,0,0,0,0,7.5,7.5
 Noah GrayF • 28 - 34 @ DEN,KC,TE,14,DEN,3,3,100,45,0,25,15,15,0,0,0,0,0,0,7.5,7.5
 Logan ThomasF • 28 - 22 vs. JAX,WAS,TE,1,JAX,6,3,50,45,0,27,7.5,15,0,0,0,0,0,0,7.5,7.5
 Mark AndrewsF • 17 - 9 vs. ATL,BAL,TE,16,ATL,5,3,60,45,0,36,9,15,0,0,0,0,0,0,7.5,7.5
 Colby ParkinsonF • 24 - 10 @ KC,SEA,TE,16,KC,4,3,75,45,0,39,11.2,15,0,0,0,0,0,0,7.5,7.5
 Durham SmytheF • 30 - 15 vs. HOU,MIA,TE,12,HOU,1,1,100,4,1,4,4,4,0,0,0,0,0,0,7.4,7.4
 Mo Alie-CoxF • 31 - 32 vs. HOU,IND,TE,18,HOU,1,1,100,4,1,4,4,4,0,0,0,0,0,0,7.4,7.4
 Foster MoreauF • 24 - 22 @ TEN,LV,TE,3,TEN,4,3,75,44,0,22,11,14.7,0,0,0,0,0,0,7.4,7.4
 Tyler ConklinF • 3 - 19 vs. JAX,NYJ,TE,16,JAX,4,4,100,34,0,27,8.5,8.5,0,0,0,0,0,0,7.4,7.4
 Daniel BellingerF/OT • 20 - 20 vs. WAS,NYG,TE,13,WAS,5,5,100,24,0,8,4.8,4.8,0,0,0,0,0,0,7.4,7.4
 Hayden HurstF • 20 - 17 @ DAL,CIN,TE,2,DAL,7,5,71.4,24,0,8,3.4,4.8,0,0,0,0,0,0,7.4,7.4
 Donald Parham Jr.F • 31 - 10 vs. LAR,LAC,TE,17,LAR,1,1,100,3,1,3,3,3,0,0,0,0,0,0,7.3,7.3
 Eric TomlinsonF • 31 - 28 vs. LAC,DEN,TE,18,LAC,1,1,100,3,1,3,3,3,0,0,0,0,0,0,7.3,7.3
 Ian ThomasF • 24 - 26 vs. CLE,CAR,TE,1,CLE,3,2,66.7,53,0,50,17.7,26.5,0,0,0,0,0,0,7.3,7.3
 Dalton SchultzF • 40 - 34 vs. PHI,DAL,TE,16,PHI,4,3,75,43,0,21,10.8,14.3,0,0,0,0,0,0,7.3,7.3
 Jelani WoodsF • 3 - 20 vs. LAC,IND,TE,16,LAC,5,3,60,43,0,17,8.6,14.3,0,0,0,0,0,0,7.3,7.3
 Kyle PittsF • 27 - 24 vs. CHI,ATL,TE,11,CHI,5,3,60,43,0,18,8.6,14.3,0,0,0,0,0,0,7.3,7.3
 Peyton HendershotF • 16 - 23 @ NYG,DAL,TE,3,NYG,3,3,100,43,0,29,14.3,14.3,0,0,0,0,0,0,7.3,7.3
 T.J. HockensonF • 27 - 22 vs. NYJ,MIN,TE,13,NYJ,6,4,66.7,33,0,13,5.5,8.2,0,0,0,0,0,0,7.3,7.3
 Tyler HigbeeF/OT • 19 - 16 @ SEA,LAR,TE,18,SEA,7,4,57.1,33,0,17,4.7,8.2,0,0,0,0,0,0,7.3,7.3
 Dalton SchultzF • 26 - 6 @ WAS,DAL,TE,18,WAS,9,4,44.4,33,0,12,3.7,8.2,0,0,0,0,0,0,7.3,7.3
 Brock WrightF • 30 - 31 @ CHI,DET,TE,10,CHI,1,1,100,2,1,2,2,2,0,0,0,0,0,0,7.2,7.2
 Teagan QuitorianoF • 17 - 29 vs. PHI,HOU,TE,9,PHI,1,1,100,2,1,2,2,2,0,0,0,0,0,0,7.2,7.2
 Marcedes LewisF • 22 - 27 vs. NYG,GB,TE,5,NYG,1,1,100,2,1,2,2,2,0,0,0,0,0,0,7.2,7.2
 Noah FantF • 45 - 48 @ DET,SEA,TE,4,DET,1,1,100,2,1,2,2,2,0,0,0,0,0,0,7.2,7.2
 MyCole PruittF • 28 - 14 vs. SF,ATL,TE,6,SF,1,1,100,2,1,2,2,2,0,0,0,0,0,0,7.2,7.2
 Andrew BeckF • 17 - 16 @ SEA,DEN,TE,1,SEA,3,2,66.7,52,0,27,17.3,26,0,0,0,0,0,0,7.2,7.2
 Daniel BellingerF • 38 - 10 vs. IND,NYG,TE,17,IND,3,3,100,42,0,24,14,14,0,0,0,0,0,0,7.2,7.2
 Greg DulcichF • 28 - 34 vs. KC,DEN,TE,14,KC,8,3,37.5,42,0,23,5.2,14,0,0,0,0,0,0,7.2,7.2
 Cameron BrateF • 31 - 41 vs. KC,TB,TE,4,KC,8,4,50,32,0,11,4,8,0,0,0,0,0,0,7.2,7.2
 Shane ZylstraF • 15 - 9 vs. GB,DET,TE,9,GB,1,1,100,1,1,1,1,1,0,0,0,0,0,0,7.1,7.1
 Jody FortsonF • 21 - 44 @ ARI,KC,TE,1,ARI,1,1,100,1,1,1,1,1,0,0,0,0,0,0,7.1,7.1
 Chris MyarickF • 20 - 21 @ TEN,NYG,TE,1,TEN,1,1,100,1,1,1,1,1,0,0,0,0,0,0,7.1,7.1
 Johnny MundtF • 34 - 26 vs. ARI,MIN,TE,8,ARI,1,1,100,1,1,1,1,1,0,0,0,0,0,0,7.1,7.1
 Jake FergusonF • 49 - 29 vs. CHI,DAL,TE,8,CHI,1,1,100,1,1,1,1,1,0,0,0,0,0,0,7.1,7.1
 Jody FortsonF • 27 - 30 @ LAC,KC,TE,11,LAC,2,2,100,51,0,40,25.5,25.5,0,0,0,0,0,0,7.1,7.1
 Jack StollF • 35 - 10 vs. TEN,PHI,TE,13,TEN,3,3,100,41,0,26,13.7,13.7,0,0,0,0,0,0,7.1,7.1
 Trey McBrideF • 38 - 13 @ SF,ARI,TE,18,SF,3,3,100,41,0,23,13.7,13.7,0,0,0,0,0,0,7.1,7.1
 Dawson KnoxF • 20 - 23 @ BAL,BUF,TE,4,BAL,6,3,50,40,0,20,6.7,13.3,0,0,0,0,0,0,7,7
 Isaiah LikelyF • 10 - 9 vs. DEN,BAL,TE,13,DEN,4,4,100,30,0,12,7.5,7.5,0,0,0,0,0,0,7,7
 Greg DulcichF/OT • 16 - 22 vs. LV,DEN,TE,11,LV,5,4,80,30,0,15,6,7.5,0,0,0,0,0,0,7,7
 Connor HeywardF • 20 - 18 vs. TB,PIT,TE,6,TB,3,2,66.7,49,0,45,16.3,24.5,0,0,0,0,0,0,6.9,6.9
 John BatesF • 17 - 21 vs. TEN,WAS,TE,5,TEN,3,3,100,39,0,20,13,13,0,0,0,0,0,0,6.9,6.9
 Jordan AkinsF • 14 - 19 @ TEN,HOU,TE,16,TEN,3,3,100,39,0,30,13,13,0,0,0,0,0,0,6.9,6.9
 Pat FreiermuthF • 17 - 24 @ IND,PIT,TE,12,IND,4,3,75,39,0,17,9.8,13,0,0,0,0,0,0,6.9,6.9
 Durham SmytheF • 11 - 6 vs. NYJ,MIA,TE,18,NYJ,5,3,60,39,0,26,7.8,13,0,0,0,0,0,0,6.9,6.9
 Logan ThomasF • 25 - 10 @ DAL,WAS,TE,4,DAL,6,5,83.3,19,0,6,3.2,3.8,0,0,0,0,0,0,6.9,6.9
 George KittleF • 35 - 7 vs. TB,SF,TE,14,TB,5,4,80,28,0,15,5.6,7,0,0,0,0,0,0,6.8,6.8
 Cade OttonF • 35 - 7 @ SF,TB,TE,14,SF,5,4,80,28,0,11,5.6,7,0,0,0,0,0,0,6.8,6.8
 Evan EngramF • 28 - 22 @ WAS,JAX,TE,1,WAS,4,4,100,28,0,11,7,7,0,0,0,0,0,0,6.8,6.8
 George KittleF • 11 - 10 @ DEN,SF,TE,3,DEN,5,4,80,28,0,11,5.6,7,0,0,0,0,0,0,6.8,6.8
 Irv Smith Jr.F • 34 - 26 vs. ARI,MIN,TE,8,ARI,4,4,100,28,0,11,7,7,0,0,0,0,0,0,6.8,6.8
 Colby ParkinsonF/OT • 19 - 16 vs. LAR,SEA,TE,18,LAR,3,2,66.7,47,0,32,15.7,23.5,0,0,0,0,0,0,6.7,6.7
 Adam TrautmanF • 25 - 28 vs. MIN,NO,TE,4,MIN,3,3,100,37,0,14,12.3,12.3,0,0,0,0,0,0,6.7,6.7
 Noah FantF • 23 - 27 vs. ATL,SEA,TE,3,ATL,4,4,100,27,0,16,6.8,6.8,0,0,0,0,0,0,6.7,6.7
 Evan EngramF • 20 - 16 vs. TEN,JAX,TE,18,TEN,4,4,100,27,0,10,6.8,6.8,0,0,0,0,0,0,6.7,6.7
 Ross DwelleyF • 14 - 31 @ LAR,SF,TE,8,LAR,1,1,100,56,0,56,56,56,0,0,0,0,0,0,6.6,6.6
 Pat FreiermuthF • 13 - 16 @ BAL,PIT,TE,17,BAL,6,3,50,36,0,20,6,12,0,0,0,0,0,0,6.6,6.6
 Robert TonyanF • 23 - 7 @ MIN,GB,TE,1,MIN,5,3,60,36,0,23,7.2,12,0,0,0,0,0,0,6.6,6.6
 Cade OttonF • 21 - 16 vs. SEA,TB,TE,10,SEA,3,3,100,35,0,25,11.7,11.7,0,0,0,0,0,0,6.5,6.5
 Cole KmetF • 27 - 24 @ ATL,CHI,TE,11,ATL,4,3,75,35,0,24,8.8,11.7,0,0,0,0,0,0,6.5,6.5
 Chigoziem OkonkwoF • 16 - 20 vs. CIN,TEN,TE,12,CIN,5,3,60,35,0,17,7,11.7,0,0,0,0,0,0,6.5,6.5
 Donald Parham Jr.F • 17 - 14 vs. TEN,LAC,TE,15,TEN,3,3,100,35,0,18,11.7,11.7,0,0,0,0,0,0,6.5,6.5
 Dawson KnoxF • 21 - 19 @ MIA,BUF,TE,3,MIA,4,4,100,25,0,8,6.2,6.2,0,0,0,0,0,0,6.5,6.5
 Jonnu SmithF • 26 - 37 vs. BAL,NE,TE,3,BAL,4,4,100,25,0,8,6.2,6.2,0,0,0,0,0,0,6.5,6.5
 Cole KmetF • 20 - 25 vs. PHI,CHI,TE,15,PHI,5,4,80,25,0,7,5,6.2,0,0,0,0,0,0,6.5,6.5
 Colby ParkinsonF • 23 - 27 vs. ATL,SEA,TE,3,ATL,2,2,100,44,0,36,22,22,0,0,0,0,0,0,6.4,6.4
 Noah FantF • 21 - 16 @ TB,SEA,TE,10,TB,4,3,75,34,0,15,8.5,11.3,0,0,0,0,0,0,6.4,6.4
 Noah FantF/OT • 34 - 40 vs. LV,SEA,TE,12,LV,3,3,100,34,0,24,11.3,11.3,0,0,0,0,0,0,6.4,6.4
 Tommy TrembleF • 16 - 26 vs. ARI,CAR,TE,4,ARI,6,3,50,34,0,16,5.7,11.3,0,0,0,0,0,0,6.4,6.4
 Juwan JohnsonF • 26 - 27 @ ATL,NO,TE,1,ATL,5,2,40,43,0,26,8.6,21.5,0,0,0,0,0,0,6.3,6.3
 Jonnu SmithF • 20 - 7 @ MIA,NE,TE,1,MIA,4,3,75,33,0,15,8.2,11,0,0,0,0,0,0,6.3,6.3
 Juwan JohnsonF • 25 - 28 vs. MIN,NO,TE,4,MIN,4,3,75,33,0,16,8.2,11,0,0,0,0,0,0,6.3,6.3
 Mark AndrewsF • 22 - 27 @ TB,BAL,TE,8,TB,5,3,60,33,0,22,6.6,11,0,0,0,0,0,0,6.3,6.3
 Robert TonyanF • 22 - 27 vs. NYG,GB,TE,5,NYG,4,4,100,23,0,14,5.8,5.8,0,0,0,0,0,0,6.3,6.3
 Peyton HendershotF • 28 - 20 vs. NYG,DAL,TE,12,NYG,0,0,0,0,0,0,0,0,1,2,2,1,0,0,6.2,6.2
 David NjokuF • 30 - 31 vs. NYJ,CLE,TE,2,NYJ,5,3,60,32,0,15,6.4,10.7,0,0,0,0,0,0,6.2,6.2
 Robert TonyanF • 23 - 21 @ WAS,GB,TE,7,WAS,4,3,75,32,0,21,8,10.7,0,0,0,0,0,0,6.2,6.2
 Tyler ConklinF • 9 - 16 @ DEN,NYJ,TE,7,DEN,6,4,66.7,22,0,8,3.7,5.5,0,0,0,0,0,0,6.2,6.2
 Noah GrayF • 31 - 41 @ TB,KC,TE,4,TB,1,0,0,0,0,0,0,0,1,1,1,1,0,0,6.1,6.1
 Pat FreiermuthF • 29 - 17 @ CLE,PIT,TE,3,CLE,4,2,50,41,0,26,10.2,20.5,0,0,0,0,0,0,6.1,6.1
 Zach ErtzF • 42 - 34 vs. NO,ARI,TE,7,NO,4,2,50,21,0,15,5.2,10.5,0,0,0,0,0,0,6.1,6.1
 Pharaoh BrownF • 23 - 20 @ CHI,HOU,TE,3,CHI,4,3,75,31,0,30,7.8,10.3,0,0,0,0,0,0,6.1,6.1
 Mark AndrewsF • 13 - 3 @ CLE,BAL,TE,15,CLE,7,3,42.9,31,0,19,4.4,10.3,0,0,0,0,0,0,6.1,6.1
 Noah GrayF/OT • 24 - 30 @ HOU,KC,TE,15,HOU,3,3,100,31,0,13,10.3,10.3,0,0,0,0,0,0,6.1,6.1
 Noah FantF • 23 - 6 vs. NYJ,SEA,TE,17,NYJ,3,2,66.7,40,0,29,13.3,20,0,0,0,0,0,0,6,6
 Zach GentryF/OT • 20 - 23 @ CIN,PIT,TE,1,CIN,2,2,100,40,0,32,20,20,0,0,0,0,0,0,6,6
 Cole KmetF • 23 - 20 vs. HOU,CHI,TE,3,HOU,3,2,66.7,40,0,24,13.3,20,0,0,0,0,0,0,6,6
 Eric SaubertF • 27 - 24 @ KC,DEN,TE,17,KC,3,3,100,30,0,24,10,10,0,0,0,0,0,0,6,6
 Foster MoreauF/OT • 23 - 29 vs. ARI,LV,TE,2,ARI,4,3,75,30,0,19,7.5,10,0,0,0,0,0,0,6,6
 Austin HooperF • 16 - 20 vs. CIN,TEN,TE,12,CIN,4,3,75,30,0,12,7.5,10,0,0,0,0,0,0,6,6
 Noah FantF/OT • 19 - 16 vs. LAR,SEA,TE,18,LAR,4,4,100,20,0,8,5,5,0,0,0,0,0,0,6,6
 Robert TonyanF • 15 - 9 @ DET,GB,TE,9,DET,4,3,75,29,0,17,7.2,9.7,0,0,0,0,0,0,5.9,5.9
 Cade OttonF • 31 - 41 vs. KC,TB,TE,4,KC,4,3,75,29,0,12,7.2,9.7,0,0,0,0,0,0,5.9,5.9
 Robert TonyanF • 16 - 20 vs. DET,GB,TE,18,DET,3,3,100,29,0,20,9.7,9.7,0,0,0,0,0,0,5.9,5.9
 Kylen GransonF • 54 - 19 @ DAL,IND,TE,13,DAL,6,4,66.7,19,0,9,3.2,4.8,0,0,0,0,0,0,5.9,5.9
 Quintin MorrisF • 38 - 3 vs. PIT,BUF,TE,5,PIT,5,3,60,39,0,26,7.8,13,0,0,0,0,1,1,5.9,5.9
 John BatesF • 25 - 10 @ DAL,WAS,TE,4,DAL,6,4,66.7,19,0,7,3.2,4.8,0,0,0,0,1,0,5.9,5.9
 Chigoziem OkonkwoF/OT • 20 - 17 @ KC,TEN,TE,9,KC,3,1,33.3,48,0,48,16,48,0,0,0,0,0,0,5.8,5.8
 Jordan AkinsF • 3 - 31 vs. JAX,HOU,TE,17,JAX,3,2,66.7,38,0,29,12.7,19,0,0,0,0,0,0,5.8,5.8
 Trey McBrideF • 13 - 27 vs. NE,ARI,TE,14,NE,6,3,50,28,0,15,4.7,9.3,0,0,0,0,0,0,5.8,5.8
 David NjokuF • 13 - 3 vs. BAL,CLE,TE,15,BAL,6,3,50,28,0,13,4.7,9.3,0,0,0,0,0,0,5.8,5.8
 Armani RogersF • 23 - 21 vs. GB,WAS,TE,7,GB,3,3,100,28,0,17,9.3,9.3,0,0,0,0,0,0,5.8,5.8
 Foster MoreauF • 38 - 20 vs. HOU,LV,TE,7,HOU,5,3,60,28,0,17,5.6,9.3,0,0,0,0,0,0,5.8,5.8
 Harrison BryantF • 23 - 20 @ ATL,CLE,TE,4,ATL,6,4,66.7,18,0,8,3,4.5,0,0,0,0,0,0,5.8,5.8
 Giovanni RicciF • 15 - 37 vs. SF,CAR,TE,5,SF,3,3,100,27,0,12,9,9,0,0,0,0,0,0,5.7,5.7
 Daniel BellingerF • 27 - 24 @ MIN,NYG,TE,16,MIN,2,2,100,27,0,15,13.5,13.5,0,0,0,0,1,1,5.7,5.7
 Cole KmetF • 31 - 10 @ NYJ,CHI,TE,12,NYJ,6,3,50,27,0,14,4.5,9,0,0,0,0,1,0,5.7,5.7
 Mike GesickiF • 16 - 10 vs. PIT,MIA,TE,7,PIT,7,3,42.9,27,0,18,3.9,9,0,0,0,0,0,0,5.7,5.7
 T.J. HockensonF • 36 - 27 vs. WAS,DET,TE,2,WAS,7,3,42.9,26,0,18,3.7,8.7,0,0,0,0,0,0,5.6,5.6
 George KittleF • 13 - 0 vs. NO,SF,TE,12,NO,4,3,75,26,0,14,6.5,8.7,0,0,0,0,0,0,5.6,5.6
 Darren WallerF • 13 - 31 vs. KC,LV,TE,18,KC,6,2,33.3,35,0,24,5.8,17.5,0,0,0,0,0,0,5.5,5.5
 Dawson KnoxF • 20 - 17 @ NYJ,BUF,TE,9,NYJ,4,3,75,25,0,17,6.2,8.3,0,0,0,0,0,0,5.5,5.5
 Austin HooperF/OT • 20 - 17 @ KC,TEN,TE,9,KC,3,2,66.7,34,0,18,11.3,17,0,0,0,0,0,0,5.4,5.4
 Kylen GransonF/OT • 39 - 36 @ MIN,IND,TE,15,MIN,2,2,100,34,0,21,17,17,0,0,0,0,0,0,5.4,5.4
 Chigoziem OkonkwoF • 13 - 27 vs. DAL,TEN,TE,17,DAL,4,3,75,24,0,12,6,8,0,0,0,0,0,0,5.4,5.4
 C.J. UzomahF • 23 - 6 @ SEA,NYJ,TE,17,SEA,7,3,42.9,24,0,12,3.4,8,0,0,0,0,0,0,5.4,5.4
 Tanner HudsonF • 24 - 16 vs. HOU,NYG,TE,10,HOU,3,3,100,24,0,16,8,8,0,0,0,0,0,0,5.4,5.4
 Foster MoreauF • 27 - 20 @ JAX,LV,TE,9,JAX,5,2,40,42,0,30,8.4,21,0,2,0,0,1,1,5.4,5.4
 Will DisslyF • 21 - 31 @ ARI,SEA,TE,9,ARI,4,3,75,24,0,13,6,8,0,0,0,0,0,0,5.4,5.4
 Pharaoh BrownF • 16 - 9 @ DEN,HOU,TE,2,DEN,5,3,60,24,0,18,4.8,8,0,0,0,0,0,0,5.4,5.4
 Tre' McKittyF • 24 - 19 vs. LV,LAC,TE,1,LV,4,3,75,24,0,12,6,8,0,0,0,0,1,0,5.4,5.4
 Ian ThomasF • 13 - 3 @ BAL,CAR,TE,11,BAL,4,3,75,24,0,12,6,8,0,0,0,0,0,0,5.4,5.4
 Trey McBrideF • 16 - 26 @ CAR,ARI,TE,4,CAR,3,3,100,24,0,11,8,8,0,0,0,0,0,0,5.4,5.4
 Darren WallerF • 32 - 23 vs. DEN,LV,TE,4,DEN,5,3,60,24,0,13,4.8,8,0,0,0,0,0,0,5.4,5.4
 Trey McBrideF • 10 - 38 vs. SF,ARI,TE,11,SF,4,4,100,14,0,6,3.5,3.5,0,0,0,0,0,0,5.4,5.4
 Hayden HurstF • 27 - 16 vs. BAL,CIN,TE,18,BAL,5,4,80,14,0,7,2.8,3.5,0,0,0,0,0,0,5.4,5.4
 Dalton SchultzF • 54 - 19 vs. IND,DAL,TE,13,IND,6,2,33.3,33,0,22,5.5,16.5,0,0,0,0,0,0,5.3,5.3
 Austin HooperF • 17 - 14 @ LAC,TEN,TE,15,LAC,4,2,50,33,0,17,8.2,16.5,0,0,0,0,0,0,5.3,5.3
 Jordan AkinsF • 24 - 34 vs. LAC,HOU,TE,4,LAC,2,2,100,33,0,30,16.5,16.5,0,0,0,0,0,0,5.3,5.3
 Durham SmytheF • 21 - 19 vs. BUF,MIA,TE,3,BUF,3,3,100,23,0,13,7.7,7.7,0,0,0,0,0,0,5.3,5.3
 Irv Smith Jr.F • 25 - 28 @ NO,MIN,TE,4,NO,4,3,75,23,0,10,5.8,7.7,0,0,0,0,0,0,5.3,5.3
 Daniel BellingerF • 20 - 12 vs. CHI,NYG,TE,4,CHI,3,3,100,23,0,12,7.7,7.7,0,0,0,0,0,0,5.3,5.3
 Irv Smith Jr.F • 28 - 24 vs. DET,MIN,TE,3,DET,6,2,33.3,32,0,17,5.3,16,0,0,0,0,0,0,5.2,5.2
 Cole KmetF • 14 - 33 @ NE,CHI,TE,7,NE,3,2,66.7,32,0,26,10.7,16,0,0,0,0,0,0,5.2,5.2
 Austin HooperF • 35 - 10 @ PHI,TEN,TE,13,PHI,5,3,60,22,0,9,4.4,7.3,0,0,0,0,0,0,5.2,5.2
 Kylen GransonF/OT • 20 - 20 @ HOU,IND,TE,1,HOU,7,3,42.9,22,0,12,3.1,7.3,0,0,0,0,0,0,5.2,5.2
 Dalton SchultzF • 3 - 40 @ MIN,DAL,TE,11,MIN,5,3,60,22,0,12,4.4,7.3,0,0,0,0,0,0,5.2,5.2
 Darren WallerF • 24 - 22 @ TEN,LV,TE,3,TEN,5,3,60,22,0,17,4.4,7.3,0,0,0,0,0,0,5.2,5.2
 Chigoziem OkonkwoF • 17 - 10 vs. DEN,TEN,TE,10,DEN,2,1,50,41,0,41,20.5,41,0,0,0,0,0,0,5.1,5.1
 Mike GesickiF • 39 - 17 vs. CLE,MIA,TE,10,CLE,3,2,66.7,31,0,16,10.3,15.5,0,0,0,0,0,0,5.1,5.1
 James MitchellF • 37 - 23 @ CAR,DET,TE,16,CAR,2,2,100,31,0,22,15.5,15.5,0,0,0,0,0,0,5.1,5.1
 Donald Parham Jr.F • 31 - 28 @ DEN,LAC,TE,18,DEN,2,2,100,31,0,23,15.5,15.5,0,0,0,0,0,0,5.1,5.1
 Jordan AkinsF • 14 - 27 vs. CLE,HOU,TE,13,CLE,6,3,50,21,0,11,3.5,7,0,0,0,0,0,0,5.1,5.1
 Tre' McKittyF • 22 - 16 @ SF,LAC,TE,10,SF,6,3,50,21,0,9,3.5,7,0,0,0,0,0,0,5.1,5.1
 Jonnu SmithF • 26 - 3 vs. IND,NE,TE,9,IND,3,3,100,21,0,24,7,7,0,0,0,0,0,0,5.1,5.1
 Jonnu SmithF • 18 - 22 vs. CIN,NE,TE,16,CIN,4,3,75,21,0,9,5.2,7,0,0,0,0,0,0,5.1,5.1
 Hayden HurstF • 26 - 30 @ NO,CIN,TE,6,NO,3,3,100,21,0,9,7,7,0,0,0,0,0,0,5.1,5.1
 Grant CalcaterraF • 8 - 24 @ WAS,PHI,TE,3,WAS,1,1,100,40,0,40,40,40,0,0,0,0,0,0,5,5
 Isaiah LikelyF • 24 - 20 @ NYG,BAL,TE,6,NYG,4,2,50,30,0,19,7.5,15,0,0,0,0,0,0,5,5
 Logan ThomasF/OT • 20 - 20 @ NYG,WAS,TE,13,NYG,4,3,75,20,0,11,5,6.7,0,0,0,0,0,0,5,5
 Robert TonyanF • 40 - 33 @ PHI,GB,TE,12,PHI,3,3,100,20,0,17,6.7,6.7,0,0,0,0,0,0,5,5
 Jelani WoodsF • 38 - 10 @ NYG,IND,TE,17,NYG,4,3,75,19,0,11,4.8,6.3,0,0,0,0,0,0,4.9,4.9
 Jesper HorstedF • 30 - 29 @ KC,LV,TE,5,KC,3,3,100,19,0,9,6.3,6.3,0,0,0,0,0,0,4.9,4.9
 Daniel BellingerF • 22 - 48 vs. PHI,NYG,TE,14,PHI,3,3,100,19,0,11,6.3,6.3,0,0,0,0,0,0,4.9,4.9
 Geoff SwaimF • 20 - 21 vs. NYG,TEN,TE,1,NYG,4,3,75,19,0,9,4.8,6.3,0,0,0,0,0,0,4.9,4.9
 Jelani WoodsF • 54 - 19 @ DAL,IND,TE,13,DAL,4,2,50,28,0,27,7,14,0,0,0,0,0,0,4.8,4.8
 Adam TrautmanF • 17 - 16 @ TB,NO,TE,13,TB,3,2,66.7,28,0,20,9.3,14,0,0,0,0,0,0,4.8,4.8
 Kyle PittsF • 25 - 15 @ CAR,ATL,TE,10,CAR,8,2,25,28,0,18,3.5,14,0,0,0,0,0,0,4.8,4.8
 Will DisslyF • 21 - 16 @ TB,SEA,TE,10,TB,2,2,100,28,0,15,14,14,0,0,0,0,0,0,4.8,4.8
 Johnny MundtF • 24 - 7 @ PHI,MIN,TE,2,PHI,3,2,66.7,28,0,17,9.3,14,0,0,0,0,0,0,4.8,4.8
 Josiah DeguaraF • 23 - 7 @ MIN,GB,TE,1,MIN,2,2,100,28,0,15,14,14,0,0,0,0,0,0,4.8,4.8
 Hayden HurstF • 30 - 37 @ PIT,CIN,TE,11,PIT,3,2,66.7,28,0,21,9.3,14,0,0,0,0,0,0,4.8,4.8
 Colby ParkinsonF • 45 - 48 @ DET,SEA,TE,4,DET,3,2,66.7,28,0,15,9.3,14,0,0,0,0,0,0,4.8,4.8
 Harrison BryantF • 15 - 38 vs. NE,CLE,TE,6,NE,4,3,75,18,0,7,4.5,6,0,0,0,0,0,0,4.8,4.8
 Kyle PittsF • 17 - 20 vs. LAC,ATL,TE,9,LAC,7,2,28.6,27,0,18,3.9,13.5,0,0,0,0,0,0,4.7,4.7
 O.J. HowardF • 24 - 34 vs. LAC,HOU,TE,4,LAC,5,2,40,27,0,22,5.4,13.5,0,0,0,0,0,0,4.7,4.7
 Johnny MundtF • 23 - 7 vs. GB,MIN,TE,1,GB,3,3,100,17,0,12,5.7,5.7,0,0,0,0,0,0,4.7,4.7
 Trey McBrideF/OT • 16 - 19 vs. TB,ARI,TE,16,TB,4,3,75,17,0,7,4.2,5.7,0,0,0,0,0,0,4.7,4.7
 C.J. UzomahF • 31 - 10 vs. CHI,NYJ,TE,12,CHI,3,3,100,17,0,8,5.7,5.7,0,0,0,0,0,0,4.7,4.7
 Jelani WoodsF/OT • 39 - 36 @ MIN,IND,TE,15,MIN,1,1,100,36,0,36,36,36,0,0,0,0,0,0,4.6,4.6
 Mo Alie-CoxF/OT • 20 - 20 @ HOU,IND,TE,1,HOU,2,2,100,26,0,13,13,13,0,0,0,0,0,0,4.6,4.6
 Jody FortsonF • 26 - 10 vs. LAR,KC,TE,12,LAR,3,2,66.7,26,0,21,8.7,13,0,0,0,0,0,0,4.6,4.6
 Tyler DavisF • 12 - 14 @ TB,GB,TE,3,TB,2,2,100,26,0,23,13,13,0,0,0,0,0,0,4.6,4.6
 C.J. UzomahF • 20 - 17 vs. BUF,NYJ,TE,9,BUF,3,3,100,16,0,6,5.3,5.3,0,0,0,0,0,0,4.6,4.6
 Noah FantF • 17 - 16 vs. DEN,SEA,TE,1,DEN,4,3,75,16,0,13,4,5.3,0,0,0,0,0,0,4.6,4.6
 Cole KmetF • 20 - 12 @ NYG,CHI,TE,4,NYG,3,3,100,16,0,13,5.3,5.3,0,0,0,0,0,0,4.6,4.6
 Taysom HillF • 26 - 30 vs. CIN,NO,TE,6,CIN,0,0,0,0,0,0,0,0,5,39,7.8,0,0,0,4.5,4.54
 Brock WrightF • 40 - 14 vs. JAX,DET,TE,13,JAX,2,2,100,25,0,14,12.5,12.5,0,0,0,0,0,0,4.5,4.5
 Hayden HurstQ1 6:12 • 7 - 3 vs. BUF,CIN,TE,17,BUF,2,2,100,25,0,21,12.5,12.5,0,0,0,0,0,0,4.5,4.5
 Gerald EverettF • 10 - 38 vs. JAX,LAC,TE,3,JAX,6,2,33.3,25,0,14,4.2,12.5,0,0,0,0,0,0,4.5,4.5
 Cameron BrateF • 23 - 34 vs. CIN,TB,TE,15,CIN,5,2,40,25,0,21,5,12.5,0,0,0,0,0,0,4.5,4.5
 Anthony FirkserF • 16 - 19 vs. PIT,ATL,TE,13,PIT,2,2,100,24,0,15,12,12,0,0,0,0,0,0,4.4,4.4
 Grant CalcaterraF • 22 - 48 @ NYG,PHI,TE,14,NYG,4,2,50,24,0,13,6,12,0,0,0,0,0,0,4.4,4.4
 Ben EllefsonF • 28 - 24 vs. DET,MIN,TE,3,DET,2,2,100,24,0,12,12,12,0,0,0,0,0,0,4.4,4.4
 Jonnu SmithF • 30 - 24 @ LV,NE,TE,15,LV,3,2,66.7,24,0,13,8,12,0,0,0,0,0,0,4.4,4.4
 George KittleF • 24 - 9 vs. LAR,SF,TE,4,LAR,4,2,50,24,0,20,6,12,0,0,0,0,0,0,4.4,4.4
 O.J. HowardF • 10 - 17 vs. TEN,HOU,TE,8,TEN,3,2,66.7,24,0,24,8,12,0,0,0,0,0,0,4.4,4.4
 Evan EngramF • 27 - 17 @ KC,JAX,TE,10,KC,4,3,75,14,0,7,3.5,4.7,0,0,0,0,0,0,4.4,4.4
 Irv Smith Jr.F • 13 - 29 @ CHI,MIN,TE,18,CHI,3,3,100,14,0,8,4.7,4.7,0,0,0,0,0,0,4.4,4.4
 Foster MoreauF/OT • 16 - 22 @ DEN,LV,TE,11,DEN,3,1,33.3,33,0,33,11,33,0,0,0,0,0,0,4.3,4.3
 Jelani WoodsF • 17 - 24 vs. TEN,IND,TE,4,TEN,1,1,100,33,0,33,33,33,0,0,0,0,0,0,4.3,4.3
 Stephen SullivanF/OT • 37 - 34 @ ATL,CAR,TE,8,ATL,2,1,50,33,0,33,16.5,33,0,0,0,0,0,0,4.3,4.3
 Gerald EverettF • 22 - 16 @ SF,LAC,TE,10,SF,2,2,100,23,0,17,11.5,11.5,0,0,0,0,0,0,4.3,4.3
 Johnny MundtF • 28 - 24 vs. DET,MIN,TE,3,DET,2,2,100,23,0,12,11.5,11.5,0,0,0,0,0,0,4.3,4.3
 Mike GesickiF • 27 - 15 @ CIN,MIA,TE,4,CIN,4,2,50,23,0,21,5.8,11.5,0,0,0,0,0,0,4.3,4.3
 Cole TurnerF • 7 - 12 @ CHI,WAS,TE,6,CHI,2,2,100,23,0,18,11.5,11.5,0,0,0,0,0,0,4.3,4.3
 Cade OttonF • 20 - 18 @ PIT,TB,TE,6,PIT,3,2,66.7,23,0,17,7.7,11.5,0,0,0,0,0,0,4.3,4.3
 Noah GrayF • 20 - 24 vs. BUF,KC,TE,6,BUF,3,3,100,13,0,7,4.3,4.3,0,0,0,0,0,0,4.3,4.3
 Foster MoreauF • 27 - 20 vs. LAC,LV,TE,13,LAC,3,1,33.3,32,0,32,10.7,32,0,0,0,0,0,0,4.2,4.2
 Giovanni RicciF • 30 - 24 @ TB,CAR,TE,17,TB,1,1,100,32,0,32,32,32,0,0,0,0,0,0,4.2,4.2
 George KittleF • 33 - 17 vs. MIA,SF,TE,13,MIA,3,2,66.7,22,0,19,7.3,11,0,0,0,0,0,0,4.2,4.2
 Will DisslyF • 23 - 27 @ LAR,SEA,TE,13,LAR,2,2,100,22,0,19,11,11,0,0,0,0,0,0,4.2,4.2
 Adam TrautmanF • 20 - 10 @ PIT,NO,TE,10,PIT,3,2,66.7,22,0,18,7.3,11,0,0,0,0,0,0,4.2,4.2
 Tanner HudsonF • 19 - 16 vs. CAR,NYG,TE,2,CAR,3,2,66.7,22,0,15,7.3,11,0,0,0,0,0,0,4.2,4.2
 Jordan AkinsF • 6 - 13 @ JAX,HOU,TE,5,JAX,2,2,100,22,0,11,11,11,0,0,0,0,0,0,4.2,4.2
 Quintin MorrisF • 21 - 19 @ MIA,BUF,TE,3,MIA,2,2,100,22,0,15,11,11,0,0,0,0,0,0,4.2,4.2
 Ian ThomasF • 24 - 10 @ LAR,CAR,TE,6,LAR,2,2,100,22,0,16,11,11,0,0,0,0,0,0,4.2,4.2
 Peyton HendershotF • 26 - 17 @ PHI,DAL,TE,6,PHI,5,2,40,22,0,11,4.4,11,0,0,0,0,0,0,4.2,4.2
 Dallas GoedertF • 26 - 17 vs. DAL,PHI,TE,6,DAL,6,2,33.3,22,0,14,3.7,11,0,0,0,0,0,0,4.2,4.2
 Adam TrautmanF • 27 - 20 vs. LAR,NO,TE,11,LAR,3,3,100,12,0,7,4,4,0,0,0,0,0,0,4.2,4.2
 C.J. UzomahF • 27 - 22 @ MIN,NYJ,TE,13,MIN,1,1,100,31,0,31,31,31,0,0,0,0,0,0,4.1,4.1
 Chigoziem OkonkwoF • 17 - 27 @ GB,TEN,TE,11,GB,2,1,50,31,0,31,15.5,31,0,0,0,0,0,0,4.1,4.1
 Durham SmytheF • 33 - 17 @ SF,MIA,TE,13,SF,2,2,100,21,0,19,10.5,10.5,0,0,0,0,0,0,4.1,4.1
 Will DisslyF • 39 - 32 @ NO,SEA,TE,5,NO,3,2,66.7,21,0,15,7,10.5,0,0,0,0,0,0,4.1,4.1
 Brevin JordanF • 14 - 19 @ TEN,HOU,TE,16,TEN,2,2,100,21,0,15,10.5,10.5,0,0,0,0,0,0,4.1,4.1
 Ian ThomasF • 23 - 10 vs. DEN,CAR,TE,12,DEN,2,2,100,21,0,15,10.5,10.5,0,0,0,0,0,0,4.1,4.1
 Chris MyarickF • 17 - 23 @ JAX,NYG,TE,7,JAX,2,2,100,21,0,11,10.5,10.5,0,0,0,0,0,0,4.1,4.1
 Eric TomlinsonF • 9 - 16 vs. NYJ,DEN,TE,7,NYJ,2,2,100,21,0,13,10.5,10.5,0,0,0,0,0,0,4.1,4.1
 Josh OliverF • 24 - 20 @ NYG,BAL,TE,6,NYG,3,2,66.7,21,0,12,7,10.5,0,0,0,0,0,0,4.1,4.1
 Pharaoh BrownF • 15 - 38 vs. NE,CLE,TE,6,NE,3,2,66.7,21,0,11,7,10.5,0,0,0,0,0,0,4.1,4.1
 Tyler HigbeeF • 31 - 10 @ LAC,LAR,TE,17,LAC,4,3,75,11,0,7,2.8,3.7,0,0,0,0,0,0,4.1,4.1
 Kylen GransonF • 16 - 17 vs. WAS,IND,TE,8,WAS,3,3,100,11,0,15,3.7,3.7,0,0,0,0,0,0,4.1,4.1
 Mike GesickiF • 40 - 17 @ NYJ,MIA,TE,5,NYJ,2,1,50,30,0,30,15,30,0,0,0,0,0,0,4,4
 C.J. UzomahF • 3 - 19 vs. JAX,NYJ,TE,16,JAX,1,1,100,30,0,30,30,30,0,0,0,0,0,0,4,4
 Jack StollF • 22 - 48 @ NYG,PHI,TE,14,NYG,2,2,100,20,0,14,10,10,0,0,0,0,0,0,4,4
 Will DisslyF • 24 - 30 vs. CAR,SEA,TE,14,CAR,3,2,66.7,20,0,12,6.7,10,0,0,0,0,0,0,4,4
 Hunter HenryF • 20 - 7 @ MIA,NE,TE,1,MIA,3,2,66.7,20,0,11,6.7,10,0,0,0,0,0,0,4,4
 Austin HooperF • 14 - 19 vs. HOU,TEN,TE,16,HOU,3,2,66.7,20,0,15,6.7,10,0,0,0,0,0,0,4,4
 Brock WrightF • 18 - 31 @ NYG,DET,TE,11,NYG,2,2,100,20,0,16,10,10,0,0,0,0,0,0,4,4
 Lawrence CagerF • 18 - 31 vs. DET,NYG,TE,11,DET,3,2,66.7,20,0,13,6.7,10,0,0,0,0,0,0,4,4
 Johnny MundtF • 33 - 26 vs. NE,MIN,TE,12,NE,2,2,100,20,0,13,10,10,0,0,0,0,0,0,4,4
 Teagan QuitorianoF • 30 - 15 @ MIA,HOU,TE,12,MIA,2,2,100,20,0,13,10,10,0,0,0,0,0,0,4,4
 Tommy TrembleF • 16 - 24 vs. PIT,CAR,TE,15,PIT,3,2,66.7,20,0,17,6.7,10,0,0,0,0,0,0,4,4
 MyCole PruittF • 21 - 18 @ NO,ATL,TE,15,NO,3,2,66.7,20,0,14,6.7,10,0,0,0,0,0,0,4,4
 Foster MoreauF • 30 - 24 vs. NE,LV,TE,15,NE,2,2,100,20,0,12,10,10,0,0,0,0,0,0,4,4
 Harrison BryantF • 28 - 14 @ PIT,CLE,TE,18,PIT,2,2,100,20,0,14,10,10,0,0,0,0,0,0,4,4
 Jonnu SmithF • 17 - 22 @ NYJ,NE,TE,8,NYJ,4,3,75,10,0,7,2.5,3.3,0,0,0,0,0,0,4,4
 Evan EngramF • 3 - 31 @ HOU,JAX,TE,17,HOU,2,1,50,16,0,16,8,16,1,13,13,0,0,0,3.9,3.9
 Evan EngramF • 10 - 38 @ LAC,JAX,TE,3,LAC,3,1,33.3,9,0,9,3,9,1,0,0,0,0,0,3.9,3.9
 Harrison BryantF • 10 - 24 @ WAS,CLE,TE,17,WAS,3,2,66.7,19,0,12,6.3,9.5,0,0,0,0,0,0,3.9,3.9
 Kyle PittsF • 31 - 27 @ LAR,ATL,TE,2,LAR,3,2,66.7,19,0,13,6.3,9.5,0,0,0,0,0,0,3.9,3.9
 Josiah DeguaraF • 22 - 27 vs. NYG,GB,TE,5,NYG,2,2,100,19,0,12,9.5,9.5,0,0,0,0,0,0,3.9,3.9
 Kyle PittsF • 26 - 27 vs. NO,ATL,TE,1,NO,7,2,28.6,19,0,11,2.7,9.5,0,0,0,0,0,0,3.9,3.9
 Foster MoreauF • 13 - 10 @ PIT,LV,TE,16,PIT,3,2,66.7,19,0,10,6.3,9.5,0,0,0,0,0,0,3.9,3.9
 Robert TonyanF • 17 - 27 vs. TEN,GB,TE,11,TEN,4,2,50,19,0,10,4.8,9.5,0,0,0,0,0,0,3.9,3.9
 Austin HooperF • 24 - 22 vs. LV,TEN,TE,3,LV,2,2,100,19,0,11,9.5,9.5,0,0,0,0,0,0,3.9,3.9
 Brevin JordanF • 10 - 17 vs. TEN,HOU,TE,8,TEN,5,2,40,19,0,16,3.8,9.5,0,0,0,0,0,0,3.9,3.9
 Noah FantF • 27 - 13 vs. NYG,SEA,TE,8,NYG,2,2,100,19,0,16,9.5,9.5,0,0,0,0,0,0,3.9,3.9
 Kyle PittsF • 35 - 17 @ CIN,ATL,TE,7,CIN,5,3,60,9,0,7,1.8,3,0,0,0,0,0,0,3.9,3.9
 Kendall BlantonF • 12 - 20 @ ARI,LAR,TE,3,ARI,1,1,100,28,0,28,28,28,0,0,0,0,0,0,3.8,3.8
 Tyler KroftF • 13 - 21 @ SEA,SF,TE,15,SEA,1,1,100,28,0,28,28,28,0,0,0,0,0,0,3.8,3.8
 Colby ParkinsonF • 23 - 37 @ LAC,SEA,TE,7,LAC,1,1,100,28,0,28,28,28,0,0,0,0,0,0,3.8,3.8
 Shane ZylstraF • 34 - 23 vs. MIN,DET,TE,14,MIN,2,2,100,18,0,14,9,9,0,0,0,0,0,0,3.8,3.8
 Harrison BryantF • 24 - 26 @ CAR,CLE,TE,1,CAR,4,2,50,18,0,10,4.5,9,0,0,0,0,0,0,3.8,3.8
 Tommy TrembleF • 37 - 23 vs. DET,CAR,TE,16,DET,2,2,100,18,0,18,9,9,0,0,0,0,0,0,3.8,3.8
 Isaiah LikelyF • 13 - 3 @ CLE,BAL,TE,15,CLE,3,2,66.7,18,0,9,6,9,0,0,0,0,0,0,3.8,3.8
 Nick VannettF • 22 - 16 @ PHI,NYG,TE,18,PHI,4,2,50,18,0,12,4.5,9,0,0,0,0,0,0,3.8,3.8
 C.J. UzomahF • 17 - 22 vs. NE,NYJ,TE,8,NE,1,1,100,27,0,27,27,27,0,0,0,0,0,0,3.7,3.7
 Cade OttonF • 30 - 24 vs. CAR,TB,TE,17,CAR,6,2,33.3,17,0,12,2.8,8.5,0,0,0,0,0,0,3.7,3.7
 Mark AndrewsF • 14 - 16 @ PIT,BAL,TE,14,PIT,6,2,33.3,17,0,10,2.8,8.5,0,0,0,0,0,0,3.7,3.7
 David NjokuF • 31 - 23 @ BUF,CLE,TE,11,BUF,3,2,66.7,17,0,21,5.7,8.5,0,0,0,0,0,0,3.7,3.7
 Dawson KnoxF • 25 - 28 @ DET,BUF,TE,12,DET,2,2,100,17,0,15,8.5,8.5,0,0,0,0,0,0,3.7,3.7
 Will DisslyF/OT • 34 - 40 vs. LV,SEA,TE,12,LV,3,2,66.7,17,0,12,5.7,8.5,0,0,0,0,0,0,3.7,3.7
 Tommy TrembleF/OT • 37 - 34 @ ATL,CAR,TE,8,ATL,4,2,50,17,0,9,4.2,8.5,0,0,0,0,0,0,3.7,3.7
 C.J. UzomahF • 10 - 27 @ GB,NYJ,TE,6,GB,2,2,100,17,0,14,8.5,8.5,0,0,0,0,0,0,3.7,3.7
 O.J. HowardF • 3 - 31 vs. JAX,HOU,TE,17,JAX,2,1,50,26,0,26,13,26,0,0,0,0,0,0,3.6,3.6
 Noah GrayF • 20 - 17 @ IND,KC,TE,3,IND,2,1,50,26,0,26,13,26,0,0,0,0,0,0,3.6,3.6
 Dan ArnoldF • 29 - 21 @ PHI,JAX,TE,4,PHI,1,1,100,26,0,26,26,26,0,0,0,0,0,0,3.6,3.6
 Eric SaubertF/OT • 16 - 22 vs. LV,DEN,TE,11,LV,2,2,100,16,0,9,8,8,0,0,0,0,0,0,3.6,3.6
 Noah GrayF • 26 - 10 vs. LAR,KC,TE,12,LAR,2,2,100,16,0,9,8,8,0,0,0,0,0,0,3.6,3.6
 Logan ThomasF • 26 - 6 vs. DAL,WAS,TE,18,DAL,3,2,66.7,16,0,11,5.3,8,0,0,0,0,0,0,3.6,3.6
 Brock WrightF • 36 - 27 vs. WAS,DET,TE,2,WAS,1,1,100,25,0,25,25,25,0,0,0,0,0,0,3.5,3.5
 Kyle PittsF • 23 - 20 vs. CLE,ATL,TE,4,CLE,4,1,25,25,0,25,6.2,25,0,0,0,0,0,0,3.5,3.5
 Eric SaubertF • 32 - 23 @ LV,DEN,TE,4,LV,2,1,50,25,0,25,12.5,25,0,0,0,0,0,0,3.5,3.5
 Taysom HillF • 7 - 10 vs. CAR,NO,TE,18,CAR,1,1,100,1,0,1,1,1,5,24,4.8,0,0,0,3.5,3.5
 John BatesF • 36 - 27 @ DET,WAS,TE,2,DET,3,2,66.7,15,0,9,5,7.5,0,0,0,0,0,0,3.5,3.5
 Chris ManhertzF • 6 - 13 vs. HOU,JAX,TE,5,HOU,2,2,100,15,0,12,7.5,7.5,0,0,0,0,0,0,3.5,3.5
 Tyler ConklinF • 10 - 3 @ NE,NYJ,TE,11,NE,3,2,66.7,15,0,8,5,7.5,0,0,0,0,0,0,3.5,3.5
 Jake FergusonF • 3 - 40 @ MIN,DAL,TE,11,MIN,2,2,100,15,0,11,7.5,7.5,0,0,0,0,0,0,3.5,3.5
 Noah GrayF • 27 - 30 @ LAC,KC,TE,11,LAC,3,2,66.7,15,0,12,5,7.5,0,0,0,0,0,0,3.5,3.5
 Cameron BrateF/OT • 23 - 17 @ CLE,TB,TE,12,CLE,5,2,40,15,0,9,3,7.5,0,0,0,0,0,0,3.5,3.5
 Dalton SchultzF/OT • 40 - 34 @ JAX,DAL,TE,15,JAX,4,2,50,15,0,9,3.8,7.5,0,0,0,0,0,0,3.5,3.5
 Mark AndrewsF • 20 - 23 vs. BUF,BAL,TE,4,BUF,5,2,40,15,0,9,3,7.5,0,0,0,0,0,0,3.5,3.5
 Harrison BryantF • 23 - 20 @ BAL,CLE,TE,7,BAL,2,2,100,15,0,14,7.5,7.5,0,0,0,0,0,0,3.5,3.5
 Cade OttonF • 22 - 27 vs. BAL,TB,TE,8,BAL,5,2,40,15,0,10,3,7.5,0,0,0,0,0,0,3.5,3.5
 Peyton HendershotF • 49 - 29 vs. CHI,DAL,TE,8,CHI,2,2,100,15,0,11,7.5,7.5,0,0,0,0,0,0,3.5,3.5
 Tyler HigbeeF • 14 - 31 vs. SF,LAR,TE,8,SF,6,2,33.3,15,0,10,2.5,7.5,0,0,0,0,0,0,3.5,3.5
