name,team,pos,wk,opp,ATT,YDS,AVG,TD,TGTS,REC,YDS,TD,FUM,LST,FPTS/G,FPTS
 Joe MixonF • 42 - 21 vs. CAR,CIN,RB,9,CAR,22,153,7,4,5,4,58,1,0,0,58.1,58.1
 Josh JacobsF/OT • 34 - 40 @ SEA,LV,RB,12,SEA,33,229,6.9,2,7,6,74,0,0,0,51.3,51.3
 Alvin KamaraF • 24 - 0 vs. LV,NO,RB,8,LV,18,62,3.4,1,10,9,96,2,0,0,42.8,42.8
 Christian McCaffreyF • 14 - 31 @ LAR,SF,RB,8,LAR,18,94,5.2,1,9,8,55,1,1,0,40.3,40.26
 Tony PollardF • 3 - 40 @ MIN,DAL,RB,11,MIN,15,80,5.3,0,6,6,109,2,0,0,39.9,39.9
 Josh JacobsF • 38 - 20 vs. HOU,LV,RB,7,HOU,20,143,7.2,3,4,3,12,0,0,0,39.5,39.5
 Austin EkelerF • 28 - 30 @ CLE,LAC,RB,5,CLE,16,173,10.8,1,4,4,26,1,0,0,38.9,38.9
 Derrick HenryF • 10 - 17 @ HOU,TEN,RB,8,HOU,32,219,6.8,2,1,1,9,0,0,0,38.8,38.8
 Cam AkersF • 51 - 14 vs. DEN,LAR,RB,16,DEN,23,118,5.1,3,2,2,29,0,0,0,37.7,37.7
 Josh JacobsF • 32 - 23 vs. DEN,LV,RB,4,DEN,28,144,5.1,2,6,5,31,0,0,0,37.5,37.5
 Tony PollardF • 49 - 29 vs. CHI,DAL,RB,8,CHI,14,131,9.4,3,1,1,16,0,0,0,36.7,36.7
 Austin EkelerF • 23 - 37 vs. SEA,LAC,RB,7,SEA,9,31,3.4,1,12,12,96,1,1,0,36.7,36.7
 Saquon BarkleyF • 20 - 21 @ TEN,NYG,RB,1,TEN,18,164,9.1,1,7,6,30,0,1,0,36.4,36.4
 Leonard FournetteF • 21 - 15 vs. ATL,TB,RB,5,ATL,14,56,4,1,11,10,83,1,0,0,35.9,35.9
 Jerick McKinnonF • 28 - 34 @ DEN,KC,RB,14,DEN,6,22,3.7,0,9,7,112,2,0,0,35.4,35.4
 Austin EkelerF • 31 - 10 vs. LAR,LAC,RB,17,LAR,10,122,12.2,2,4,4,39,0,0,0,35.1,35.1
 Aaron JonesF • 27 - 10 vs. CHI,GB,RB,2,CHI,15,132,8.8,1,3,3,38,1,0,0,35,35
 Austin EkelerF • 24 - 34 @ HOU,LAC,RB,4,HOU,13,60,4.6,2,7,6,49,1,1,0,34.9,34.9
 D'Onta ForemanF/OT • 37 - 34 @ ATL,CAR,RB,8,ATL,26,118,4.5,3,1,0,0,0,0,0,34.8,34.8
 Christian McCaffreyF/OT • 34 - 37 @ LV,SF,RB,17,LV,19,121,6.4,1,9,6,72,0,0,0,34.3,34.3
 Jerick McKinnonF/OT • 24 - 30 @ HOU,KC,RB,15,HOU,10,52,5.2,1,8,8,70,1,0,0,34.2,34.2
 Miles SandersF • 40 - 33 vs. GB,PHI,RB,12,GB,21,143,6.8,2,3,3,17,0,0,0,34,34
 Khalil HerbertF • 23 - 20 vs. HOU,CHI,RB,3,HOU,20,157,7.8,2,2,2,12,0,0,0,33.9,33.9
 Josh JacobsF • 30 - 29 @ KC,LV,RB,5,KC,21,154,7.3,1,5,5,39,0,0,0,33.3,33.3
 Miles SandersF • 29 - 21 vs. JAX,PHI,RB,4,JAX,27,134,5,2,3,2,22,0,0,0,32.6,32.6
 Nick ChubbF • 30 - 31 vs. NYJ,CLE,RB,2,NYJ,17,87,5.1,3,3,3,26,0,0,0,32.3,32.3
 Christian McCaffreyF • 35 - 7 vs. TB,SF,RB,14,TB,14,119,8.5,1,3,2,34,1,0,0,32.3,32.3
 Kenneth Walker IIIF • 23 - 37 @ LAC,SEA,RB,7,LAC,23,167,7.3,2,0,0,0,0,0,0,31.7,31.7
 Rashaad PennyF • 45 - 48 @ DET,SEA,RB,4,DET,17,151,8.9,2,1,1,6,0,0,0,31.7,31.7
 Miles SandersF • 22 - 48 @ NYG,PHI,RB,14,NYG,17,144,8.5,2,3,1,11,0,0,0,31.5,31.5
 Kenneth Walker IIIF • 21 - 31 @ ARI,SEA,RB,9,ARI,26,109,4.2,2,4,3,20,0,0,0,30.9,30.9
 Breece HallF • 40 - 17 vs. MIA,NYJ,RB,5,MIA,18,97,5.4,1,2,2,100,0,0,0,30.7,30.7
 Jonathan TaylorF/OT • 20 - 20 @ HOU,IND,RB,1,HOU,31,161,5.2,1,7,4,14,0,0,0,30.5,30.5
 Samaje PerineF • 30 - 37 @ PIT,CIN,RB,11,PIT,11,30,2.7,0,4,4,52,3,0,0,30.2,30.2
 Derrick HenryF • 17 - 21 @ WAS,TEN,RB,5,WAS,28,102,3.6,2,2,2,30,0,0,0,30.2,30.2
 Travis Etienne Jr.F • 27 - 20 vs. LV,JAX,RB,9,LV,28,109,3.9,2,2,2,17,0,0,0,29.6,29.6
 D'Andre SwiftF • 35 - 38 vs. PHI,DET,RB,1,PHI,15,144,9.6,1,3,3,31,0,0,0,29.5,29.5
 Derrick HenryF • 17 - 14 @ LAC,TEN,RB,15,LAC,21,104,5,1,4,4,59,0,1,0,29.3,29.3
 Dameon PierceF • 24 - 34 vs. LAC,HOU,RB,4,LAC,14,131,9.4,1,6,6,8,0,0,0,28.9,28.9
 Christian McCaffreyF • 13 - 21 @ SEA,SF,RB,15,SEA,26,108,4.2,1,8,6,30,0,0,0,28.8,28.8
 Christian McCaffreyF • 33 - 17 vs. MIA,SF,RB,13,MIA,17,66,3.9,0,10,8,80,1,0,0,28.6,28.6
 Aaron JonesF • 23 - 21 @ WAS,GB,RB,7,WAS,8,23,2.9,0,10,9,53,2,0,0,28.6,28.6
 Nick ChubbF • 28 - 30 vs. LAC,CLE,RB,5,LAC,17,134,7.9,2,1,0,0,0,0,0,28.4,28.4
 Nick ChubbF • 32 - 13 vs. CIN,CLE,RB,8,CIN,23,101,4.4,2,1,1,3,0,0,0,28.4,28.4
 Travis Etienne Jr.F • 17 - 21 vs. DEN,JAX,RB,8,DEN,24,156,6.5,1,3,3,6,0,0,0,28.2,28.2
 Dalvin CookF • 34 - 26 vs. ARI,MIN,RB,8,ARI,20,111,5.6,1,6,5,30,0,0,0,28.1,28.1
 Deon JacksonF • 34 - 27 vs. JAX,IND,RB,6,JAX,12,42,3.5,1,10,10,79,0,0,0,28.1,28.1
 Dalvin CookF/OT • 39 - 36 vs. IND,MIN,RB,15,IND,17,95,5.6,0,4,4,95,1,1,1,28,28
 Rhamondre StevensonF • 30 - 24 @ LV,NE,RB,15,LV,19,172,9.1,1,3,2,-4,0,0,0,27.8,27.8
 D'Andre SwiftF • 41 - 10 vs. CHI,DET,RB,17,CHI,11,78,7.1,1,4,4,39,1,0,0,27.7,27.7
 Najee HarrisF • 30 - 37 vs. CIN,PIT,RB,11,CIN,20,90,4.5,2,6,4,26,0,0,0,27.6,27.6
 Alvin KamaraF • 39 - 32 vs. SEA,NO,RB,5,SEA,23,103,4.5,0,6,6,91,0,1,1,27.4,27.4
 Jonathan TaylorF • 20 - 25 @ LV,IND,RB,10,LV,22,147,6.7,1,2,2,16,0,0,0,27.3,27.3
 Saquon BarkleyF • 27 - 24 @ MIN,NYG,RB,16,MIN,14,84,6,1,10,8,49,0,0,0,27.3,27.3
 Jamaal WilliamsF • 45 - 48 vs. SEA,DET,RB,4,SEA,19,108,5.7,2,3,1,1,0,0,0,26.9,26.9
 Derrick HenryF • 17 - 24 @ IND,TEN,RB,4,IND,22,114,5.2,1,5,3,33,0,0,0,26.7,26.7
 Aaron JonesF/OT • 31 - 28 vs. DAL,GB,RB,10,DAL,24,138,5.8,1,2,2,18,0,1,0,26.6,26.6
 Dalvin CookF/OT • 30 - 33 @ BUF,MIN,RB,10,BUF,14,119,8.5,1,5,3,27,0,0,0,26.6,26.6
 Derrick HenryF/OT • 20 - 17 @ KC,TEN,RB,9,KC,17,115,6.8,2,0,0,0,0,0,0,26.5,26.5
 Dalvin CookF • 29 - 22 vs. CHI,MIN,RB,5,CHI,18,94,5.2,2,2,2,27,0,0,0,26.1,26.1
 Saquon BarkleyF • 24 - 16 vs. HOU,NYG,RB,10,HOU,35,152,4.3,1,1,1,8,0,0,0,26,26
 Travis Etienne Jr.F • 3 - 31 @ HOU,JAX,RB,17,HOU,9,108,12,1,3,3,32,0,0,0,26,26
 Christian McCaffreyF • 16 - 26 vs. ARI,CAR,RB,4,ARI,8,27,3.4,0,9,9,81,1,0,0,25.8,25.8
 Jamaal WilliamsF • 41 - 10 vs. CHI,DET,RB,17,CHI,22,144,6.5,1,1,1,13,0,0,0,25.7,25.7
 Tyler AllgeierF • 21 - 18 @ NO,ATL,RB,15,NO,17,139,8.2,1,1,1,-3,0,0,0,25.6,25.6
 Cordarrelle PattersonF • 26 - 27 vs. NO,ATL,RB,1,NO,22,120,5.5,1,5,3,16,0,0,0,25.6,25.6
 D'Onta ForemanF • 37 - 23 vs. DET,CAR,RB,16,DET,21,165,7.9,1,0,0,0,0,0,0,25.5,25.5
 Derrick HenryF • 22 - 36 vs. JAX,TEN,RB,14,JAX,17,121,7.1,1,5,3,34,0,2,2,25.5,25.5
 Derrick HenryF • 17 - 27 @ GB,TEN,RB,11,GB,28,87,3.1,1,2,2,45,0,0,0,25.4,25.36
 Cordarrelle PattersonF • 23 - 27 @ SEA,ATL,RB,3,SEA,17,141,8.3,1,1,1,12,0,0,0,25.3,25.3
 Derrick HenryF • 24 - 22 vs. LV,TEN,RB,3,LV,20,85,4.2,1,6,5,58,0,0,0,25.3,25.3
 Jeff Wilson Jr.F • 39 - 17 vs. CLE,MIA,RB,10,CLE,17,119,7,1,5,2,24,0,0,0,25.3,25.3
 Leonard FournetteF/OT • 16 - 19 @ ARI,TB,RB,16,ARI,20,72,3.6,0,10,9,90,0,0,0,25.2,25.2
 Rhamondre StevensonF • 15 - 38 @ CLE,NE,RB,6,CLE,19,76,4,2,5,4,15,0,0,0,25.1,25.1
 Austin EkelerF • 17 - 20 @ ATL,LAC,RB,9,ATL,14,47,3.4,1,8,7,24,1,1,1,25.1,25.1
 Josh JacobsF • 27 - 20 vs. LAC,LV,RB,13,LAC,26,144,5.5,1,2,2,6,0,1,1,25,25
 James ConnerF • 24 - 25 vs. LAC,ARI,RB,12,LAC,25,120,4.8,0,3,3,20,1,1,1,25,25
 James ConnerF/OT • 16 - 19 vs. TB,ARI,RB,16,TB,15,79,5.3,1,8,7,41,0,0,0,25,25
 Austin EkelerF • 24 - 25 @ ARI,LAC,RB,12,ARI,5,20,4,0,15,11,60,1,0,0,25,25
 Kenyan DrakeF • 13 - 27 @ NO,BAL,RB,9,NO,24,93,3.9,2,2,2,16,0,0,0,24.9,24.9
 Tony PollardF/OT • 31 - 28 @ GB,DAL,RB,10,GB,22,115,5.2,1,6,3,13,0,0,0,24.8,24.8
 Jamaal WilliamsF • 28 - 24 @ MIN,DET,RB,3,MIN,20,87,4.4,2,2,2,20,0,0,0,24.7,24.7
 Tony PollardF • 54 - 19 vs. IND,DAL,RB,13,IND,12,91,7.6,2,3,2,15,0,0,0,24.6,24.6
 Samaje PerineF • 27 - 24 vs. KC,CIN,RB,13,KC,21,106,5,0,7,6,49,0,0,0,24.5,24.5
 Jamaal WilliamsF • 18 - 31 @ NYG,DET,RB,11,NYG,17,64,3.8,3,0,0,0,0,0,0,24.4,24.4
 Austin EkelerF • 23 - 17 vs. MIA,LAC,RB,14,MIA,15,45,3,1,8,8,59,0,0,0,24.4,24.4
 Austin EkelerF/OT • 19 - 16 vs. DEN,LAC,RB,6,DEN,14,36,2.6,1,16,10,47,0,0,0,24.3,24.3
 Latavius MurrayF • 24 - 15 vs. ARI,DEN,RB,15,ARI,24,130,5.4,1,1,1,12,0,0,0,24.2,24.2
 David MontgomeryF • 20 - 25 vs. PHI,CHI,RB,15,PHI,12,53,4.4,1,3,3,38,1,0,0,24.1,24.1
 Zack MossF • 31 - 32 vs. HOU,IND,RB,18,HOU,18,114,6.3,1,3,3,7,0,0,0,24.1,24.1
 Devin SingletaryF • 21 - 19 @ MIA,BUF,RB,3,MIA,9,13,1.4,0,11,9,78,1,0,0,24.1,24.1
 Austin EkelerF • 3 - 20 @ IND,LAC,RB,16,IND,18,67,3.7,2,4,4,12,0,0,0,23.9,23.9
 Rhamondre StevensonF • 14 - 33 vs. CHI,NE,RB,7,CHI,11,39,3.5,1,8,8,59,0,0,0,23.8,23.8
 Nick ChubbF • 23 - 20 @ ATL,CLE,RB,4,ATL,19,118,6.2,1,3,2,9,0,0,0,23.7,23.7
 James ConnerF • 17 - 27 @ LAR,ARI,RB,10,LAR,21,69,3.3,2,3,3,17,0,0,0,23.6,23.6
 James RobinsonF • 10 - 38 @ LAC,JAX,RB,3,LAC,17,100,5.9,1,3,3,16,0,0,0,23.6,23.6
 Brian Robinson Jr.F • 19 - 13 vs. ATL,WAS,RB,12,ATL,18,105,5.8,0,3,2,20,1,0,0,23.5,23.5
 Devin SingletaryF • 13 - 35 @ CHI,BUF,RB,16,CHI,12,106,8.8,1,3,2,19,0,0,0,23.5,23.5
 James ConnerF • 13 - 27 vs. NE,ARI,RB,14,NE,15,85,5.7,1,7,6,29,0,0,0,23.4,23.4
 Christian McCaffreyF • 15 - 37 vs. SF,CAR,RB,5,SF,14,54,3.9,1,12,7,50,0,0,0,23.4,23.4
 Eno BenjaminF • 42 - 34 vs. NO,ARI,RB,7,NO,12,92,7.7,1,5,4,21,0,0,0,23.3,23.3
 Najee HarrisF • 13 - 16 @ BAL,PIT,RB,17,BAL,22,111,5,0,3,2,12,1,0,0,23.3,23.3
 Nick ChubbF/OT • 23 - 17 vs. TB,CLE,RB,12,TB,26,116,4.5,1,1,1,16,0,0,0,23.2,23.2
 Jeff Wilson Jr.F • 15 - 37 @ CAR,SF,RB,5,CAR,17,120,7.1,1,2,1,12,0,0,0,23.2,23.2
 Nick ChubbF • 28 - 14 @ PIT,CLE,RB,18,PIT,12,77,6.4,0,6,5,45,1,0,0,23.2,23.2
 Breece HallF • 10 - 27 @ GB,NYJ,RB,6,GB,20,116,5.8,1,2,2,5,0,0,0,23.1,23.1
 Raheem MostertF • 23 - 21 @ NE,MIA,RB,17,NE,9,29,3.2,0,8,8,62,1,0,0,23.1,23.1
 Kareem HuntF • 24 - 26 @ CAR,CLE,RB,1,CAR,11,46,4.2,1,4,4,24,1,0,0,23,23
 Saquon BarkleyF • 12 - 20 @ WAS,NYG,RB,15,WAS,18,87,4.8,1,8,5,33,0,0,0,23,23
 Travis Etienne Jr.F • 17 - 23 vs. NYG,JAX,RB,7,NYG,14,114,8.1,1,5,1,5,0,1,1,22.9,22.9
 Christian McCaffreyF • 24 - 10 @ LAR,CAR,RB,6,LAR,13,69,5.3,0,8,7,89,0,0,0,22.8,22.8
 Kenyan DrakeF • 24 - 20 @ NYG,BAL,RB,6,NYG,10,119,11.9,1,2,1,8,0,0,0,22.7,22.7
 Aaron JonesF • 27 - 17 @ BUF,GB,RB,8,BUF,20,143,7.2,0,5,4,14,0,0,0,22.7,22.7
 Jamaal WilliamsF • 27 - 31 vs. MIA,DET,RB,8,MIA,10,53,5.3,2,3,3,23,0,0,0,22.6,22.6
 Saquon BarkleyF • 16 - 23 vs. DAL,NYG,RB,3,DAL,14,81,5.8,1,4,4,45,0,0,0,22.6,22.6
 Jerick McKinnonF • 27 - 24 vs. DEN,KC,RB,17,DEN,2,4,2,0,6,5,52,2,0,0,22.6,22.6
 Josh JacobsF • 20 - 25 vs. IND,LV,RB,10,IND,21,78,3.7,1,8,6,28,0,0,0,22.6,22.6
 Derrick HenryF • 14 - 19 vs. HOU,TEN,RB,16,HOU,23,126,5.5,1,2,2,0,0,1,1,22.6,22.6
 Rhamondre StevensonF • 29 - 0 vs. DET,NE,RB,5,DET,25,161,6.4,0,2,2,14,0,0,0,22.5,22.5
 Clyde Edwards-HelaireF • 31 - 41 @ TB,KC,RB,4,TB,19,92,4.8,1,2,1,2,1,0,0,22.4,22.4
 Clyde Edwards-HelaireF • 21 - 44 @ ARI,KC,RB,1,ARI,7,42,6,0,3,3,32,2,0,0,22.4,22.4
 J.K. DobbinsF • 20 - 23 vs. BUF,BAL,RB,4,BUF,13,41,3.2,1,4,4,22,1,0,0,22.3,22.3
 Raheem MostertF • 40 - 17 @ NYJ,MIA,RB,5,NYJ,18,113,6.3,1,3,1,9,0,0,0,22.2,22.2
 Tony PollardF • 27 - 23 vs. HOU,DAL,RB,14,HOU,10,42,4.2,1,5,4,20,1,0,0,22.2,22.2
 AJ DillonF • 24 - 12 vs. LAR,GB,RB,15,LAR,11,36,3.3,2,3,3,35,0,0,0,22.1,22.1
 Leonard FournetteF • 20 - 18 @ PIT,TB,RB,6,PIT,21,63,3,0,6,6,38,1,0,0,22.1,22.1
 D'Onta ForemanF • 25 - 15 vs. ATL,CAR,RB,10,ATL,31,130,4.2,1,1,0,0,0,0,0,22,22
 Josh JacobsF/OT • 16 - 22 @ DEN,LV,RB,11,DEN,24,109,4.5,0,4,3,51,0,0,0,22,22
 Dontrell HilliardF • 20 - 21 vs. NYG,TEN,RB,1,NYG,2,8,4,0,4,3,61,2,0,0,21.9,21.9
 Latavius MurrayF • 31 - 28 vs. LAC,DEN,RB,18,LAC,15,103,6.9,1,1,1,15,0,1,0,21.8,21.8
 Tevin ColemanF • 15 - 37 @ CAR,SF,RB,5,CAR,8,23,2.9,1,3,3,44,1,0,0,21.7,21.7
 Aaron JonesF • 24 - 12 vs. LAR,GB,RB,15,LAR,17,90,5.3,0,5,4,36,1,1,1,21.6,21.6
 Joe MixonF/OT • 20 - 23 vs. PIT,CIN,RB,1,PIT,27,82,3,0,9,7,63,0,0,0,21.5,21.5
 Rhamondre StevensonF • 17 - 22 @ NYJ,NE,RB,8,NYJ,16,71,4.4,0,7,7,72,0,0,0,21.3,21.3
 Saquon BarkleyF • 20 - 12 vs. CHI,NYG,RB,4,CHI,31,146,4.7,0,2,2,16,0,0,0,21.2,21.2
 David MontgomeryF • 27 - 24 @ ATL,CHI,RB,11,ATL,17,67,3.9,1,4,3,54,0,0,0,21.1,21.1
 D'Andre SwiftF • 40 - 14 vs. JAX,DET,RB,13,JAX,14,62,4.4,1,6,4,49,0,0,0,21.1,21.1
 J.K. DobbinsF • 14 - 16 @ PIT,BAL,RB,14,PIT,15,120,8,1,0,0,0,0,0,0,21,21
 AJ DillonF • 19 - 28 @ CHI,GB,RB,13,CHI,18,93,5.2,1,3,3,26,0,0,0,20.9,20.9
 Raheem MostertF • 16 - 10 vs. PIT,MIA,RB,7,PIT,16,79,4.9,0,5,4,30,1,1,0,20.9,20.9
 Javonte Williams OF • 17 - 16 @ SEA,DEN,RB,1,SEA,7,43,6.1,0,12,11,65,0,1,1,20.8,20.8
 Antonio GibsonF • 16 - 17 @ IND,WAS,RB,8,IND,7,19,2.7,0,7,7,58,1,0,0,20.7,20.7
 JaMycal HastyF • 28 - 27 vs. BAL,JAX,RB,12,BAL,12,28,2.3,0,5,5,67,1,0,0,20.5,20.5
 Saquon BarkleyF • 17 - 23 @ JAX,NYG,RB,7,JAX,24,110,4.6,0,4,4,25,0,0,0,20.5,20.5
 Cordarrelle PattersonF • 20 - 19 vs. ARI,ATL,RB,17,ARI,9,42,4.7,1,8,6,42,0,0,0,20.4,20.4
 Nick ChubbF • 29 - 17 vs. PIT,CLE,RB,3,PIT,23,113,4.9,1,1,0,0,0,0,0,20.3,20.3
 Dameon PierceF • 6 - 13 @ JAX,HOU,RB,5,JAX,26,99,3.8,1,5,3,14,0,0,0,20.3,20.3
 Rhamondre StevensonF • 33 - 26 @ MIN,NE,RB,12,MIN,7,36,5.1,0,10,9,76,0,0,0,20.2,20.2
 Rhamondre StevensonF • 26 - 37 vs. BAL,NE,RB,3,BAL,12,73,6.1,1,5,4,28,0,0,0,20.1,20.1
 AJ DillonF • 23 - 7 @ MIN,GB,RB,1,MIN,10,45,4.5,1,6,5,46,0,0,0,20.1,20.1
 Antonio GibsonF • 28 - 22 vs. JAX,WAS,RB,1,JAX,14,58,4.1,0,8,7,72,0,0,0,20,20
 James RobinsonF • 28 - 22 @ WAS,JAX,RB,1,WAS,11,66,6,1,2,1,3,1,0,0,19.9,19.9
 Rachaad WhiteF/OT • 23 - 17 @ CLE,TB,RB,12,CLE,14,64,4.6,0,9,9,45,0,0,0,19.9,19.9
 Tony PollardF • 20 - 17 vs. CIN,DAL,RB,2,CIN,9,43,4.8,1,7,4,55,0,0,0,19.8,19.8
 Derrick HenryF • 19 - 10 vs. IND,TEN,RB,7,IND,30,128,4.3,0,3,3,10,0,0,0,19.8,19.8
 Christian McCaffreyF • 19 - 16 @ NYG,CAR,RB,2,NYG,15,102,6.8,0,5,4,26,0,0,0,19.8,19.8
 Saquon BarkleyF • 22 - 27 @ GB,NYG,RB,5,GB,13,70,5.4,1,6,3,36,0,0,0,19.6,19.6
 Raheem MostertF • 32 - 29 @ BUF,MIA,RB,15,BUF,17,136,8,0,2,1,20,0,0,0,19.6,19.6
 Josh JacobsF/OT • 34 - 37 vs. SF,LV,RB,17,SF,17,69,4.1,1,5,4,26,0,0,0,19.5,19.5
 D'Onta ForemanF • 21 - 3 vs. TB,CAR,RB,7,TB,15,118,7.9,0,2,2,27,0,0,0,19.5,19.5
 Josh JacobsF • 17 - 16 @ LAR,LV,RB,14,LAR,27,99,3.7,1,2,2,15,0,0,0,19.4,19.4
 Samaje PerineF • 16 - 20 @ TEN,CIN,RB,12,TEN,17,58,3.4,1,7,4,35,0,0,0,19.3,19.3
 Jamaal WilliamsF • 16 - 20 @ GB,DET,RB,18,GB,16,72,4.5,2,0,0,0,0,0,0,19.2,19.2
 Saquon BarkleyF/OT • 20 - 20 vs. WAS,NYG,RB,13,WAS,18,63,3.5,1,5,5,18,0,0,0,19.1,19.1
 Cam AkersF • 23 - 27 vs. SEA,LAR,RB,13,SEA,17,60,3.5,2,1,1,0,0,0,0,19,19
 Alexander MattisonF • 13 - 29 @ CHI,MIN,RB,18,CHI,10,54,5.4,2,1,1,6,0,0,0,19,19
 Kenneth Walker IIIF • 19 - 9 vs. ARI,SEA,RB,6,ARI,21,97,4.6,1,3,2,13,0,0,0,19,19
 Alvin KamaraF • 10 - 17 @ CLE,NO,RB,16,CLE,20,76,3.8,1,4,2,34,0,0,0,19,19
 Aaron JonesF • 40 - 33 @ PHI,GB,RB,12,PHI,12,43,3.6,0,4,3,56,1,0,0,18.9,18.9
 Chuba HubbardF • 24 - 30 @ SEA,CAR,RB,14,SEA,14,74,5.3,1,3,3,25,0,0,0,18.9,18.9
 Jonathan TaylorF • 17 - 24 vs. PIT,IND,RB,12,PIT,20,86,4.3,1,4,3,12,0,0,0,18.8,18.8
 Cam AkersF/OT • 19 - 16 @ SEA,LAR,RB,18,SEA,21,104,5,0,3,3,24,0,0,0,18.8,18.8
 Nick ChubbF • 23 - 20 @ BAL,CLE,RB,7,BAL,16,91,5.7,1,3,2,16,0,0,0,18.7,18.7
 Raheem MostertF • 39 - 17 vs. CLE,MIA,RB,10,CLE,8,65,8.1,1,4,4,22,0,0,0,18.7,18.7
 Leonard FournetteF • 3 - 19 @ DAL,TB,RB,1,DAL,21,127,6,0,2,2,10,0,0,0,18.7,18.7
 Gus EdwardsF • 23 - 20 vs. CLE,BAL,RB,7,CLE,16,66,4.1,2,1,0,0,0,0,0,18.6,18.6
 David MontgomeryF • 27 - 10 @ GB,CHI,RB,2,GB,15,122,8.1,0,2,2,14,0,0,0,18.6,18.6
 Miles SandersF • 35 - 38 @ DET,PHI,RB,1,DET,13,96,7.4,1,2,2,9,0,0,0,18.5,18.5
 Saquon BarkleyF • 24 - 20 vs. BAL,NYG,RB,6,BAL,22,83,3.8,1,3,3,12,0,0,0,18.5,18.5
 Alvin KamaraF • 26 - 30 vs. CIN,NO,RB,6,CIN,19,99,5.2,0,9,6,25,0,0,0,18.4,18.4
 Leonard FournetteF • 31 - 41 vs. KC,TB,RB,4,KC,3,-3,-1,0,7,7,57,1,0,0,18.4,18.4
 Austin EkelerF • 27 - 24 @ KC,LAC,RB,2,KC,14,39,2.8,0,10,9,55,0,0,0,18.4,18.4
 Cordarrelle PattersonF • 17 - 20 vs. LAC,ATL,RB,9,LAC,13,44,3.4,2,1,1,9,0,0,0,18.3,18.3
 Nick ChubbF • 24 - 26 @ CAR,CLE,RB,1,CAR,22,141,6.4,0,1,1,2,0,0,0,18.3,18.3
 David MontgomeryF • 29 - 22 @ MIN,CHI,RB,5,MIN,12,20,1.7,1,4,4,62,0,0,0,18.2,18.2
 Kenneth Walker IIIF • 23 - 6 vs. NYJ,SEA,RB,17,NYJ,23,133,5.8,0,1,1,9,0,0,0,18.2,18.2
 Dameon PierceF • 23 - 20 @ CHI,HOU,RB,3,CHI,20,80,4,1,2,2,21,0,2,0,18.1,18.1
 Joe MixonF • 35 - 17 vs. ATL,CIN,RB,7,ATL,17,58,3.4,1,3,3,33,0,0,0,18.1,18.1
 Ezekiel ElliottF • 54 - 19 vs. IND,DAL,RB,13,IND,17,77,4.5,1,3,3,14,0,0,0,18.1,18.1
 James ConnerF • 24 - 15 @ DEN,ARI,RB,15,DEN,16,63,3.9,1,5,3,28,0,0,0,18.1,18.1
 Austin EkelerF • 27 - 30 vs. KC,LAC,RB,11,KC,19,83,4.4,1,2,2,17,0,0,0,18,18
 Rachaad WhiteF • 17 - 16 vs. NO,TB,RB,13,NO,9,28,3.1,0,8,6,41,1,1,1,17.9,17.9
 James CookF • 13 - 35 @ CHI,BUF,RB,16,CHI,11,99,9,1,2,1,9,0,0,0,17.8,17.8
 AJ DillonF • 40 - 33 @ PHI,GB,RB,12,PHI,8,64,8,1,4,3,24,0,0,0,17.8,17.8
 Joe MixonF • 27 - 16 vs. BAL,CIN,RB,18,BAL,11,27,2.5,1,5,5,41,0,0,0,17.8,17.8
 Joe MixonF • 18 - 22 @ NE,CIN,RB,16,NE,16,65,4.1,0,9,7,43,0,0,0,17.8,17.8
 Ezekiel ElliottF • 24 - 6 vs. DET,DAL,RB,7,DET,15,57,3.8,2,0,0,0,0,0,0,17.7,17.7
 Ezekiel ElliottF • 3 - 40 @ MIN,DAL,RB,11,MIN,15,42,2.8,2,1,1,5,0,0,0,17.7,17.7
 Devin SingletaryF • 31 - 23 vs. CLE,BUF,RB,11,CLE,18,86,4.8,1,2,2,11,0,0,0,17.7,17.7
 Christian McCaffreyF • 22 - 16 vs. LAC,SF,RB,10,LAC,14,38,2.7,1,6,4,39,0,0,0,17.7,17.7
 JaMycal HastyF • 3 - 31 @ HOU,JAX,RB,17,HOU,10,33,3.3,1,6,6,23,0,0,0,17.6,17.6
 Christian McCaffreyF • 10 - 38 @ ARI,SF,RB,11,ARI,7,39,5.6,0,7,7,67,0,0,0,17.6,17.6
 Elijah MitchellF • 38 - 13 vs. ARI,SF,RB,18,ARI,5,55,11,2,0,0,0,0,0,0,17.5,17.5
 Tyler AllgeierF/OT • 37 - 34 vs. CAR,ATL,RB,8,CAR,14,39,2.8,0,3,3,46,1,0,0,17.5,17.5
 Aaron JonesF/OT • 27 - 24 vs. NE,GB,RB,4,NE,16,110,6.9,0,4,3,5,0,0,0,17.5,17.5
 Alvin KamaraF • 42 - 34 @ ARI,NO,RB,7,ARI,11,49,4.5,0,9,7,56,0,0,0,17.5,17.5
 Joe MixonF • 27 - 15 vs. MIA,CIN,RB,4,MIA,24,61,2.5,1,4,4,13,0,0,0,17.4,17.4
 Jonathan TaylorF • 16 - 17 vs. PHI,IND,RB,11,PHI,22,84,3.8,1,4,3,10,0,1,1,17.4,17.4
 Michael CarterF • 40 - 17 vs. MIA,NYJ,RB,5,MIA,10,21,2.1,2,2,2,12,0,0,0,17.3,17.3
 Cam AkersF • 31 - 10 @ LAC,LAR,RB,17,LAC,19,123,6.5,0,2,1,10,0,0,0,17.3,17.3
 Latavius MurrayF/OT • 16 - 22 vs. LV,DEN,RB,11,LV,17,49,2.9,1,4,4,23,0,0,0,17.2,17.2
 Ezekiel ElliottF • 27 - 23 vs. HOU,DAL,RB,14,HOU,15,62,4.1,1,5,3,19,0,0,0,17.1,17.1
 Pierre Strong Jr.F • 13 - 27 @ ARI,NE,RB,14,ARI,5,70,14,1,2,2,20,0,0,0,17,17
 Deon JacksonF • 31 - 32 vs. HOU,IND,RB,18,HOU,8,35,4.4,0,8,6,75,0,0,0,17,17
 Michael CarterF • 9 - 24 vs. BAL,NYJ,RB,1,BAL,10,60,6,0,9,7,40,0,0,0,17,17
 Kenneth Walker IIIF/OT • 34 - 40 vs. LV,SEA,RB,12,LV,14,26,1.9,2,1,1,13,0,0,0,16.9,16.9
 Dameon PierceF • 17 - 29 vs. PHI,HOU,RB,9,PHI,27,139,5.1,0,0,0,0,0,0,0,16.9,16.9
 Christian McCaffreyF • 38 - 13 vs. ARI,SF,RB,18,ARI,10,45,4.5,0,3,3,34,1,0,0,16.9,16.9
 Joe MixonF • 26 - 30 @ NO,CIN,RB,6,NO,8,45,5.6,0,6,4,23,1,0,0,16.8,16.8
 J.K. DobbinsF • 13 - 3 @ CLE,BAL,RB,15,CLE,13,125,9.6,0,1,1,3,0,0,0,16.8,16.8
 Derrick HenryF • 20 - 16 @ JAX,TEN,RB,18,JAX,30,109,3.6,0,1,1,19,0,0,0,16.8,16.8
 Zonovan KnightF • 27 - 22 @ MIN,NYJ,RB,13,MIN,15,90,6,0,5,5,28,0,0,0,16.8,16.8
 Damien HarrisF • 14 - 17 @ PIT,NE,RB,2,PIT,15,71,4.7,1,2,2,16,0,0,0,16.7,16.7
 D'Andre SwiftF • 36 - 27 vs. WAS,DET,RB,2,WAS,5,56,11.2,0,5,2,31,1,0,0,16.7,16.7
 Devin SingletaryF/OT • 30 - 33 vs. MIN,BUF,RB,10,MIN,13,47,3.6,2,2,1,0,0,1,1,16.7,16.7
 Antonio GibsonF • 23 - 21 vs. GB,WAS,RB,7,GB,10,59,5.9,0,4,3,18,1,0,0,16.7,16.7
 Kenyan DrakeF • 22 - 27 @ TB,BAL,RB,8,TB,7,62,8.9,0,4,4,5,1,0,0,16.7,16.7
 David MontgomeryF • 19 - 28 vs. GB,CHI,RB,13,GB,14,61,4.4,1,5,4,6,0,0,0,16.7,16.7
 Travis Etienne Jr.F/OT • 40 - 34 vs. DAL,JAX,RB,15,DAL,19,103,5.4,0,3,2,24,0,1,1,16.7,16.7
 Ezekiel ElliottF • 28 - 20 vs. NYG,DAL,RB,12,NYG,16,92,5.8,1,1,1,3,0,0,0,16.5,16.5
 Tyler AllgeierF • 20 - 19 vs. ARI,ATL,RB,17,ARI,20,83,4.2,1,1,1,12,0,0,0,16.5,16.5
 Tyler AllgeierF • 30 - 17 vs. TB,ATL,RB,18,TB,24,135,5.6,0,0,0,0,0,0,0,16.5,16.5
 Christian McCaffreyF • 22 - 14 vs. NO,CAR,RB,3,NO,25,108,4.3,0,4,2,7,0,0,0,16.5,16.5
 Melvin Gordon IIIF • 11 - 10 vs. SF,DEN,RB,3,SF,12,26,2.2,1,6,5,29,0,2,0,16.5,16.5
 James ConnerF • 21 - 44 vs. KC,ARI,RB,1,KC,10,26,2.6,1,6,5,29,0,1,0,16.5,16.5
 James CookF • 10 - 24 @ NE,BUF,RB,13,NE,14,64,4.6,0,6,6,41,0,0,0,16.5,16.5
 Kenneth Walker IIIF/OT • 19 - 16 vs. LAR,SEA,RB,18,LAR,29,114,3.9,0,1,1,10,0,0,0,16.4,16.4
 Dalvin CookF • 27 - 22 vs. NYJ,MIN,RB,13,NYJ,20,86,4.3,1,3,2,-3,0,0,0,16.3,16.3
 Marlon MackF • 24 - 15 vs. ARI,DEN,RB,15,ARI,5,37,7.4,1,4,4,26,0,0,0,16.3,16.3
 Aaron JonesF • 41 - 17 vs. MIN,GB,RB,17,MIN,14,111,7.9,0,3,2,2,0,0,0,16.3,16.3
 Joshua KelleyF • 28 - 30 @ CLE,LAC,RB,5,CLE,10,49,4.9,1,2,2,33,0,0,0,16.2,16.2
 Isiah PachecoF • 27 - 24 @ CIN,KC,RB,13,CIN,14,66,4.7,1,2,2,16,0,0,0,16.2,16.2
 Jeff Wilson Jr.F • 32 - 35 @ CHI,MIA,RB,9,CHI,9,51,5.7,0,3,3,21,1,0,0,16.2,16.2
 Nick ChubbF • 39 - 17 @ MIA,CLE,RB,10,MIA,11,63,5.7,1,4,3,18,0,1,1,16.1,16.1
 Jamaal WilliamsF • 35 - 38 vs. PHI,DET,RB,1,PHI,11,28,2.5,2,2,1,2,0,0,0,16,16
 Rhamondre StevensonF • 26 - 3 vs. IND,NE,RB,9,IND,15,60,4,0,7,3,10,1,0,0,16,16
 Khalil HerbertF • 49 - 29 @ DAL,CHI,RB,8,DAL,16,99,6.2,1,0,0,0,0,0,0,15.9,15.9
 Kenyan DrakeF • 27 - 16 @ CIN,BAL,RB,18,CIN,16,60,3.8,1,5,2,19,0,0,0,15.9,15.9
 James RobinsonF • 24 - 0 vs. IND,JAX,RB,2,IND,23,64,2.8,1,2,2,14,0,0,0,15.8,15.8
 Breece HallF • 20 - 24 @ PIT,NYJ,RB,4,PIT,17,66,3.9,1,6,2,12,0,0,0,15.8,15.8
 Clyde Edwards-HelaireF • 27 - 24 vs. LAC,KC,RB,2,LAC,8,74,9.2,0,4,4,44,0,0,0,15.8,15.8
 Khalil HerbertF • 14 - 33 @ NE,CHI,RB,7,NE,12,62,5.2,0,2,1,25,1,0,0,15.7,15.7
 Chase EdmondsF • 21 - 19 vs. BUF,MIA,RB,3,BUF,6,21,3.5,2,1,1,6,0,0,0,15.7,15.7
 Zonovan KnightF • 20 - 12 @ BUF,NYJ,RB,14,BUF,17,71,4.2,1,2,2,6,0,0,0,15.7,15.7
 Marlon MackF • 28 - 34 vs. KC,DEN,RB,14,KC,3,15,5,0,3,2,62,1,0,0,15.7,15.7
 Dameon PierceF • 38 - 20 @ LV,HOU,RB,7,LV,20,92,4.6,0,4,4,25,0,0,0,15.7,15.7
 Christian McCaffreyF • 24 - 26 vs. CLE,CAR,RB,1,CLE,10,33,3.3,1,5,4,24,0,0,0,15.7,15.7
 Tyler AllgeierF • 17 - 9 @ BAL,ATL,RB,16,BAL,18,74,4.1,0,5,4,43,0,0,0,15.7,15.7
 Isiah PachecoF • 26 - 10 vs. LAR,KC,RB,12,LAR,22,69,3.1,1,1,1,17,0,0,0,15.6,15.6
 Michael CarterF • 20 - 17 vs. BUF,NYJ,RB,9,BUF,12,76,6.3,1,1,1,10,0,0,0,15.6,15.6
 Ezekiel ElliottF • 26 - 17 @ PHI,DAL,RB,6,PHI,13,81,6.2,1,1,1,5,0,0,0,15.6,15.6
 Nick ChubbF • 10 - 24 @ WAS,CLE,RB,17,WAS,14,104,7.4,0,1,1,12,0,0,0,15.6,15.6
 Rachaad WhiteF • 31 - 41 vs. KC,TB,RB,4,KC,3,6,2,1,5,5,50,0,1,1,15.6,15.6
 D'Andre SwiftF • 16 - 20 @ GB,DET,RB,18,GB,6,25,4.2,0,7,7,61,0,0,0,15.6,15.6
 Chuba HubbardF • 37 - 23 vs. DET,CAR,RB,16,DET,12,125,10.4,0,0,0,0,0,0,0,15.5,15.5
 Kenneth Walker IIIF • 24 - 10 @ KC,SEA,RB,16,KC,26,107,4.1,0,2,2,-2,0,0,0,15.5,15.5
 Najee HarrisF • 13 - 10 vs. LV,PIT,RB,16,LV,16,53,3.3,0,9,6,42,0,0,0,15.5,15.5
 Jonathan TaylorF • 19 - 10 @ TEN,IND,RB,7,TEN,10,58,5.8,0,8,7,27,0,0,0,15.5,15.5
 Damien HarrisF/OT • 27 - 24 @ GB,NE,RB,4,GB,18,86,4.8,1,1,1,-2,0,0,0,15.4,15.4
 Miles SandersF • 17 - 29 @ HOU,PHI,RB,9,HOU,17,93,5.5,1,0,0,0,0,0,0,15.3,15.3
 Dalvin CookF • 16 - 24 @ MIA,MIN,RB,6,MIA,13,77,5.9,1,1,1,6,0,0,0,15.3,15.3
 Chuba HubbardF • 21 - 3 vs. TB,CAR,RB,7,TB,9,63,7,1,3,2,10,0,0,0,15.3,15.3
 Raheem BlackshearF • 42 - 21 @ CIN,CAR,RB,9,CIN,5,13,2.6,1,4,4,40,0,0,0,15.3,15.3
 Rachaad WhiteF/OT • 16 - 19 @ ARI,TB,RB,16,ARI,7,36,5.1,0,4,4,17,1,0,0,15.3,15.3
 Saquon BarkleyF • 27 - 13 @ SEA,NYG,RB,8,SEA,20,53,2.6,1,5,3,9,0,0,0,15.2,15.2
 Saquon BarkleyF • 28 - 20 @ DAL,NYG,RB,12,DAL,11,39,3.5,1,6,4,13,0,0,0,15.2,15.2
 Breece HallF • 12 - 27 vs. CIN,NYJ,RB,3,CIN,8,39,4.9,0,11,6,53,0,0,0,15.2,15.2
 Ezekiel ElliottF/OT • 40 - 34 @ JAX,DAL,RB,15,JAX,16,58,3.6,1,2,2,13,0,0,0,15.1,15.1
 Austin EkelerF • 17 - 14 vs. TEN,LAC,RB,15,TEN,12,58,4.8,1,3,2,12,0,0,0,15,15
 Najee HarrisF • 28 - 14 vs. CLE,PIT,RB,18,CLE,23,80,3.5,1,1,1,10,0,1,1,15,15
 Alvin KamaraF • 7 - 10 vs. CAR,NO,RB,18,CAR,23,107,4.7,0,2,1,3,0,0,0,15,15
 Clyde Edwards-HelaireF • 20 - 17 @ IND,KC,RB,3,IND,7,0,0,1,5,5,39,0,0,0,14.9,14.9
 Rex BurkheadF • 24 - 34 vs. LAC,HOU,RB,4,LAC,0,0,0,0,5,5,39,1,0,0,14.9,14.9
 Kenneth Walker IIIF • 39 - 32 @ NO,SEA,RB,5,NO,8,88,11,1,0,0,0,0,0,0,14.8,14.8
 Ty JohnsonF • 31 - 10 vs. CHI,NYJ,RB,12,CHI,5,62,12.4,1,2,1,16,0,0,0,14.8,14.8
 Leonard FournetteF • 22 - 27 vs. BAL,TB,RB,8,BAL,9,24,2.7,1,3,3,34,0,0,0,14.8,14.8
 Antonio GibsonF • 21 - 32 @ PHI,WAS,RB,10,PHI,14,44,3.1,1,3,3,14,0,0,0,14.8,14.8
 Derrick HenryF • 16 - 20 vs. CIN,TEN,RB,12,CIN,17,38,2.2,0,3,3,79,0,1,0,14.7,14.7
 Kareem HuntF • 28 - 30 vs. LAC,CLE,RB,5,LAC,11,47,4.3,1,3,3,10,0,0,0,14.7,14.7
 Devin SingletaryF • 20 - 24 @ KC,BUF,RB,6,KC,17,85,5,0,5,4,22,0,0,0,14.7,14.7
 Josh JacobsF • 24 - 22 @ TEN,LV,RB,3,TEN,13,66,5.1,0,5,5,31,0,1,0,14.7,14.7
 Tony PollardF • 10 - 22 @ LAR,DAL,RB,5,LAR,8,86,10.8,1,0,0,0,0,0,0,14.6,14.6
 Brian Robinson Jr.F • 21 - 32 @ PHI,WAS,RB,10,PHI,26,86,3.3,1,0,0,0,0,0,0,14.6,14.6
 Najee HarrisF • 16 - 24 @ CAR,PIT,RB,15,CAR,24,86,3.6,1,0,0,0,0,0,0,14.6,14.6
 Dalvin CookF • 28 - 24 vs. DET,MIN,RB,3,DET,17,96,5.6,1,0,0,0,0,1,1,14.6,14.6
 Tony PollardF/OT • 40 - 34 @ JAX,DAL,RB,15,JAX,19,75,3.9,0,5,4,31,0,0,0,14.6,14.6
 Ezekiel ElliottF • 16 - 23 @ NYG,DAL,RB,3,NYG,15,73,4.9,1,1,1,2,0,0,0,14.5,14.5
 Ameer AbdullahF/OT • 34 - 40 @ SEA,LV,RB,12,SEA,3,16,5.3,0,3,3,39,1,0,0,14.5,14.5
 Alec IngoldF • 39 - 17 vs. CLE,MIA,FB,10,CLE,0,0,0,0,4,4,45,1,0,0,14.5,14.5
 Travis Etienne Jr.F • 6 - 13 vs. HOU,JAX,RB,5,HOU,10,71,7.1,0,5,3,43,0,0,0,14.4,14.4
 David MontgomeryF • 31 - 10 @ NYJ,CHI,RB,12,NYJ,14,79,5.6,0,4,3,34,0,0,0,14.3,14.3
 D'Onta ForemanF • 23 - 10 vs. DEN,CAR,RB,12,DEN,24,113,4.7,0,0,0,0,0,0,0,14.3,14.3
 Eno BenjaminF • 17 - 20 vs. PHI,ARI,RB,5,PHI,8,25,3.1,1,4,3,28,0,0,0,14.3,14.3
 D'Andre SwiftF • 27 - 31 vs. MIA,DET,RB,8,MIA,5,6,1.2,0,5,5,27,1,0,0,14.3,14.3
 Miles SandersF • 26 - 17 vs. DAL,PHI,RB,6,DAL,18,71,3.9,1,1,1,1,0,0,0,14.2,14.2
 Darrel WilliamsF/OT • 23 - 29 @ LV,ARI,RB,2,LV,8,59,7.4,1,3,2,3,0,0,0,14.2,14.2
 Melvin Gordon IIIF • 17 - 21 @ JAX,DEN,RB,8,JAX,9,29,3.2,1,4,3,23,0,0,0,14.2,14.2
 Travis Etienne Jr.F • 3 - 19 @ NYJ,JAX,RB,16,NYJ,22,83,3.8,0,3,3,29,0,0,0,14.2,14.2
 Rhamondre StevensonF • 10 - 3 vs. NYJ,NE,RB,11,NYJ,15,26,1.7,0,6,6,56,0,0,0,14.2,14.2
 Austin EkelerF • 27 - 20 @ LV,LAC,RB,13,LV,10,35,3.5,0,6,5,67,0,1,1,14.2,14.2
 Samaje PerineF • 12 - 27 @ NYJ,CIN,RB,3,NYJ,9,47,5.2,0,2,2,14,1,0,0,14.1,14.1
 Dameon PierceF • 10 - 17 vs. TEN,HOU,RB,8,TEN,15,35,2.3,0,5,3,16,1,0,0,14.1,14.1
 Najee HarrisF • 29 - 17 @ CLE,PIT,RB,3,CLE,15,56,3.7,1,3,3,5,0,1,1,14.1,14.1
 Leonard FournetteF • 17 - 16 vs. NO,TB,RB,13,NO,10,49,4.9,0,7,6,32,0,0,0,14.1,14.1
 Jerick McKinnonF • 27 - 24 @ CIN,KC,RB,13,CIN,8,51,6.4,0,2,2,9,1,0,0,14,14
 James ConnerF • 20 - 19 @ ATL,ARI,RB,17,ATL,16,79,4.9,0,3,3,31,0,0,0,14,14
 Aaron JonesF • 17 - 27 vs. TEN,GB,RB,11,TEN,12,40,3.3,0,7,6,20,0,1,0,14,14
 Tony PollardF • 40 - 34 vs. PHI,DAL,RB,16,PHI,9,19,2.1,0,8,6,61,0,0,0,14,14
 Najee HarrisF • 14 - 17 vs. NE,PIT,RB,2,NE,15,49,3.3,0,6,5,40,0,0,0,13.9,13.9
 Miles SandersF • 35 - 13 vs. PIT,PHI,RB,8,PIT,9,78,8.7,1,0,0,0,0,0,0,13.8,13.8
 Benny Snell Jr.F • 17 - 24 @ IND,PIT,RB,12,IND,12,62,5.2,1,1,1,6,0,0,0,13.8,13.8
 Christian McCaffreyF • 37 - 20 vs. WAS,SF,RB,16,WAS,15,46,3.1,1,2,2,12,0,0,0,13.8,13.8
 Dalvin CookF • 23 - 7 vs. GB,MIN,RB,1,GB,20,90,4.5,0,5,3,18,0,0,0,13.8,13.8
 Corey ClementF • 38 - 13 @ SF,ARI,RB,18,SF,8,23,2.9,1,4,3,25,0,0,0,13.8,13.8
 Rhamondre StevensonF • 10 - 24 vs. BUF,NE,RB,13,BUF,10,54,5.4,0,8,6,24,0,1,0,13.8,13.8
 Isiah PachecoF • 27 - 30 @ LAC,KC,RB,11,LAC,15,107,7.1,0,0,0,0,0,0,0,13.7,13.7
 Dalvin CookF • 17 - 20 @ WAS,MIN,RB,9,WAS,17,47,2.8,0,6,2,9,1,0,0,13.6,13.6
 Latavius MurrayF • 25 - 28 vs. MIN,NO,RB,4,MIN,11,57,5.2,1,1,1,8,0,0,0,13.5,13.5
 Tony PollardF • 16 - 23 @ NYG,DAL,RB,3,NYG,13,105,8.1,0,1,0,0,0,0,0,13.5,13.5
 Rachaad WhiteF • 21 - 16 vs. SEA,TB,RB,10,SEA,22,105,4.8,0,0,0,0,0,0,0,13.5,13.5
 Jeff Wilson Jr.F • 24 - 9 vs. LAR,SF,RB,4,LAR,18,74,4.1,1,0,0,0,0,0,0,13.4,13.4
 James ConnerF • 10 - 38 vs. SF,ARI,RB,11,SF,14,42,3,1,5,2,12,0,1,0,13.4,13.4
 Tyler AllgeierF • 17 - 20 vs. LAC,ATL,RB,9,LAC,10,99,9.9,0,1,1,24,0,0,0,13.3,13.3
 Travis HomerF/OT • 34 - 40 vs. LV,SEA,RB,12,LV,2,8,4,0,3,2,45,1,0,0,13.3,13.3
 James RobinsonF • 20 - 17 vs. BUF,NYJ,RB,9,BUF,13,48,3.7,0,2,2,5,1,0,0,13.3,13.3
 Zonovan KnightF • 31 - 10 vs. CHI,NYJ,RB,12,CHI,14,69,4.9,0,3,3,34,0,1,0,13.3,13.3
 Antonio GibsonF • 10 - 23 @ HOU,WAS,RB,11,HOU,18,72,4,0,3,3,31,0,0,0,13.3,13.3
 Melvin Gordon IIIF/OT • 9 - 12 vs. IND,DEN,RB,5,IND,15,54,3.6,0,3,3,49,0,0,0,13.3,13.3
 Jonathan TaylorF • 54 - 19 @ DAL,IND,RB,13,DAL,21,82,3.9,0,4,3,21,0,0,0,13.3,13.3
 J.D. McKissicF • 36 - 27 @ DET,WAS,RB,2,DET,3,9,3,0,7,7,54,0,0,0,13.3,13.3
 Austin EkelerF • 22 - 16 @ SF,LAC,RB,10,SF,6,24,4,0,12,7,39,0,0,0,13.3,13.3
 Austin EkelerF • 10 - 38 vs. JAX,LAC,RB,3,JAX,4,5,1.2,0,8,8,48,0,0,0,13.3,13.3
 Breece HallF • 9 - 16 @ DEN,NYJ,RB,7,DEN,4,72,18,1,0,0,0,0,0,0,13.2,13.2
 Darrell Henderson Jr.F • 24 - 10 vs. CAR,LAR,RB,6,CAR,12,43,3.6,1,3,2,9,0,0,0,13.2,13.2
 Dameon PierceF • 24 - 16 @ NYG,HOU,RB,10,NYG,17,94,5.5,0,3,2,28,0,1,1,13.2,13.2
 Rhamondre StevensonF • 35 - 23 @ BUF,NE,RB,18,BUF,6,54,9,0,6,5,28,0,1,0,13.2,13.2
 Kenneth Walker IIIF • 21 - 16 @ TB,SEA,RB,10,TB,10,17,1.7,0,8,6,55,0,0,0,13.2,13.2
 Ezekiel ElliottF • 40 - 34 vs. PHI,DAL,RB,16,PHI,16,55,3.4,1,1,1,6,0,0,0,13.1,13.1
 Brian Robinson Jr.F/OT • 20 - 20 @ NYG,WAS,RB,13,NYG,21,96,4.6,0,2,2,15,0,1,0,13.1,13.1
 Deon JacksonF/OT • 9 - 12 @ DEN,IND,RB,5,DEN,13,62,4.8,0,4,4,29,0,0,0,13.1,13.1
 Breece HallF • 30 - 31 @ CLE,NYJ,RB,2,CLE,7,50,7.1,0,1,1,10,1,0,0,13,13
 Najee HarrisF • 14 - 16 vs. BAL,PIT,RB,14,BAL,12,33,2.8,1,3,2,17,0,0,0,13,13
 Josh JacobsF • 30 - 24 vs. NE,LV,RB,15,NE,22,93,4.2,0,3,2,17,0,1,0,13,13
 Cam AkersF • 24 - 12 @ GB,LAR,RB,15,GB,12,65,5.4,0,3,3,35,0,0,0,13,13
 Latavius MurrayF • 17 - 21 @ JAX,DEN,RB,8,JAX,14,46,3.3,1,2,1,13,0,0,0,12.9,12.9
 Tony PollardF • 24 - 6 vs. DET,DAL,RB,7,DET,12,83,6.9,0,2,2,26,0,0,0,12.9,12.9
 Nyheim HinesF • 16 - 17 vs. WAS,IND,RB,8,WAS,5,20,4,1,2,2,29,0,0,0,12.9,12.9
 Najee HarrisF • 20 - 18 vs. TB,PIT,RB,6,TB,14,42,3,0,3,2,7,1,0,0,12.9,12.9
 Isiah PachecoF • 27 - 24 vs. DEN,KC,RB,17,DEN,9,31,3.4,1,2,2,18,0,0,0,12.9,12.9
 Rhamondre StevensonF/OT • 27 - 24 @ GB,NE,RB,4,GB,14,66,4.7,0,5,4,23,0,0,0,12.9,12.9
 Alvin KamaraF • 27 - 20 vs. LAR,NO,RB,11,LAR,12,42,3.5,0,5,4,47,0,0,0,12.9,12.9
 Joe MixonF • 32 - 13 @ CLE,CIN,RB,8,CLE,8,27,3.4,0,9,7,32,0,0,0,12.9,12.9
 Cordarrelle PattersonF • 27 - 24 vs. CHI,ATL,RB,11,CHI,10,52,5.2,0,2,2,7,0,1,1,12.9,12.9
 Dameon PierceF • 27 - 23 @ DAL,HOU,RB,14,DAL,22,78,3.5,1,0,0,0,0,1,1,12.8,12.8
 Travis Etienne Jr.F • 34 - 27 @ IND,JAX,RB,6,IND,10,86,8.6,0,2,2,22,0,1,0,12.8,12.8
 AJ DillonF • 20 - 26 @ MIA,GB,RB,16,MIA,11,36,3.3,1,3,2,12,0,0,0,12.8,12.8
 Kenneth GainwellF • 17 - 29 @ HOU,PHI,RB,9,HOU,4,22,5.5,1,3,3,16,0,0,0,12.8,12.8
 Jerick McKinnonF • 24 - 10 vs. SEA,KC,RB,16,SEA,5,7,1.4,0,3,3,31,1,0,0,12.8,12.8
 DeeJay DallasF • 23 - 6 vs. NYJ,SEA,RB,17,NYJ,7,43,6.1,0,4,3,55,0,0,0,12.8,12.8
 Jaylen WarrenF • 13 - 16 @ BAL,PIT,RB,17,BAL,12,76,6.3,0,3,3,22,0,0,0,12.8,12.8
 Damien HarrisF • 26 - 37 vs. BAL,NE,RB,3,BAL,11,41,3.7,1,3,2,5,0,0,0,12.6,12.6
 Joe MixonF • 23 - 10 vs. CLE,CIN,RB,14,CLE,14,96,6.9,0,2,2,10,0,0,0,12.6,12.6
 Jeff Wilson Jr.F • 11 - 10 @ DEN,SF,RB,3,DEN,12,75,6.2,0,3,3,31,0,1,1,12.6,12.6
 Devin SingletaryF • 20 - 23 @ BAL,BUF,RB,4,BAL,11,49,4.5,0,5,4,47,0,1,1,12.6,12.6
 Dameon PierceF • 14 - 27 vs. CLE,HOU,RB,13,CLE,18,73,4.1,0,3,3,22,0,0,0,12.5,12.5
 D'Andre SwiftF • 17 - 20 @ NYJ,DET,RB,15,NYJ,8,52,6.5,0,9,5,23,0,0,0,12.5,12.5
 Isiah PachecoF • 13 - 31 @ LV,KC,RB,18,LV,8,64,8,1,0,0,0,0,0,0,12.4,12.4
 Alvin KamaraF • 21 - 18 vs. ATL,NO,RB,15,ATL,21,91,4.3,0,2,2,13,0,0,0,12.4,12.4
 Jeff Wilson Jr.F • 27 - 7 vs. SEA,SF,RB,2,SEA,18,84,4.7,0,2,2,19,0,0,0,12.3,12.3
 Isiah PachecoF • 28 - 34 @ DEN,KC,RB,14,DEN,13,70,5.4,0,3,3,23,0,0,0,12.3,12.3
 Dontrell HilliardF • 17 - 21 @ WAS,TEN,RB,5,WAS,1,0,0,0,5,4,23,1,0,0,12.3,12.3
 Darrell Henderson Jr.F • 10 - 31 vs. BUF,LAR,RB,1,BUF,13,47,3.6,0,5,5,26,0,0,0,12.3,12.3
 David MontgomeryF • 14 - 33 @ NE,CHI,RB,7,NE,15,62,4.1,1,0,0,0,0,0,0,12.2,12.2
 Isiah PachecoF • 21 - 44 @ ARI,KC,RB,1,ARI,12,62,5.2,1,0,0,0,0,1,0,12.2,12.2
 Jeff Wilson Jr.F • 30 - 15 vs. HOU,MIA,RB,12,HOU,13,39,3,1,3,1,13,0,0,0,12.2,12.2
 Kenneth Walker IIIF • 27 - 13 vs. NYG,SEA,RB,8,NYG,18,51,2.8,1,2,1,1,0,0,0,12.2,12.2
 Cordarrelle PattersonF • 21 - 18 @ NO,ATL,RB,15,NO,14,52,3.7,1,3,1,0,0,0,0,12.2,12.2
 D'Andre SwiftF • 18 - 31 @ NYG,DET,RB,11,NYG,5,20,4,1,3,3,12,0,1,0,12.2,12.2
 Craig ReynoldsF • 29 - 0 @ NE,DET,RB,5,NE,6,24,4,0,3,3,68,0,0,0,12.2,12.2
 Antonio GibsonF • 36 - 27 @ DET,WAS,RB,2,DET,14,28,2,1,4,2,13,0,0,0,12.1,12.1
 Jonathan TaylorF • 20 - 17 vs. KC,IND,RB,3,KC,21,71,3.4,0,5,3,20,0,0,0,12.1,12.1
 Brian Robinson Jr.F • 7 - 12 @ CHI,WAS,RB,6,CHI,17,60,3.5,1,0,0,0,0,0,0,12,12
 Leonard FournetteF • 12 - 14 vs. GB,TB,RB,3,GB,12,35,2.9,0,6,5,35,0,0,0,12,12
 Melvin Gordon IIIF/OT • 16 - 22 vs. LV,DEN,RB,11,LV,8,31,3.9,0,5,5,39,0,1,0,12,12
 Rex BurkheadF/OT • 20 - 20 vs. IND,HOU,RB,1,IND,14,40,2.9,0,8,5,30,0,0,0,12,12
 Nyheim HinesF • 35 - 23 vs. NE,BUF,RB,18,NE,0,0,0,0,0,0,0,0,0,0,12,12
 Najee HarrisF • 35 - 13 @ PHI,PIT,RB,8,PHI,8,32,4,0,6,6,26,0,0,0,12,11.96
 Jamaal WilliamsF • 30 - 31 @ CHI,DET,RB,10,CHI,16,59,3.7,1,0,0,0,0,0,0,11.9,11.9
 Raheem BlackshearF • 24 - 30 @ SEA,CAR,RB,14,SEA,4,32,8,1,1,1,17,0,0,0,11.9,11.9
 Jaylen WarrenF • 16 - 24 @ CAR,PIT,RB,15,CAR,11,38,3.5,1,1,1,11,0,0,0,11.9,11.9
 James CookF • 32 - 29 vs. MIA,BUF,RB,15,MIA,5,34,6.8,0,3,2,5,1,0,0,11.9,11.9
 Kenneth Walker IIIF • 13 - 21 vs. SF,SEA,RB,15,SF,12,47,3.9,0,5,4,32,0,0,0,11.9,11.9
 Miles SandersF • 35 - 10 vs. TEN,PHI,RB,13,TEN,10,24,2.4,1,2,2,14,0,0,0,11.8,11.8
 Leonard FournetteF • 21 - 16 vs. SEA,TB,RB,10,SEA,14,57,4.1,1,1,1,1,0,0,0,11.8,11.8
 Saquon BarkleyF • 19 - 16 vs. CAR,NYG,RB,2,CAR,21,72,3.4,0,4,3,16,0,0,0,11.8,11.8
 Joe MixonF • 19 - 17 @ BAL,CIN,RB,5,BAL,14,78,5.6,0,3,3,10,0,0,0,11.8,11.8
 Jerick McKinnonF • 27 - 17 vs. JAX,KC,RB,10,JAX,1,2,2,0,8,6,56,0,0,0,11.8,11.8
 JaMycal HastyF • 34 - 27 @ IND,JAX,RB,6,IND,3,57,19,1,0,0,0,0,0,0,11.7,11.7
 Brian Robinson Jr.F • 12 - 20 vs. NYG,WAS,RB,15,NYG,12,89,7.4,0,1,1,18,0,1,0,11.7,11.7
 Keaontay IngramF • 42 - 34 vs. NO,ARI,RB,7,NO,9,14,1.6,1,2,2,23,0,0,0,11.7,11.7
 Josh JacobsF • 27 - 20 @ JAX,LV,RB,9,JAX,17,67,3.9,0,3,3,20,0,0,0,11.7,11.7
 Rachaad WhiteF • 35 - 7 @ SF,TB,RB,14,SF,13,56,4.3,0,5,5,21,0,1,1,11.7,11.7
 Caleb HuntleyF • 23 - 20 vs. CLE,ATL,RB,4,CLE,10,56,5.6,1,0,0,0,0,0,0,11.6,11.6
 Jamaal WilliamsF • 25 - 28 vs. BUF,DET,RB,12,BUF,18,66,3.7,1,0,0,0,0,1,1,11.6,11.6
 Kenneth GainwellF • 40 - 33 vs. GB,PHI,RB,12,GB,8,39,4.9,1,1,1,7,0,0,0,11.6,11.6
 Deon JacksonF/OT • 39 - 36 @ MIN,IND,RB,15,MIN,13,55,4.2,0,1,1,1,1,1,1,11.6,11.6
 Miles SandersF • 24 - 7 vs. MIN,PHI,RB,2,MIN,17,80,4.7,0,3,3,6,0,0,0,11.6,11.6
 Mike BooneF/OT • 9 - 12 vs. IND,DEN,RB,5,IND,7,38,5.4,0,3,3,47,0,0,0,11.5,11.5
 Boston ScottF • 22 - 16 vs. NYG,PHI,RB,18,NYG,9,54,6,1,0,0,0,0,0,0,11.4,11.4
 Alexander MattisonF • 28 - 24 vs. DET,MIN,RB,3,DET,7,28,4,1,1,1,16,0,0,0,11.4,11.4
 Tyler AllgeierF • 23 - 20 vs. CLE,ATL,RB,4,CLE,10,84,8.4,0,1,1,20,0,0,0,11.4,11.4
 Leonard FournetteF • 23 - 34 vs. CIN,TB,RB,15,CIN,10,44,4.4,0,4,4,30,0,0,0,11.4,11.4
 James ConnerF • 21 - 31 vs. SEA,ARI,RB,9,SEA,7,45,6.4,0,5,5,19,0,0,0,11.4,11.4
 David MontgomeryF • 13 - 35 vs. BUF,CHI,RB,16,BUF,16,62,3.9,0,4,4,22,0,1,1,11.4,11.4
 Nyheim HinesF/OT • 20 - 20 @ HOU,IND,RB,1,HOU,3,4,1.3,0,6,6,50,0,1,0,11.4,11.4
 Khalil HerbertF • 19 - 10 vs. SF,CHI,RB,1,SF,9,45,5,1,1,1,-2,0,0,0,11.3,11.3
 Damien HarrisF • 10 - 3 vs. NYJ,NE,RB,11,NYJ,8,65,8.1,0,2,2,28,0,0,0,11.3,11.3
 Joe MixonF • 20 - 17 @ DAL,CIN,RB,2,DAL,19,57,3,0,4,3,26,0,0,0,11.3,11.3
 Nick ChubbF • 10 - 17 vs. NO,CLE,RB,16,NO,24,92,3.8,0,1,1,10,0,0,0,11.2,11.2
 Kenneth GainwellF • 35 - 38 @ DET,PHI,RB,1,DET,5,20,4,1,4,2,12,0,0,0,11.2,11.2
 Kareem HuntF • 32 - 13 vs. CIN,CLE,RB,8,CIN,11,42,3.8,0,4,4,30,0,0,0,11.2,11.2
 Austin EkelerF • 24 - 19 vs. LV,LAC,RB,1,LV,14,36,2.6,0,4,4,36,0,0,0,11.2,11.2
 Latavius MurrayF • 27 - 24 @ KC,DEN,RB,17,KC,12,56,4.7,0,6,4,16,0,0,0,11.2,11.2
 Dare OgunbowaleF • 38 - 20 @ LV,HOU,RB,7,LV,1,8,8,0,7,5,54,0,0,0,11.2,11.2
 Devin SingletaryF • 10 - 24 @ NE,BUF,RB,13,NE,13,51,3.9,1,2,0,0,0,0,0,11.1,11.1
 Cam AkersF • 12 - 20 @ ARI,LAR,RB,3,ARI,12,61,5.1,1,0,0,0,0,1,1,11.1,11.1
 Khalil HerbertF • 20 - 12 @ NYG,CHI,RB,4,NYG,19,77,4.1,0,1,1,24,0,0,0,11.1,11.1
 Breece HallF • 9 - 24 vs. BAL,NYJ,RB,1,BAL,6,23,3.8,0,9,6,38,0,1,1,11.1,11.1
 Tyler AllgeierF • 35 - 17 @ CIN,ATL,RB,7,CIN,16,50,3.1,1,0,0,0,0,0,0,11,11
 Antonio GibsonF • 8 - 24 vs. PHI,WAS,RB,3,PHI,12,38,3.2,1,1,1,2,0,0,0,11,11
 Jeff Wilson Jr.F • 20 - 26 vs. GB,MIA,RB,16,GB,9,37,4.1,1,2,1,3,0,0,0,11,11
 Najee HarrisF • 16 - 10 @ MIA,PIT,RB,7,MIA,17,65,3.8,0,4,3,15,0,0,0,11,11
 Melvin Gordon IIIF • 17 - 10 @ TEN,DEN,RB,10,TEN,7,24,3.4,0,6,4,46,0,0,0,11,11
 Leonard FournetteF • 16 - 13 vs. LAR,TB,RB,9,LAR,9,19,2.1,0,7,5,41,0,0,0,11,11
 Matt BreidaF • 22 - 16 @ PHI,NYG,RB,18,PHI,4,28,7,0,8,7,12,0,0,0,11,11
 Najee HarrisF • 17 - 24 @ IND,PIT,RB,12,IND,10,35,3.5,1,1,1,4,0,0,0,10.9,10.9
 Raheem MostertF • 38 - 42 @ BAL,MIA,RB,2,BAL,11,51,4.6,0,3,3,28,0,0,0,10.9,10.9
 Latavius MurrayF • 23 - 10 @ CAR,DEN,RB,12,CAR,13,92,7.1,0,1,1,6,0,0,0,10.8,10.8
 Brandon BoldenF • 24 - 19 @ LAC,LV,RB,1,LAC,3,7,2.3,0,2,2,21,1,0,0,10.8,10.8
 Darrell Henderson Jr.F • 31 - 27 vs. ATL,LAR,RB,2,ATL,10,47,4.7,1,0,0,0,0,0,0,10.7,10.7
 Boston ScottF • 22 - 48 @ NYG,PHI,RB,14,NYG,6,33,5.5,1,1,1,4,0,0,0,10.7,10.7
 James ConnerF • 16 - 26 @ CAR,ARI,RB,4,CAR,15,55,3.7,0,3,3,22,0,0,0,10.7,10.7
 Jaylen WarrenF • 20 - 10 vs. NO,PIT,RB,10,NO,9,37,4.1,0,3,3,40,0,0,0,10.7,10.7
 Dalvin CookF • 27 - 24 vs. NYG,MIN,RB,16,NYG,14,64,4.6,0,4,3,13,0,0,0,10.7,10.7
 Brian Robinson Jr.F • 23 - 21 vs. GB,WAS,RB,7,GB,20,73,3.6,0,2,2,13,0,0,0,10.6,10.6
 Dalvin CookF • 25 - 28 @ NO,MIN,RB,4,NO,20,76,3.8,0,2,2,10,0,0,0,10.6,10.6
 Najee HarrisF/OT • 20 - 23 @ CIN,PIT,RB,1,CIN,10,23,2.3,0,2,2,3,1,0,0,10.6,10.6
 Aaron JonesF • 23 - 7 @ MIN,GB,RB,1,MIN,5,49,9.8,0,5,3,27,0,0,0,10.6,10.6
 Jeff Wilson Jr.F • 23 - 21 @ NE,MIA,RB,17,NE,15,45,3,0,7,3,31,0,0,0,10.6,10.6
 Leonard FournetteF • 35 - 7 @ SF,TB,RB,14,SF,4,13,3.2,0,7,6,33,0,0,0,10.6,10.6
 Ronald JonesF • 13 - 31 @ LV,KC,RB,18,LV,10,45,4.5,1,0,0,0,0,0,0,10.5,10.5
 Dontrell HilliardF • 10 - 17 @ HOU,TEN,RB,8,HOU,8,83,10.4,0,1,1,12,0,0,0,10.5,10.5
 Travis Etienne Jr.F • 10 - 38 @ LAC,JAX,RB,3,LAC,13,45,3.5,0,3,3,30,0,0,0,10.5,10.5
 Jaylen WarrenF • 35 - 13 @ PHI,PIT,RB,8,PHI,6,50,8.3,0,3,3,25,0,0,0,10.5,10.5
 Chase EdmondsF • 20 - 7 vs. NE,MIA,RB,1,NE,12,25,2.1,0,4,4,40,0,0,0,10.5,10.5
 Joe MixonF • 23 - 34 @ TB,CIN,RB,15,TB,11,21,1.9,0,6,5,33,0,0,0,10.4,10.4
 Jerick McKinnonF/OT • 20 - 17 vs. TEN,KC,RB,9,TEN,3,4,1.3,0,8,6,40,0,0,0,10.4,10.4
 Salvon AhmedF • 32 - 29 @ BUF,MIA,RB,15,BUF,6,43,7.2,1,0,0,0,0,0,0,10.3,10.3
 Latavius MurrayF • 9 - 16 vs. NYJ,DEN,RB,7,NYJ,8,24,3,1,3,2,-1,0,0,0,10.3,10.3
 Cam AkersF • 17 - 16 vs. LV,LAR,RB,14,LV,12,42,3.5,1,1,1,1,0,1,1,10.3,10.3
 Travis Etienne Jr.F • 27 - 17 @ KC,JAX,RB,10,KC,11,45,4.1,0,3,3,28,0,0,0,10.3,10.3
 Chase EdmondsF • 27 - 24 @ KC,DEN,RB,17,KC,7,34,4.9,0,3,3,39,0,0,0,10.3,10.3
 D'Andre SwiftF • 25 - 28 vs. BUF,DET,RB,12,BUF,5,19,3.8,0,8,4,24,0,0,0,10.3,10.3
 Jaylen WarrenF • 38 - 3 @ BUF,PIT,RB,5,BUF,5,24,4.8,0,5,4,39,0,0,0,10.3,10.3
 Gus EdwardsF • 28 - 27 @ JAX,BAL,RB,12,JAX,16,52,3.2,1,1,0,0,0,1,1,10.2,10.2
 Najee HarrisF • 16 - 19 @ ATL,PIT,RB,13,ATL,17,86,5.1,0,1,1,6,0,0,0,10.2,10.2
 Darrell Henderson Jr.F • 17 - 27 vs. ARI,LAR,RB,10,ARI,6,21,3.5,1,1,1,11,0,0,0,10.2,10.2
 Kyle JuszczykF • 33 - 17 vs. MIA,SF,FB,13,MIA,1,0,0,0,3,3,12,1,0,0,10.2,10.2
 DeeJay DallasF • 24 - 10 @ KC,SEA,RB,16,KC,2,10,5,0,6,6,32,0,0,0,10.2,10.2
 Jamaal WilliamsF • 15 - 9 vs. GB,DET,RB,9,GB,24,81,3.4,0,0,0,0,0,0,0,10.1,10.1
 AJ DillonF • 41 - 17 vs. MIN,GB,RB,17,MIN,12,41,3.4,1,1,0,0,0,0,0,10.1,10.1
 Justin JacksonF • 34 - 23 vs. MIN,DET,RB,14,MIN,4,19,4.8,1,1,1,12,0,0,0,10.1,10.1
 Joshua KelleyF • 17 - 14 vs. TEN,LAC,RB,15,TEN,10,24,2.4,1,2,1,7,0,0,0,10.1,10.1
 Raheem MostertF • 27 - 15 @ CIN,MIA,RB,4,CIN,15,69,4.6,0,3,2,12,0,0,0,10.1,10.1
 Ezekiel ElliottF • 25 - 10 vs. WAS,DAL,RB,4,WAS,19,49,2.6,0,2,2,32,0,0,0,10.1,10.1
 Avery WilliamsF • 21 - 15 @ TB,ATL,RB,5,TB,3,11,3.7,1,2,2,10,0,0,0,10.1,10.1
 Cordarrelle PattersonF • 19 - 13 @ WAS,ATL,RB,12,WAS,11,52,4.7,0,5,3,19,0,0,0,10.1,10.1
 Michael CarterF • 17 - 22 vs. NE,NYJ,RB,8,NE,7,26,3.7,0,7,4,35,0,0,0,10.1,10.1
 Latavius MurrayF • 10 - 9 @ BAL,DEN,RB,13,BAL,17,47,2.8,0,4,4,14,0,0,0,10.1,10.1
 Ty JohnsonF • 27 - 22 @ MIN,NYJ,RB,13,MIN,1,3,3,0,7,6,38,0,0,0,10.1,10.1
 Alexander MattisonF • 34 - 26 vs. ARI,MIN,RB,8,ARI,5,40,8,1,0,0,0,0,0,0,10,10
 Isiah PachecoF • 24 - 10 vs. SEA,KC,RB,16,SEA,14,58,4.1,0,2,1,32,0,0,0,10,10
 Chase EdmondsF • 27 - 15 @ CIN,MIA,RB,4,CIN,5,6,1.2,0,3,2,14,1,0,0,10,10
 Aaron JonesF • 22 - 27 vs. NYG,GB,RB,5,NYG,13,63,4.8,0,3,2,17,0,0,0,10,10
 Devin SingletaryF • 32 - 29 vs. MIA,BUF,RB,15,MIA,13,42,3.2,0,4,3,28,0,0,0,10,10
 Michael CarterF • 30 - 31 @ CLE,NYJ,RB,2,CLE,7,23,3.3,0,5,5,27,0,0,0,10,10
 Aaron JonesF • 19 - 28 @ CHI,GB,RB,13,CHI,9,26,2.9,0,5,5,24,0,0,0,10,10
 Michael CarterF • 3 - 19 vs. JAX,NYJ,RB,16,JAX,2,6,3,0,5,5,44,0,0,0,10,10
 Austin EkelerF • 31 - 28 @ DEN,LAC,RB,18,DEN,11,34,3.1,0,4,4,36,0,1,1,10,10
 J.D. McKissicF • 8 - 24 vs. PHI,WAS,RB,3,PHI,3,8,2.7,0,9,6,32,0,0,0,10,10
 Najee HarrisF • 20 - 10 vs. NO,PIT,RB,10,NO,20,99,5,0,1,0,0,0,1,0,9.9,9.9
 Nick ChubbF • 13 - 3 vs. BAL,CLE,RB,15,BAL,21,99,4.7,0,2,0,0,0,0,0,9.9,9.9
 Gus EdwardsF • 17 - 9 vs. ATL,BAL,RB,16,ATL,11,99,9,0,0,0,0,0,0,0,9.9,9.9
 Matt BreidaF • 18 - 31 vs. DET,NYG,RB,11,DET,3,13,4.3,1,1,1,16,0,0,0,9.9,9.9
 Cordarrelle PattersonF • 30 - 17 vs. TB,ATL,RB,18,TB,5,18,3.6,1,3,2,1,0,0,0,9.9,9.9
 Mark Ingram IIF • 17 - 16 @ TB,NO,RB,13,TB,7,27,3.9,0,5,5,22,0,0,0,9.9,9.9
 Cordarrelle PattersonF • 23 - 20 vs. CLE,ATL,RB,4,CLE,9,38,4.2,1,0,0,0,0,0,0,9.8,9.8
 Elijah MitchellF • 22 - 16 vs. LAC,SF,RB,10,LAC,18,89,4.9,0,2,1,-1,0,0,0,9.8,9.8
 Alexander MattisonF • 27 - 22 vs. NYJ,MIN,RB,13,NYJ,3,14,4.7,1,2,2,4,0,0,0,9.8,9.8
 Kenneth GainwellF • 40 - 34 @ DAL,PHI,RB,16,DAL,4,17,4.2,0,4,4,41,0,0,0,9.8,9.8
 Rachaad WhiteF • 30 - 24 vs. CAR,TB,RB,17,CAR,11,22,2,0,5,5,26,0,0,0,9.8,9.8
 Ezekiel ElliottF • 13 - 27 @ TEN,DAL,RB,17,TEN,19,37,1.9,1,0,0,0,0,0,0,9.7,9.7
 Reggie GilliamF • 41 - 7 vs. TEN,BUF,FB,2,TEN,0,0,0,0,3,2,17,1,0,0,9.7,9.7
 Isiah PachecoF/OT • 24 - 30 @ HOU,KC,RB,15,HOU,15,86,5.7,0,1,1,11,0,1,1,9.7,9.7
 Nick ChubbF • 31 - 23 @ BUF,CLE,RB,11,BUF,14,19,1.4,0,3,3,48,0,0,0,9.7,9.7
 Chuba HubbardF • 16 - 24 vs. PIT,CAR,RB,15,PIT,4,10,2.5,0,3,3,57,0,0,0,9.7,9.7
 Jerick McKinnonF • 27 - 24 vs. LAC,KC,RB,2,LAC,4,12,3,0,2,2,4,1,0,0,9.6,9.6
 Dalvin CookF • 34 - 23 @ DET,MIN,RB,14,DET,15,23,1.5,1,2,1,13,0,1,1,9.6,9.6
 Dalvin CookF • 33 - 26 vs. NE,MIN,RB,12,NE,22,42,1.9,0,5,4,14,0,0,0,9.6,9.6
 Samaje PerineF • 19 - 17 @ BAL,CIN,RB,5,BAL,3,17,5.7,0,4,4,39,0,0,0,9.6,9.6
 Jamaal WilliamsF • 40 - 14 vs. JAX,DET,RB,13,JAX,11,35,3.2,1,0,0,0,0,0,0,9.5,9.5
 Javonte Williams OF • 16 - 9 vs. HOU,DEN,RB,2,HOU,15,75,5,0,4,1,10,0,0,0,9.5,9.5
 Eno BenjaminF • 19 - 9 @ SEA,ARI,RB,6,SEA,15,37,2.5,0,3,3,28,0,0,0,9.5,9.5
 Chuba HubbardF • 30 - 24 @ TB,CAR,RB,17,TB,3,12,4,0,3,3,53,0,1,0,9.5,9.5
 David MontgomeryF • 49 - 29 @ DAL,CHI,RB,8,DAL,15,53,3.5,0,3,3,22,0,1,1,9.5,9.5
 AJ DillonF/OT • 27 - 24 vs. NE,GB,RB,4,NE,17,73,4.3,0,2,1,11,0,0,0,9.4,9.4
 Samaje PerineF • 23 - 10 vs. CLE,CIN,RB,14,CLE,4,22,5.5,1,5,1,2,0,0,0,9.4,9.4
 Tyler BadieF • 31 - 28 vs. LAC,DEN,RB,18,LAC,1,0,0,0,1,1,24,1,0,0,9.4,9.4
 Kareem HuntF • 30 - 31 vs. NYJ,CLE,RB,2,NYJ,13,58,4.5,0,2,2,16,0,0,0,9.4,9.4
 Leonard FournetteF • 10 - 20 @ NO,TB,RB,2,NO,24,65,2.7,0,4,2,9,0,0,0,9.4,9.4
 Michael CarterF • 9 - 16 @ DEN,NYJ,RB,7,DEN,13,29,2.2,0,2,2,45,0,0,0,9.4,9.4
 Kareem HuntF • 14 - 27 @ HOU,CLE,RB,13,HOU,9,56,6.2,0,3,2,18,0,1,0,9.4,9.4
 Jeff Wilson Jr.F • 11 - 6 vs. NYJ,MIA,RB,18,NYJ,16,72,4.5,0,2,2,2,0,0,0,9.4,9.4
 J.K. DobbinsF • 13 - 16 vs. PIT,BAL,RB,17,PIT,17,93,5.5,0,0,0,0,0,0,0,9.3,9.3
 Devin SingletaryF • 27 - 17 vs. GB,BUF,RB,8,GB,14,67,4.8,0,2,1,16,0,0,0,9.3,9.3
 Antonio GibsonF • 25 - 10 @ DAL,WAS,RB,4,DAL,13,49,3.8,0,3,3,14,0,0,0,9.3,9.3
 Nyheim HinesF • 19 - 10 @ TEN,IND,RB,7,TEN,4,2,0.5,0,5,5,41,0,0,0,9.3,9.3
 Clyde Edwards-HelaireF • 23 - 44 @ SF,KC,RB,7,SF,6,32,5.3,1,1,0,0,0,0,0,9.2,9.2
 Jerick McKinnonF • 30 - 29 vs. LV,KC,RB,5,LV,8,53,6.6,0,3,2,19,0,0,0,9.2,9.2
 Joe MixonF • 30 - 37 @ PIT,CIN,RB,11,PIT,7,20,2.9,0,3,3,42,0,0,0,9.2,9.2
 Alvin KamaraF • 13 - 27 vs. BAL,NO,RB,9,BAL,9,30,3.3,0,4,3,32,0,0,0,9.2,9.2
 AJ DillonF • 10 - 27 vs. NYJ,GB,RB,6,NYJ,10,41,4.1,0,6,4,11,0,0,0,9.2,9.2
 Caleb HuntleyF/OT • 37 - 34 vs. CAR,ATL,RB,8,CAR,16,91,5.7,0,0,0,0,0,1,0,9.1,9.1
 James CookF • 38 - 3 vs. PIT,BUF,RB,5,PIT,4,31,7.8,1,0,0,0,0,0,0,9.1,9.1
 Josh JacobsF/OT • 23 - 29 vs. ARI,LV,RB,2,ARI,19,69,3.6,0,1,1,12,0,0,0,9.1,9.1
 Kareem HuntF • 29 - 17 vs. PIT,CLE,RB,3,PIT,12,47,3.9,0,4,3,14,0,0,0,9.1,9.1
 Eno BenjaminF • 21 - 44 vs. KC,ARI,RB,1,KC,4,28,7,0,4,3,33,0,0,0,9.1,9.1
 Devin SingletaryF • 25 - 28 @ DET,BUF,RB,12,DET,14,72,5.1,0,1,1,8,0,0,0,9,9
 Dare OgunbowaleF • 30 - 15 @ MIA,HOU,RB,12,MIA,4,14,3.5,1,2,1,6,0,0,0,9,9
 David MontgomeryF • 7 - 12 vs. WAS,CHI,RB,6,WAS,15,67,4.5,0,1,1,13,0,0,0,9,9
 Alvin KamaraF • 10 - 20 @ PHI,NO,RB,17,PHI,16,73,4.6,0,1,1,7,0,0,0,9,9
 Javonte Williams OF • 11 - 10 vs. SF,DEN,RB,3,SF,15,58,3.9,0,5,3,2,0,0,0,9,9
 Kyren WilliamsF • 26 - 10 @ KC,LAR,RB,12,KC,11,35,3.2,0,3,3,25,0,0,0,9,9
 Alvin KamaraF • 13 - 0 @ SF,NO,RB,12,SF,7,13,1.9,0,7,6,37,0,2,2,9,9
 Malik DavisF • 54 - 19 vs. IND,DAL,RB,13,IND,3,29,9.7,1,0,0,0,0,0,0,8.9,8.9
 Christian McCaffreyF • 13 - 0 vs. NO,SF,RB,12,NO,11,32,2.9,0,6,4,17,0,0,0,8.9,8.9
 Alexander MattisonF • 25 - 28 @ NO,MIN,RB,4,NO,3,3,1,0,1,1,15,1,0,0,8.8,8.8
 Dontrell HilliardF • 17 - 27 @ GB,TEN,RB,11,GB,1,4,4,0,1,1,14,1,0,0,8.8,8.8
 Kareem HuntF • 23 - 20 @ ATL,CLE,RB,4,ATL,10,49,4.9,0,3,2,19,0,0,0,8.8,8.8
 Zander HorvathF • 24 - 19 vs. LV,LAC,FB,1,LV,1,2,2,0,2,2,6,1,0,0,8.8,8.8
 Devin SingletaryF • 20 - 17 @ NYJ,BUF,RB,9,NYJ,8,24,3,0,5,4,24,0,0,0,8.8,8.8
 Aaron JonesF • 16 - 20 vs. DET,GB,RB,18,DET,12,48,4,0,4,3,20,0,1,1,8.8,8.8
 Dare OgunbowaleF • 31 - 32 @ IND,HOU,RB,18,IND,11,33,3,0,6,5,5,0,0,0,8.8,8.8
 Brian Robinson Jr.F • 10 - 24 vs. CLE,WAS,RB,17,CLE,24,87,3.6,0,1,0,0,0,0,0,8.7,8.7
 Dameon PierceF • 16 - 9 @ DEN,HOU,RB,2,DEN,15,69,4.6,0,1,1,8,0,0,0,8.7,8.7
 Kenneth GainwellF • 29 - 21 vs. JAX,PHI,RB,4,JAX,5,19,3.8,1,2,1,-2,0,0,0,8.7,8.7
 Justin JacksonF • 18 - 31 @ NYG,DET,RB,11,NYG,9,66,7.3,0,1,1,11,0,1,0,8.7,8.7
 Justin JacksonF • 45 - 48 vs. SEA,DET,RB,4,SEA,2,3,1.5,0,2,2,4,1,0,0,8.7,8.7
 Rashaad PennyF • 17 - 16 vs. DEN,SEA,RB,1,DEN,12,60,5,0,3,2,7,0,1,0,8.7,8.7
 Derrick HenryF • 17 - 10 vs. DEN,TEN,RB,10,DEN,19,53,2.8,0,3,2,14,0,0,0,8.7,8.7
 Rex BurkheadF • 14 - 19 @ TEN,HOU,RB,16,TEN,0,0,0,1,2,2,7,0,0,0,8.7,8.7
 James ConnerF • 12 - 20 vs. LAR,ARI,RB,3,LAR,13,39,3,0,5,3,18,0,0,0,8.7,8.7
 Leonard FournetteF • 30 - 24 vs. CAR,TB,RB,17,CAR,10,28,2.8,0,4,4,19,0,0,0,8.7,8.7
 C.J. HamF • 13 - 29 @ CHI,MIN,FB,18,CHI,0,0,0,0,4,4,47,0,0,0,8.7,8.7
 J.D. McKissicF • 17 - 21 vs. TEN,WAS,RB,5,TEN,0,0,0,0,7,5,37,0,0,0,8.7,8.7
 James CookF • 31 - 23 vs. CLE,BUF,RB,11,CLE,11,86,7.8,0,1,0,0,0,0,0,8.6,8.6
 Raheem MostertF • 32 - 35 @ CHI,MIA,RB,9,CHI,9,26,2.9,1,2,0,0,0,0,0,8.6,8.6
 Kevin HarrisF • 13 - 27 @ ARI,NE,RB,14,ARI,8,26,3.2,1,0,0,0,0,0,0,8.6,8.6
 James CookF • 27 - 17 vs. GB,BUF,RB,8,GB,5,35,7,0,1,1,41,0,0,0,8.6,8.6
 Derek WattF • 35 - 13 @ PHI,PIT,FB,8,PHI,0,0,0,0,2,2,6,1,0,0,8.6,8.6
 Jerick McKinnonF • 13 - 31 @ LV,KC,RB,18,LV,2,6,3,0,3,2,0,1,0,0,8.6,8.6
 J.D. McKissicF • 25 - 10 @ DAL,WAS,RB,4,DAL,8,40,5,0,4,3,16,0,0,0,8.6,8.6
 Travis Etienne Jr.F • 40 - 14 @ DET,JAX,RB,13,DET,13,54,4.2,0,3,3,12,0,1,1,8.6,8.6
 Zack MossF • 10 - 31 @ LAR,BUF,RB,1,LAR,6,15,2.5,0,6,6,21,0,1,1,8.6,8.6
 Derrick HenryF • 41 - 7 @ BUF,TEN,RB,2,BUF,13,25,1.9,1,0,0,0,0,0,0,8.5,8.5
 D'Onta ForemanF • 24 - 30 @ SEA,CAR,RB,14,SEA,21,74,3.5,0,1,1,1,0,0,0,8.5,8.5
 Raheem BlackshearF • 37 - 23 vs. DET,CAR,RB,16,DET,3,3,1,1,1,1,12,0,0,0,8.5,8.5
 Travis Etienne Jr.F • 28 - 22 @ WAS,JAX,RB,1,WAS,4,47,11.8,0,4,2,18,0,1,0,8.5,8.5
 Eno BenjaminF • 34 - 26 @ MIN,ARI,RB,8,MIN,9,22,2.4,0,7,4,23,0,0,0,8.5,8.5
 Miles SandersF • 17 - 20 @ ARI,PHI,RB,5,ARI,15,58,3.9,0,3,2,6,0,0,0,8.4,8.4
 Antonio GibsonF • 19 - 13 vs. ATL,WAS,RB,12,ATL,9,32,3.6,0,3,3,22,0,0,0,8.4,8.4
 Phillip LindsayF/OT • 9 - 12 @ DEN,IND,RB,5,DEN,11,40,3.6,0,4,3,14,0,0,0,8.4,8.4
 Nick ChubbF • 23 - 10 @ CIN,CLE,RB,14,CIN,14,34,2.4,0,3,3,20,0,0,0,8.4,8.4
 Malcolm BrownF • 31 - 10 @ LAC,LAR,RB,17,LAC,1,23,23,1,0,0,0,0,0,0,8.3,8.3
 Josh JacobsF • 24 - 19 @ LAC,LV,RB,1,LAC,10,57,5.7,0,1,1,16,0,0,0,8.3,8.3
 Jamaal WilliamsF • 24 - 6 @ DAL,DET,RB,7,DAL,15,79,5.3,0,1,1,4,0,2,1,8.3,8.3
 Travis Etienne Jr.F • 24 - 0 vs. IND,JAX,RB,2,IND,9,20,2.2,0,3,3,33,0,0,0,8.3,8.3
 Alvin KamaraF • 22 - 14 @ CAR,NO,RB,3,CAR,15,61,4.1,0,7,2,12,0,1,1,8.3,8.3
 Kenneth GainwellF • 35 - 10 vs. TEN,PHI,RB,13,TEN,3,15,5,0,4,3,38,0,0,0,8.3,8.3
 Antonio GibsonF • 7 - 12 @ CHI,WAS,RB,6,CHI,5,35,7,0,4,3,18,0,0,0,8.3,8.3
 Derrick HenryF • 20 - 21 vs. NYG,TEN,RB,1,NYG,21,82,3.9,0,1,0,0,0,1,0,8.2,8.2
 D'Andre SwiftF • 30 - 31 @ CHI,DET,RB,10,CHI,6,6,1,1,3,1,6,0,0,0,8.2,8.2
 Cam AkersF • 31 - 27 vs. ATL,LAR,RB,2,ATL,15,44,2.9,0,3,2,18,0,0,0,8.2,8.2
 Christian McCaffreyF • 23 - 44 vs. KC,SF,RB,7,KC,8,38,4.8,0,2,2,24,0,0,0,8.2,8.2
 Devin SingletaryF • 10 - 31 @ LAR,BUF,RB,1,LAR,8,48,6,0,2,2,14,0,0,0,8.2,8.2
 Malik DavisF • 13 - 27 @ TEN,DAL,RB,17,TEN,10,39,3.9,0,2,2,23,0,0,0,8.2,8.2
 Melvin Gordon IIIF • 17 - 16 @ SEA,DEN,RB,1,SEA,12,58,4.8,0,2,2,14,0,1,1,8.2,8.2
 Travis HomerF • 27 - 7 @ SF,SEA,RB,2,SF,2,9,4.5,0,4,4,33,0,0,0,8.2,8.2
 Zack MossF/OT • 39 - 36 @ MIN,IND,RB,15,MIN,24,81,3.4,0,1,0,0,0,0,0,8.1,8.1
 Tony PollardF • 28 - 20 vs. NYG,DAL,RB,12,NYG,18,60,3.3,0,2,2,1,0,0,0,8.1,8.1
 Raheem MostertF • 11 - 6 vs. NYJ,MIA,RB,18,NYJ,11,71,6.5,0,2,2,-10,0,0,0,8.1,8.1
 Eno BenjaminF/OT • 23 - 29 @ LV,ARI,RB,2,LV,8,31,3.9,0,4,3,20,0,0,0,8.1,8.1
 Nick ChubbF • 14 - 27 @ HOU,CLE,RB,13,HOU,17,80,4.7,0,1,0,0,0,0,0,8,8
 Nick ChubbF • 15 - 38 vs. NE,CLE,RB,6,NE,12,56,4.7,0,2,1,14,0,0,0,8,8
 Nyheim HinesF • 32 - 29 vs. MIA,BUF,RB,15,MIA,0,0,0,0,1,1,10,1,0,0,8,8
 Zack MossF • 3 - 20 vs. LAC,IND,RB,16,LAC,12,65,5.4,0,1,1,5,0,0,0,8,8
 David MontgomeryF • 19 - 10 vs. SF,CHI,RB,1,SF,17,26,1.5,0,4,3,24,0,0,0,8,8
 D'Andre SwiftF • 15 - 9 vs. GB,DET,RB,9,GB,2,10,5,0,4,3,40,0,0,0,8,8
 James CookF • 21 - 19 @ MIA,BUF,RB,3,MIA,1,3,3,0,5,4,37,0,0,0,8,8
 Nyheim HinesF • 20 - 17 vs. KC,IND,RB,3,KC,3,7,2.3,0,6,5,23,0,0,0,8,8
 Rashaad PennyF • 23 - 27 vs. ATL,SEA,RB,3,ATL,14,66,4.7,0,1,1,3,0,0,0,7.9,7.9
 Antonio GibsonF/OT • 20 - 20 @ NYG,WAS,RB,13,NYG,9,39,4.3,0,4,2,20,0,0,0,7.9,7.9
 Jerick McKinnonF • 21 - 44 @ ARI,KC,RB,1,ARI,4,22,5.5,0,4,3,27,0,0,0,7.9,7.9
 Damien HarrisF • 23 - 21 vs. MIA,NE,RB,17,MIA,9,31,3.4,0,3,3,18,0,0,0,7.9,7.9
 Mark Ingram IIF • 22 - 14 @ CAR,NO,RB,3,CAR,5,18,3.6,1,0,0,0,0,0,0,7.8,7.8
 Ezekiel ElliottF • 10 - 22 @ LAR,DAL,RB,5,LAR,22,78,3.5,0,0,0,0,0,0,0,7.8,7.8
 Jaret PattersonF • 26 - 6 vs. DAL,WAS,RB,18,DAL,17,78,4.6,0,1,0,0,0,0,0,7.8,7.8
 Kareem HuntF • 23 - 20 @ BAL,CLE,RB,7,BAL,5,4,0.8,1,2,1,4,0,0,0,7.8,7.8
 Chris EvansF • 27 - 24 vs. KC,CIN,RB,13,KC,0,0,0,0,1,1,8,1,0,0,7.8,7.8
 Damien HarrisF • 20 - 7 @ MIA,NE,RB,1,MIA,9,48,5.3,0,3,2,10,0,0,0,7.8,7.8
 J.D. McKissicF • 28 - 22 vs. JAX,WAS,RB,1,JAX,3,8,2.7,0,3,3,20,0,0,0,7.8,7.8
 Snoop ConnerF • 3 - 31 @ HOU,JAX,RB,17,HOU,5,17,3.4,1,0,0,0,0,0,0,7.7,7.7
 AJ DillonF • 27 - 10 vs. CHI,GB,RB,2,CHI,18,61,3.4,0,3,1,6,0,0,0,7.7,7.7
 Darrynton EvansF • 31 - 10 @ NYJ,CHI,RB,12,NYJ,9,34,3.8,0,1,1,33,0,0,0,7.7,7.7
 Raheem MostertF • 27 - 31 @ DET,MIA,RB,8,DET,14,64,4.6,0,1,1,3,0,0,0,7.7,7.7
 Matt BreidaF • 38 - 10 vs. IND,NYG,RB,17,IND,9,59,6.6,0,1,1,8,0,0,0,7.7,7.7
 Justice HillF • 20 - 23 vs. BUF,BAL,RB,4,BUF,8,45,5.6,0,2,2,12,0,0,0,7.7,7.7
 Latavius MurrayF • 17 - 10 @ TEN,DEN,RB,10,TEN,9,24,2.7,0,3,3,23,0,0,0,7.7,7.7
 Nyheim HinesF • 24 - 0 @ JAX,IND,RB,2,JAX,1,0,0,0,5,4,37,0,0,0,7.7,7.7
 Alec IngoldF • 27 - 31 @ DET,MIA,FB,8,DET,1,1,1,1,1,1,5,0,0,0,7.6,7.6
 D'Andre SwiftF • 28 - 24 @ MIN,DET,RB,3,MIN,7,31,4.4,0,4,3,15,0,0,0,7.6,7.6
 Alvin KamaraF • 26 - 27 @ ATL,NO,RB,1,ATL,9,39,4.3,0,4,3,7,0,0,0,7.6,7.6
 Dalvin CookF • 24 - 7 @ PHI,MIN,RB,2,PHI,6,17,2.8,0,6,4,19,0,0,0,7.6,7.6
 Ronnie RiversF • 14 - 31 vs. SF,LAR,RB,8,SF,8,21,2.6,0,4,4,15,0,0,0,7.6,7.6
 C.J. HamF/OT • 39 - 36 vs. IND,MIN,FB,15,IND,2,1,0.5,1,1,1,4,0,0,0,7.5,7.5
 Alvin KamaraF • 20 - 10 @ PIT,NO,RB,10,PIT,8,26,3.2,0,4,3,19,0,0,0,7.5,7.5
 Najee HarrisF • 20 - 24 vs. NYJ,PIT,RB,4,NYJ,18,74,4.1,0,0,0,0,0,0,0,7.4,7.4
 Khalil HerbertF • 7 - 12 vs. WAS,CHI,RB,6,WAS,7,74,10.6,0,0,0,0,0,0,0,7.4,7.4
 Zack MossF • 38 - 10 @ NYG,IND,RB,17,NYG,15,74,4.9,0,0,0,0,0,0,0,7.4,7.4
 Tyler AllgeierF • 27 - 24 vs. CHI,ATL,RB,11,CHI,8,55,6.9,0,1,1,9,0,0,0,7.4,7.4
 Latavius MurrayF/OT • 19 - 16 @ LAC,DEN,RB,6,LAC,15,66,4.4,0,1,1,-2,0,0,0,7.4,7.4
 Josh JacobsF • 24 - 0 @ NO,LV,RB,8,NO,10,43,4.3,0,4,2,11,0,0,0,7.4,7.4
 Kareem HuntF • 31 - 23 @ BUF,CLE,RB,11,BUF,5,32,6.4,0,2,2,22,0,0,0,7.4,7.4
 Aaron JonesF • 10 - 27 vs. NYJ,GB,RB,6,NYJ,9,19,2.1,0,4,3,25,0,0,0,7.4,7.4
 Jordan MasonF/OT • 34 - 37 @ LV,SF,RB,17,LV,2,13,6.5,1,0,0,0,0,0,0,7.3,7.3
 Jonathan TaylorF • 24 - 0 @ JAX,IND,RB,2,JAX,9,54,6,0,1,1,9,0,0,0,7.3,7.3
 AJ DillonF • 27 - 17 @ BUF,GB,RB,8,BUF,10,54,5.4,0,1,1,9,0,0,0,7.3,7.3
 James ConnerF • 17 - 20 vs. PHI,ARI,RB,5,PHI,9,55,6.1,0,1,1,8,0,0,0,7.3,7.3
 Gary BrightwellF • 22 - 16 @ PHI,NYG,RB,18,PHI,11,60,5.5,0,3,1,3,0,0,0,7.3,7.3
 Kenyan DrakeF • 13 - 3 vs. CAR,BAL,RB,11,CAR,10,46,4.6,0,4,2,7,0,0,0,7.3,7.3
 Chase EdmondsF • 51 - 14 @ LAR,DEN,RB,16,LAR,6,31,5.2,0,2,2,22,0,0,0,7.3,7.3
 Hassan HaskinsF • 13 - 27 vs. DAL,TEN,RB,17,DAL,12,40,3.3,0,3,2,13,0,0,0,7.3,7.3
 Saquon BarkleyF • 38 - 10 vs. IND,NYG,RB,17,IND,12,58,4.8,0,4,2,-5,0,0,0,7.3,7.3
 Mark Ingram IIF • 25 - 28 vs. MIN,NO,RB,4,MIN,10,30,3,0,3,3,13,0,0,0,7.3,7.3
 Rachaad WhiteF • 22 - 27 vs. BAL,TB,RB,8,BAL,4,19,4.8,0,3,3,24,0,0,0,7.3,7.3
 Jaylen WarrenF • 28 - 14 vs. CLE,PIT,RB,18,CLE,6,36,6,0,4,3,7,0,0,0,7.3,7.3
 Kyle JuszczykF • 28 - 14 @ ATL,SF,FB,6,ATL,0,0,0,0,4,4,33,0,0,0,7.3,7.3
 Ameer AbdullahF • 20 - 25 vs. IND,LV,RB,10,IND,0,0,0,0,4,4,33,0,1,0,7.3,7.3
 Dalvin CookF • 3 - 40 vs. DAL,MIN,RB,11,DAL,11,72,6.5,0,1,0,0,0,0,0,7.2,7.2
 Isiah PachecoF • 27 - 17 vs. JAX,KC,RB,10,JAX,16,82,5.1,0,0,0,0,0,1,1,7.2,7.2
 Damien HarrisF • 17 - 22 @ NYJ,NE,RB,8,NYJ,11,37,3.4,0,2,2,15,0,0,0,7.2,7.2
 Tony PollardF • 26 - 17 @ PHI,DAL,RB,6,PHI,11,44,4,0,3,2,8,0,0,0,7.2,7.2
 Rachaad WhiteF • 21 - 15 vs. ATL,TB,RB,5,ATL,5,14,2.8,0,4,3,28,0,0,0,7.2,7.2
 Sony MichelF/OT • 19 - 16 vs. DEN,LAC,RB,6,DEN,8,28,3.5,0,3,3,14,0,0,0,7.2,7.2
 Zander HorvathF • 27 - 24 @ KC,LAC,FB,2,KC,0,0,0,0,2,1,1,1,0,0,7.1,7.1
 James ConnerF/OT • 23 - 29 @ LV,ARI,RB,2,LV,7,25,3.6,0,4,2,26,0,0,0,7.1,7.1
 Miles SandersF • 40 - 34 @ DAL,PHI,RB,16,DAL,21,65,3.1,0,1,1,6,0,1,1,7.1,7.1
 Rhamondre StevensonF • 23 - 21 vs. MIA,NE,RB,17,MIA,8,42,5.2,0,4,2,9,0,0,0,7.1,7.1
 James CookF • 35 - 23 vs. NE,BUF,RB,18,NE,9,45,5,0,2,2,6,0,0,0,7.1,7.1
 Mark Ingram IIF • 10 - 20 vs. TB,NO,RB,2,TB,10,58,5.8,0,2,2,3,0,1,1,7.1,7.1
 Boston ScottF • 35 - 38 @ DET,PHI,RB,1,DET,4,10,2.5,1,0,0,0,0,0,0,7,7
 Jamaal WilliamsF • 36 - 27 vs. WAS,DET,RB,2,WAS,12,53,4.4,0,1,1,7,0,0,0,7,7
 Latavius MurrayF • 51 - 14 @ LAR,DEN,RB,16,LAR,8,34,4.2,0,3,1,6,0,0,0,7,7
 Melvin Gordon IIIF • 9 - 16 vs. NYJ,DEN,RB,7,NYJ,11,33,3,0,4,2,17,0,0,0,7,7
 Josh JacobsF • 13 - 31 vs. KC,LV,RB,18,KC,17,45,2.6,0,3,2,5,0,0,0,7,7
 Alexander MattisonF • 29 - 22 vs. CHI,MIN,RB,5,CHI,9,19,2.1,0,4,3,21,0,0,0,7,7
 Rex BurkheadF • 23 - 20 @ CHI,HOU,RB,3,CHI,3,9,3,0,5,4,21,0,0,0,7,7
 Darrell Henderson Jr.F • 10 - 22 vs. DAL,LAR,RB,5,DAL,0,0,0,0,5,4,30,0,0,0,7,7
 Chuba HubbardF • 7 - 10 @ NO,CAR,RB,18,NO,21,69,3.3,0,1,0,0,0,0,0,6.9,6.9
 Gary BrightwellF • 28 - 20 @ DAL,NYG,RB,12,DAL,5,31,6.2,0,2,2,18,0,0,0,6.9,6.9
 Darrell Henderson Jr.F • 24 - 9 @ SF,LAR,RB,4,SF,7,27,3.9,0,4,3,12,0,0,0,6.9,6.9
 Antonio GibsonF • 17 - 21 vs. TEN,WAS,RB,5,TEN,3,6,2,0,4,3,33,0,0,0,6.9,6.9
 D'Andre SwiftF • 34 - 23 vs. MIN,DET,RB,14,MIN,6,21,3.5,0,4,3,18,0,0,0,6.9,6.9
 Kyren WilliamsF • 17 - 27 vs. ARI,LAR,RB,10,ARI,1,9,9,0,3,3,30,0,0,0,6.9,6.9
 Royce FreemanF • 3 - 31 vs. JAX,HOU,RB,17,JAX,7,19,2.7,0,5,3,20,0,0,0,6.9,6.9
 Rex BurkheadF • 38 - 20 @ LV,HOU,RB,7,LV,2,8,4,0,6,5,11,0,0,0,6.9,6.9
 D'Onta ForemanF • 7 - 10 @ NO,CAR,RB,18,NO,12,68,5.7,0,0,0,0,0,0,0,6.8,6.8
 Jerick McKinnonF • 23 - 44 @ SF,KC,RB,7,SF,2,12,6,0,3,2,36,0,0,0,6.8,6.8
 Saquon BarkleyF • 22 - 48 vs. PHI,NYG,RB,14,PHI,9,28,3.1,0,2,2,20,0,0,0,6.8,6.8
 Joe MixonF • 12 - 27 @ NYJ,CIN,RB,3,NYJ,12,24,2,0,7,3,14,0,0,0,6.8,6.8
 Justice HillF • 13 - 3 vs. CAR,BAL,RB,11,CAR,7,30,4.3,0,3,3,8,0,0,0,6.8,6.8
 Ameer AbdullahF • 24 - 0 @ NO,LV,RB,8,NO,0,0,0,0,5,4,28,0,0,0,6.8,6.8
 Jordan WilkinsF • 26 - 3 @ NE,IND,RB,9,NE,3,13,4.3,0,5,4,15,0,0,0,6.8,6.8
 Mark Ingram IIF • 26 - 30 vs. CIN,NO,RB,6,CIN,9,46,5.1,0,2,1,11,0,0,0,6.7,6.7
 Ty JohnsonF • 23 - 6 @ SEA,NYJ,RB,17,SEA,8,46,5.8,0,5,1,11,0,0,0,6.7,6.7
 Antonio GibsonF • 17 - 20 vs. MIN,WAS,RB,9,MIN,11,36,3.3,0,3,2,11,0,0,0,6.7,6.7
 Samaje PerineF/OT • 20 - 23 vs. PIT,CIN,RB,1,PIT,1,4,4,0,5,3,33,0,0,0,6.7,6.7
 Pierre Strong Jr.F • 30 - 24 @ LV,NE,RB,15,LV,4,25,6.2,0,3,3,12,0,0,0,6.7,6.7
 Aaron JonesF • 12 - 14 @ TB,GB,RB,3,TB,12,36,3,0,4,3,11,0,1,1,6.7,6.7
 Gus EdwardsF • 14 - 16 @ PIT,BAL,RB,14,PIT,13,66,5.1,0,0,0,0,0,0,0,6.6,6.6
 Jonathan TaylorF • 16 - 17 vs. WAS,IND,RB,8,WAS,16,76,4.8,0,1,0,0,0,1,1,6.6,6.6
 Royce FreemanF/OT • 24 - 30 vs. KC,HOU,RB,15,KC,11,51,4.6,0,1,1,5,0,0,0,6.6,6.6
 Kenyan DrakeF • 10 - 9 vs. DEN,BAL,RB,13,DEN,7,29,4.1,0,3,2,17,0,0,0,6.6,6.6
 Najee HarrisF • 38 - 3 @ BUF,PIT,RB,5,BUF,11,20,1.8,0,4,3,16,0,0,0,6.6,6.6
 Chuba HubbardF • 23 - 10 vs. DEN,CAR,RB,12,DEN,17,65,3.8,0,0,0,0,0,0,0,6.5,6.5
 Gus EdwardsF • 22 - 27 @ TB,BAL,RB,8,TB,11,65,5.9,0,0,0,0,0,0,0,6.5,6.5
 Gary BrightwellF • 22 - 27 @ GB,NYG,RB,5,GB,2,5,2.5,1,0,0,0,0,0,0,6.5,6.5
 AJ DillonF/OT • 31 - 28 vs. DAL,GB,RB,10,DAL,13,65,5,0,0,0,0,0,0,0,6.5,6.5
 James RobinsonF • 34 - 27 @ IND,JAX,RB,6,IND,12,54,4.5,0,1,1,1,0,0,0,6.5,6.5
 Aaron JonesF • 15 - 9 @ DET,GB,RB,9,DET,9,25,2.8,0,2,2,20,0,0,0,6.5,6.5
 Clyde Edwards-HelaireF • 30 - 29 vs. LV,KC,RB,5,LV,9,15,1.7,0,4,3,20,0,0,0,6.5,6.5
 Jordan MasonF • 13 - 21 @ SEA,SF,RB,15,SEA,4,64,16,0,0,0,0,0,0,0,6.4,6.4
 Samaje PerineF • 42 - 21 vs. CAR,CIN,RB,9,CAR,6,51,8.5,0,2,1,3,0,0,0,6.4,6.4
 AJ DillonF • 15 - 9 @ DET,GB,RB,9,DET,11,34,3.1,0,4,2,10,0,1,0,6.4,6.4
 Zonovan KnightF • 23 - 6 @ SEA,NYJ,RB,17,SEA,8,27,3.4,0,3,2,17,0,0,0,6.4,6.4
 Dalvin CookF • 41 - 17 @ GB,MIN,RB,17,GB,9,27,3,0,3,2,17,0,0,0,6.4,6.4
 Kyle JuszczykF • 23 - 44 vs. KC,SF,FB,7,KC,0,0,0,0,4,3,34,0,0,0,6.4,6.4
 Brandon BoldenF • 30 - 29 @ KC,LV,RB,5,KC,1,5,5,0,3,3,29,0,0,0,6.4,6.4
 Rachaad WhiteF • 16 - 13 vs. LAR,TB,RB,9,LAR,8,27,3.4,0,3,3,7,0,0,0,6.4,6.4
 Isiah PachecoF • 31 - 41 @ TB,KC,RB,4,TB,11,63,5.7,0,0,0,0,0,0,0,6.3,6.3
 C.J. HamF/OT • 30 - 33 @ BUF,MIN,FB,10,BUF,1,3,3,1,0,0,0,0,0,0,6.3,6.3
 Melvin Gordon IIIF • 16 - 9 vs. HOU,DEN,RB,2,HOU,10,47,4.7,0,1,1,6,0,0,0,6.3,6.3
 Elijah MitchellF • 13 - 0 vs. NO,SF,RB,12,NO,7,35,5,0,2,2,8,0,0,0,6.3,6.3
 Kenneth Walker IIIF • 23 - 27 vs. ATL,SEA,RB,3,ATL,3,19,6.3,0,3,3,14,0,0,0,6.3,6.3
 Myles GaskinF • 40 - 17 @ NYJ,MIA,RB,5,NYJ,4,9,2.2,0,5,3,24,0,0,0,6.3,6.3
 Jonathan WilliamsF • 10 - 24 vs. CLE,WAS,RB,17,CLE,9,30,3.3,0,5,3,3,0,0,0,6.3,6.3
 Zack MossF • 21 - 19 @ MIA,BUF,RB,3,MIA,4,46,11.5,0,1,1,6,0,0,0,6.2,6.2
 Damien HarrisF • 35 - 23 @ BUF,NE,RB,18,BUF,13,48,3.7,0,4,1,4,0,0,0,6.2,6.2
 Travis HomerF • 21 - 31 @ ARI,SEA,RB,9,ARI,1,7,7,0,3,3,25,0,0,0,6.2,6.2
 Phillip LindsayF • 34 - 27 vs. JAX,IND,RB,6,JAX,3,7,2.3,0,3,3,5,0,0,0,6.2,6.2
 Kyle JuszczykF • 27 - 7 vs. SEA,SF,FB,2,SEA,2,1,0.5,1,1,0,0,0,0,0,6.1,6.1
 Cam AkersF • 27 - 20 @ NO,LAR,RB,11,NO,14,61,4.4,0,0,0,0,0,0,0,6.1,6.1
 Miles SandersF • 10 - 20 vs. NO,PHI,RB,17,NO,12,61,5.1,0,0,0,0,0,0,0,6.1,6.1
 Derek WattF • 28 - 14 vs. CLE,PIT,FB,18,CLE,1,1,1,1,0,0,0,0,0,0,6.1,6.1
 Rhamondre StevensonF • 14 - 17 @ PIT,NE,RB,2,PIT,9,47,5.2,0,2,1,4,0,0,0,6.1,6.1
 DeeJay DallasF • 23 - 37 @ LAC,SEA,RB,7,LAC,6,35,5.8,0,2,2,6,0,0,0,6.1,6.1
 Anthony McFarland Jr.F • 17 - 24 @ IND,PIT,RB,12,IND,6,30,5,0,2,2,11,0,0,0,6.1,6.1
 Malik DavisF • 49 - 29 vs. CHI,DAL,RB,8,CHI,8,23,2.9,0,2,2,18,0,0,0,6.1,6.1
 Gary BrightwellF • 22 - 48 vs. PHI,NYG,RB,14,PHI,5,23,4.6,0,3,2,18,0,0,0,6.1,6.1
 Jonathan WilliamsF • 37 - 20 @ SF,WAS,RB,16,SF,3,13,4.3,0,3,2,28,0,0,0,6.1,6.1
 Jonathan WilliamsF • 26 - 6 vs. DAL,WAS,RB,18,DAL,14,32,2.3,0,2,2,9,0,0,0,6.1,6.1
 Latavius MurrayF • 28 - 34 vs. KC,DEN,RB,14,KC,8,32,4,0,5,3,-1,0,0,0,6.1,6.1
 Justice HillF • 26 - 37 @ NE,BAL,RB,3,NE,6,60,10,0,0,0,0,0,0,0,6,6
 Cordarrelle PattersonF • 16 - 19 vs. PIT,ATL,RB,13,PIT,11,60,5.5,0,0,0,0,0,0,0,6,6
 Josh JacobsF • 13 - 10 @ PIT,LV,RB,16,PIT,15,44,2.9,0,1,1,6,0,0,0,6,6
 J.K. DobbinsF • 26 - 37 @ NE,BAL,RB,3,NE,7,23,3.3,0,2,2,17,0,0,0,6,6
 Craig ReynoldsF • 24 - 6 @ DAL,DET,RB,7,DAL,4,12,3,0,3,3,18,0,0,0,6,6
 Jerick McKinnonF • 20 - 24 vs. BUF,KC,RB,6,BUF,2,1,0.5,0,3,3,29,0,0,0,6,6
 Travis HomerF • 13 - 21 vs. SF,SEA,RB,15,SF,1,5,5,0,4,4,25,0,1,1,6,6
 Kene NwangwuF • 33 - 26 vs. NE,MIN,RB,12,NE,0,0,0,0,0,0,0,0,0,0,6,6
 Elijah MitchellF • 10 - 38 @ ARI,SF,RB,11,ARI,9,59,6.6,0,0,0,0,0,0,0,5.9,5.9
 Caleb HuntleyF • 28 - 14 vs. SF,ATL,RB,6,SF,16,59,3.7,0,0,0,0,0,0,0,5.9,5.9
 J.K. DobbinsF • 17 - 9 vs. ATL,BAL,RB,16,ATL,12,59,4.9,0,1,0,0,0,0,0,5.9,5.9
 Ezekiel ElliottF • 20 - 17 vs. CIN,DAL,RB,2,CIN,15,53,3.5,0,2,1,-4,0,0,0,5.9,5.9
 Ezekiel ElliottF • 3 - 19 vs. TB,DAL,RB,1,TB,10,52,5.2,0,2,1,-3,0,0,0,5.9,5.9
 Khalil HerbertF • 13 - 29 vs. MIN,CHI,RB,18,MIN,10,50,5,0,2,1,-1,0,0,0,5.9,5.9
 James RobinsonF • 6 - 13 vs. HOU,JAX,RB,5,HOU,10,27,2.7,0,2,2,12,0,0,0,5.9,5.9
 Raheem MostertF • 20 - 26 vs. GB,MIA,RB,16,GB,8,45,5.6,0,3,2,4,0,1,1,5.9,5.9
 Brian Robinson Jr.F • 37 - 20 @ SF,WAS,RB,16,SF,22,58,2.6,0,1,0,0,0,0,0,5.8,5.8
 Miles SandersF • 16 - 17 @ IND,PHI,RB,11,IND,13,47,3.6,0,1,1,1,0,0,0,5.8,5.8
 Raheem MostertF • 16 - 24 vs. MIN,MIA,RB,6,MIN,14,49,3.5,0,2,1,-1,0,0,0,5.8,5.8
 AJ DillonF • 12 - 14 @ TB,GB,RB,3,TB,12,32,2.7,0,3,2,6,0,0,0,5.8,5.8
 DeeJay DallasF • 23 - 27 vs. ATL,SEA,RB,3,ATL,3,21,7,0,2,2,17,0,0,0,5.8,5.8
 Brian Robinson Jr.F • 17 - 20 vs. MIN,WAS,RB,9,MIN,13,44,3.4,0,2,2,-6,0,0,0,5.8,5.8
 Derrick HenryF • 35 - 10 @ PHI,TEN,RB,13,PHI,11,30,2.7,0,3,2,8,0,0,0,5.8,5.8
 Kareem HuntF • 28 - 14 @ PIT,CLE,RB,18,PIT,4,13,3.2,0,4,3,15,0,0,0,5.8,5.8
 Dontrell HilliardF • 17 - 24 @ IND,TEN,RB,4,IND,0,0,0,0,4,4,18,0,0,0,5.8,5.8
 Brian Robinson Jr.F • 10 - 23 @ HOU,WAS,RB,11,HOU,15,57,3.8,0,0,0,0,0,0,0,5.7,5.7
 Khalil HerbertF • 30 - 31 vs. DET,CHI,RB,10,DET,10,57,5.7,0,0,0,0,0,0,0,5.7,5.7
 Michael CarterF • 10 - 27 @ GB,NYJ,RB,6,GB,6,41,6.8,0,1,1,6,0,0,0,5.7,5.7
 Alvin KamaraF • 17 - 16 @ TB,NO,RB,13,TB,12,26,2.2,0,3,2,11,0,0,0,5.7,5.7
 Jordan WilkinsF • 38 - 10 @ NYG,IND,RB,17,NYG,6,23,3.8,0,2,2,14,0,0,0,5.7,5.7
 Sony MichelF • 24 - 34 @ HOU,LAC,RB,4,HOU,6,11,1.8,0,3,3,16,0,0,0,5.7,5.7
 Jamaal WilliamsF • 29 - 0 @ NE,DET,RB,5,NE,15,56,3.7,0,0,0,0,0,0,0,5.6,5.6
 Darrell Henderson Jr.F • 16 - 13 @ TB,LAR,RB,9,TB,12,56,4.7,0,1,0,0,0,0,0,5.6,5.6
 Jordan MasonF • 35 - 7 vs. TB,SF,RB,14,TB,11,56,5.1,0,0,0,0,0,0,0,5.6,5.6
 Michael CarterF • 12 - 27 vs. CIN,NYJ,RB,3,CIN,11,39,3.5,0,2,1,7,0,0,0,5.6,5.6
 Kenyan DrakeF • 9 - 24 @ NYJ,BAL,RB,1,NYJ,11,31,2.8,0,1,1,15,0,0,0,5.6,5.6
 Devin SingletaryF • 38 - 3 vs. PIT,BUF,RB,5,PIT,6,42,7,0,2,1,4,0,0,0,5.6,5.6
 Joshua KelleyF • 31 - 10 vs. LAR,LAC,RB,17,LAR,9,45,5,0,2,1,1,0,0,0,5.6,5.6
 Michael CarterF • 31 - 10 vs. CHI,NYJ,RB,12,CHI,6,21,3.5,0,2,2,15,0,0,0,5.6,5.6
 Deon JacksonF • 26 - 3 @ NE,IND,RB,9,NE,11,23,2.1,0,3,2,13,0,0,0,5.6,5.6
 David MontgomeryF • 41 - 10 @ DET,CHI,RB,17,DET,6,24,4,0,3,2,12,0,0,0,5.6,5.6
 Jerick McKinnonF • 26 - 10 vs. LAR,KC,RB,12,LAR,0,0,0,0,6,3,26,0,0,0,5.6,5.6
 Gus EdwardsF • 13 - 3 @ CLE,BAL,RB,15,CLE,7,55,7.9,0,0,0,0,0,0,0,5.5,5.5
 Eno BenjaminF • 16 - 26 @ CAR,ARI,RB,4,CAR,5,36,7.2,0,1,1,9,0,0,0,5.5,5.5
 Alexander MattisonF • 41 - 17 @ GB,MIN,RB,17,GB,8,38,4.8,0,1,1,7,0,0,0,5.5,5.5
 Jeff Wilson Jr.F • 14 - 31 @ LAR,SF,RB,8,LAR,4,14,3.5,0,2,2,21,0,0,0,5.5,5.5
 Saquon BarkleyF • 18 - 31 vs. DET,NYG,RB,11,DET,15,22,1.5,0,5,2,13,0,0,0,5.5,5.5
 Malik DavisF • 3 - 40 @ MIN,DAL,RB,11,MIN,7,13,1.9,0,3,2,22,0,0,0,5.5,5.5
 Joshua KelleyF • 24 - 19 vs. LV,LAC,RB,1,LV,4,21,5.2,0,2,2,14,0,0,0,5.5,5.5
 Jeff Wilson Jr.F • 23 - 44 vs. KC,SF,RB,7,KC,7,54,7.7,0,1,0,0,0,0,0,5.4,5.4
 Tyler AllgeierF • 19 - 13 @ WAS,ATL,RB,12,WAS,11,54,4.9,0,0,0,0,0,0,0,5.4,5.4
 Rashaad PennyF • 39 - 32 @ NO,SEA,RB,5,NO,8,54,6.8,0,0,0,0,0,0,0,5.4,5.4
 Miles SandersF • 21 - 32 vs. WAS,PHI,RB,10,WAS,12,54,4.5,0,1,0,0,0,0,0,5.4,5.4
 Miles SandersF • 8 - 24 @ WAS,PHI,RB,3,WAS,15,46,3.1,0,1,1,-2,0,0,0,5.4,5.4
 Dontrell HilliardF • 24 - 22 vs. LV,TEN,RB,3,LV,2,14,7,0,1,1,30,0,0,0,5.4,5.4
 Kyle JuszczykF • 24 - 9 vs. LAR,SF,FB,4,LAR,1,9,9,0,1,1,35,0,0,0,5.4,5.4
 Kyren WilliamsF • 27 - 20 @ NO,LAR,RB,11,NO,7,36,5.1,0,2,1,8,0,0,0,5.4,5.4
 David MontgomeryF • 32 - 35 vs. MIA,CHI,RB,9,MIA,14,36,2.6,0,2,1,8,0,0,0,5.4,5.4
 Raheem MostertF • 23 - 17 @ LAC,MIA,RB,14,LAC,11,37,3.4,0,1,1,7,0,0,0,5.4,5.4
 David MontgomeryF • 30 - 31 vs. DET,CHI,RB,10,DET,9,37,4.1,0,1,1,7,0,0,0,5.4,5.4
 Travis HomerF • 24 - 30 vs. CAR,SEA,RB,14,CAR,9,26,2.9,0,3,2,8,0,0,0,5.4,5.4
 Aaron JonesF • 20 - 26 @ MIA,GB,RB,16,MIA,6,25,4.2,0,2,2,9,0,0,0,5.4,5.4
 Travis Etienne Jr.F • 20 - 16 vs. TEN,JAX,RB,18,TEN,7,17,2.4,0,2,2,17,0,0,0,5.4,5.4
 Ke'Shawn VaughnF • 30 - 17 @ ATL,TB,RB,18,ATL,8,26,3.2,0,2,2,8,0,0,0,5.4,5.4
 James CookF • 41 - 7 vs. TEN,BUF,RB,2,TEN,11,53,4.8,0,1,0,0,0,0,0,5.3,5.3
 Devin SingletaryF • 20 - 12 vs. NYJ,BUF,RB,14,NYJ,8,39,4.9,0,2,1,4,0,0,0,5.3,5.3
 Rachaad WhiteF • 23 - 34 vs. CIN,TB,RB,15,CIN,11,38,3.5,0,2,1,5,0,0,0,5.3,5.3
 James CookF • 20 - 17 @ NYJ,BUF,RB,9,NYJ,4,15,3.8,0,4,2,18,0,0,0,5.3,5.3
 Justin JacksonF • 40 - 14 vs. JAX,DET,RB,13,JAX,1,4,4,0,5,3,19,0,0,0,5.3,5.3
 Rachaad WhiteF • 20 - 18 @ PIT,TB,RB,6,PIT,4,12,3,0,4,3,11,0,0,0,5.3,5.3
 Tyler AllgeierF • 16 - 19 vs. PIT,ATL,RB,13,PIT,10,52,5.2,0,0,0,0,0,0,0,5.2,5.2
 Craig ReynoldsF • 45 - 48 vs. SEA,DET,RB,4,SEA,2,30,15,0,1,1,12,0,0,0,5.2,5.2
 Trayveon WilliamsF • 16 - 20 @ TEN,CIN,RB,12,TEN,2,18,9,0,1,1,24,0,0,0,5.2,5.2
 Joshua KelleyF • 3 - 20 @ IND,LAC,RB,16,IND,9,33,3.7,0,1,1,9,0,0,0,5.2,5.2
 Kenneth GainwellF • 22 - 16 vs. NYG,PHI,RB,18,NYG,5,35,7,0,1,1,7,0,0,0,5.2,5.2
 Tony Jones Jr.F • 23 - 27 @ LAR,SEA,RB,13,LAR,7,14,2,0,4,2,18,0,0,0,5.2,5.2
 Mark Ingram IIF • 42 - 34 @ ARI,NO,RB,7,ARI,4,6,1.5,0,3,3,16,0,0,0,5.2,5.2
 Samaje PerineF • 18 - 22 @ NE,CIN,RB,16,NE,4,3,0.8,0,4,3,19,0,0,0,5.2,5.2
 Kareem HuntF • 10 - 17 vs. NO,CLE,RB,16,NO,7,8,1.1,0,3,3,14,0,0,0,5.2,5.2
 Jordan MasonF • 33 - 17 vs. MIA,SF,RB,13,MIA,8,51,6.4,0,0,0,0,0,0,0,5.1,5.1
 Tyler AllgeierF • 28 - 14 vs. SF,ATL,RB,6,SF,15,51,3.4,0,0,0,0,0,0,0,5.1,5.1
 Chase EdmondsF • 38 - 42 @ BAL,MIA,RB,2,BAL,5,33,6.6,0,3,1,8,0,0,0,5.1,5.1
 Khalil HerbertF • 27 - 10 @ GB,CHI,RB,2,GB,4,38,9.5,0,1,1,3,0,0,0,5.1,5.1
 Chase EdmondsF • 16 - 24 vs. MIN,MIA,RB,6,MIN,2,3,1.5,0,2,2,28,0,0,0,5.1,5.1
 Antonio GibsonF • 37 - 20 @ SF,WAS,RB,16,SF,5,10,2,0,3,2,21,0,1,0,5.1,5.1
 Darrell Henderson Jr.F • 14 - 31 vs. SF,LAR,RB,8,SF,4,16,4,0,2,2,14,0,0,0,5,5
 Jeff Wilson Jr.F • 19 - 10 @ CHI,SF,RB,1,CHI,9,22,2.4,0,2,2,8,0,0,0,5,5
 Rex BurkheadF • 24 - 16 @ NYG,HOU,RB,10,NYG,1,2,2,0,2,2,28,0,0,0,5,5
 Avery WilliamsF • 17 - 9 @ BAL,ATL,RB,16,BAL,3,16,5.3,0,2,2,14,0,0,0,5,5
 Patrick RicardF • 20 - 23 vs. BUF,BAL,FB,4,BUF,1,3,3,0,3,3,17,0,0,0,5,5
 J.D. McKissicF • 16 - 17 @ IND,WAS,RB,8,IND,2,6,3,0,5,3,14,0,0,0,5,5
 Deon JacksonF • 16 - 17 vs. PHI,IND,RB,11,PHI,1,7,7,0,4,4,3,0,0,0,5,5
 Dameon PierceF/OT • 20 - 20 vs. IND,HOU,RB,1,IND,11,33,3,0,1,1,6,0,0,0,4.9,4.9
 Michael CarterF • 20 - 24 @ PIT,NYJ,RB,4,PIT,9,15,1.7,0,3,2,14,0,1,0,4.9,4.9
 Mike BooneF • 28 - 34 vs. KC,DEN,RB,14,KC,3,2,0.7,0,2,2,27,0,0,0,4.9,4.9
 Dontrell HilliardF • 16 - 20 vs. CIN,TEN,RB,12,CIN,2,16,8,0,3,3,3,0,0,0,4.9,4.9
 Jonathan WilliamsF • 25 - 10 @ DAL,WAS,RB,4,DAL,5,48,9.6,0,0,0,0,0,0,0,4.8,4.8
 Royce FreemanF • 14 - 19 @ TEN,HOU,RB,16,TEN,16,32,2,0,1,1,6,0,0,0,4.8,4.8
 Rex BurkheadF • 6 - 13 @ JAX,HOU,RB,5,JAX,3,15,5,0,3,2,13,0,0,0,4.8,4.8
 Justin JacksonF • 30 - 31 @ CHI,DET,RB,10,CHI,4,14,3.5,0,3,2,14,0,0,0,4.8,4.8
 David JohnsonF • 7 - 10 vs. CAR,NO,RB,18,CAR,0,0,0,0,2,2,28,0,0,0,4.8,4.8
 Reggie GilliamF • 20 - 24 @ KC,BUF,FB,6,KC,0,0,0,0,3,3,18,0,0,0,4.8,4.8
 Hassan HaskinsF • 41 - 7 @ BUF,TEN,RB,2,BUF,9,37,4.1,0,1,1,0,0,0,0,4.7,4.7
 Rhamondre StevensonF • 20 - 7 @ MIA,NE,RB,1,MIA,8,25,3.1,0,2,2,2,0,0,0,4.7,4.7
 Matt BreidaF • 22 - 27 @ GB,NYG,RB,5,GB,4,14,3.5,0,2,2,13,0,0,0,4.7,4.7
 Kyle JuszczykF • 15 - 37 @ CAR,SF,FB,5,CAR,0,0,0,0,2,2,27,0,0,0,4.7,4.7
 Jaylen WarrenF • 14 - 16 vs. BAL,PIT,RB,14,BAL,3,11,3.7,0,3,2,16,0,0,0,4.7,4.7
 Antonio GibsonF • 12 - 20 vs. NYG,WAS,RB,15,NYG,5,21,4.2,0,4,2,6,0,1,0,4.7,4.7
 Ameer AbdullahF • 13 - 10 @ PIT,LV,RB,16,PIT,0,0,0,0,2,2,27,0,0,0,4.7,4.7
 Giovani BernardF • 30 - 17 @ ATL,TB,RB,18,ATL,7,28,4,0,2,2,-1,0,0,0,4.7,4.7
 Samaje PerineF • 32 - 13 @ CLE,CIN,RB,8,CLE,1,7,7,0,3,3,10,0,0,0,4.7,4.7
 Leonard FournetteF • 21 - 3 @ CAR,TB,RB,7,CAR,8,19,2.4,0,3,2,7,0,0,0,4.6,4.6
 Spencer BrownF • 42 - 21 @ CIN,CAR,RB,9,CIN,3,16,5.3,0,3,2,10,0,0,0,4.6,4.6
 Dameon PierceF • 30 - 15 @ MIA,HOU,RB,12,MIA,5,8,1.6,0,6,3,8,0,0,0,4.6,4.6
 Tyler AllgeierF • 21 - 15 @ TB,ATL,RB,5,TB,13,45,3.5,0,0,0,0,0,0,0,4.5,4.5
 Chase EdmondsF • 31 - 28 vs. LAC,DEN,RB,18,LAC,9,45,5,0,0,0,0,0,0,0,4.5,4.5
 Benny Snell Jr.F • 16 - 19 @ ATL,PIT,RB,13,ATL,6,24,4,0,1,1,11,0,0,0,4.5,4.5
 Joshua KelleyF • 23 - 17 vs. MIA,LAC,RB,14,MIA,4,29,7.2,0,2,1,6,0,0,0,4.5,4.5
 Chuba HubbardF • 13 - 3 @ BAL,CAR,RB,11,BAL,4,0,0,0,3,2,25,0,0,0,4.5,4.5
 Dare OgunbowaleF • 3 - 31 vs. JAX,HOU,RB,17,JAX,7,21,3,0,3,2,4,0,0,0,4.5,4.5
 Ty JohnsonF • 11 - 6 @ MIA,NYJ,RB,18,MIA,5,12,2.4,0,3,2,13,0,0,0,4.5,4.5
 Alec IngoldF • 33 - 17 @ SF,MIA,FB,13,SF,0,0,0,0,4,3,15,0,0,0,4.5,4.5
 J.K. DobbinsF • 19 - 17 vs. CIN,BAL,RB,5,CIN,8,44,5.5,0,0,0,0,0,0,0,4.4,4.4
 Ronald JonesF • 26 - 10 vs. LAR,KC,RB,12,LAR,4,12,3,0,1,1,22,0,0,0,4.4,4.4
 Jaylen WarrenF • 16 - 10 @ MIA,PIT,RB,7,MIA,2,7,3.5,0,2,2,17,0,0,0,4.4,4.4
 Alexander MattisonF • 24 - 7 @ PHI,MIN,RB,2,PHI,2,8,4,0,5,3,6,0,0,0,4.4,4.4
 Isiah PachecoF • 23 - 44 @ SF,KC,RB,7,SF,8,43,5.4,0,0,0,0,0,0,0,4.3,4.3
 Matt BreidaF • 17 - 23 @ JAX,NYG,RB,7,JAX,4,19,4.8,0,1,1,14,0,0,0,4.3,4.3
 Jaylen WarrenF • 29 - 17 @ CLE,PIT,RB,3,CLE,4,30,7.5,0,1,1,3,0,1,0,4.3,4.3
 Eno BenjaminF • 12 - 20 vs. LAR,ARI,RB,3,LAR,5,16,3.2,0,4,2,7,0,0,0,4.3,4.3
 Jonathan TaylorF • 17 - 24 vs. TEN,IND,RB,4,TEN,20,42,2.1,0,3,1,1,0,1,1,4.3,4.3
 Rhamondre StevensonF • 18 - 22 vs. CIN,NE,RB,16,CIN,13,30,2.3,0,5,2,3,0,2,1,4.3,4.3
 Rachaad WhiteF • 21 - 3 @ CAR,TB,RB,7,CAR,6,24,4,0,2,1,8,0,0,0,4.2,4.2
 Raheem MostertF • 20 - 7 vs. NE,MIA,RB,1,NE,5,16,3.2,0,1,1,16,0,0,0,4.2,4.2
 Julius ChestnutF • 13 - 27 vs. DAL,TEN,RB,17,DAL,4,-1,-0.2,0,1,1,33,0,0,0,4.2,4.2
 Reggie GilliamF • 21 - 19 @ MIA,BUF,FB,3,MIA,0,0,0,0,3,2,22,0,0,0,4.2,4.2
 JaMycal HastyF • 29 - 21 @ PHI,JAX,RB,4,PHI,0,0,0,0,2,2,22,0,0,0,4.2,4.2
 Isaiah SpillerF • 27 - 30 vs. KC,LAC,RB,11,KC,4,11,2.8,0,2,2,11,0,0,0,4.2,4.2
 Tony PollardF • 3 - 19 vs. TB,DAL,RB,1,TB,6,8,1.3,0,2,2,14,0,0,0,4.2,4.2
 Cordarrelle PattersonF • 31 - 27 @ LAR,ATL,RB,2,LAR,10,41,4.1,0,1,0,0,0,0,0,4.1,4.1
 Elijah MitchellF • 19 - 10 @ CHI,SF,RB,1,CHI,6,41,6.8,0,0,0,0,0,0,0,4.1,4.1
 Sony MichelF • 10 - 38 vs. JAX,LAC,RB,3,JAX,5,22,4.4,0,2,1,9,0,0,0,4.1,4.1
 Travis HomerF • 27 - 13 vs. NYG,SEA,RB,8,NYG,2,10,5,0,1,1,21,0,0,0,4.1,4.1
 Justin JacksonF • 17 - 20 @ NYJ,DET,RB,15,NYJ,6,16,2.7,0,2,1,15,0,0,0,4.1,4.1
 Michael CarterF • 17 - 20 vs. DET,NYJ,RB,15,DET,4,15,3.8,0,1,1,16,0,0,0,4.1,4.1
 Cordarrelle PattersonF • 17 - 9 @ BAL,ATL,RB,16,BAL,8,17,2.1,0,1,1,14,0,0,0,4.1,4.1
 Devin SingletaryF • 41 - 7 vs. TEN,BUF,RB,2,TEN,6,19,3.2,0,3,2,2,0,0,0,4.1,4.1
 Brandon BoldenF • 24 - 22 @ TEN,LV,RB,3,TEN,3,17,5.7,0,2,2,4,0,0,0,4.1,4.1
 Rachaad WhiteF • 3 - 19 @ DAL,TB,RB,1,DAL,6,14,2.3,0,2,2,7,0,0,0,4.1,4.1
 D'Onta ForemanF • 42 - 21 @ CIN,CAR,RB,9,CIN,7,23,3.3,0,3,2,-2,0,0,0,4.1,4.1
 Dare OgunbowaleF • 14 - 27 vs. CLE,HOU,RB,13,CLE,2,8,4,0,3,2,13,0,0,0,4.1,4.1
 Tyler AllgeierF • 23 - 27 @ SEA,ATL,RB,3,SEA,6,25,4.2,0,1,1,5,0,0,0,4,4
 Jaylen WarrenF • 13 - 10 vs. LV,PIT,RB,16,LV,6,23,3.8,0,2,1,7,0,0,0,4,4
 Jonathan WardF • 13 - 27 vs. DAL,TEN,RB,17,DAL,4,26,6.5,0,1,1,4,0,0,0,4,4
 Tony Jones Jr.F • 10 - 20 vs. TB,NO,RB,2,TB,2,8,4,0,2,2,12,0,0,0,4,4
 Patrick RicardF • 23 - 20 vs. CLE,BAL,FB,7,CLE,1,0,0,0,2,2,20,0,0,0,4,4
 Joshua KelleyF • 24 - 25 @ ARI,LAC,RB,12,ARI,2,4,2,0,3,2,16,0,0,0,4,4
 JaMycal HastyF • 17 - 21 vs. DEN,JAX,RB,8,DEN,4,13,3.2,0,4,3,-3,0,0,0,4,4
 Rex BurkheadF • 3 - 31 vs. JAX,HOU,RB,17,JAX,0,0,0,0,5,3,10,0,0,0,4,4
 Michael CarterF • 20 - 12 @ BUF,NYJ,RB,14,BUF,5,5,1,0,6,3,15,0,1,1,4,4
 Craig ReynoldsF • 36 - 27 vs. WAS,DET,RB,2,WAS,3,16,5.3,0,1,1,13,0,0,0,3.9,3.9
 Mike BooneF • 32 - 23 @ LV,DEN,RB,4,LV,3,20,6.7,0,3,1,9,0,0,0,3.9,3.9
 Kyren WilliamsF • 17 - 16 vs. LV,LAR,RB,14,LV,3,19,6.3,0,2,1,10,0,0,0,3.9,3.9
 Kene NwangwuF • 13 - 29 @ CHI,MIN,RB,18,CHI,5,13,2.6,0,1,1,16,0,0,0,3.9,3.9
 Kyle JuszczykF • 38 - 13 vs. ARI,SF,FB,18,ARI,1,3,3,0,1,1,26,0,0,0,3.9,3.9
 Jaylen WarrenF • 16 - 19 @ ATL,PIT,RB,13,ATL,1,5,5,0,2,2,14,0,0,0,3.9,3.9
 Deon JacksonF • 3 - 20 vs. LAC,IND,RB,16,LAC,0,0,0,0,3,3,9,0,0,0,3.9,3.9
 Malik DavisF/OT • 31 - 28 @ GB,DAL,RB,10,GB,5,38,7.6,0,0,0,0,0,0,0,3.8,3.8
 Malcolm BrownF • 24 - 10 vs. CAR,LAR,RB,6,CAR,7,15,2.1,0,1,1,13,0,0,0,3.8,3.8
 Larry Rountree IIIF • 31 - 10 vs. LAR,LAC,RB,17,LAR,10,15,1.5,0,1,1,13,0,0,0,3.8,3.8
 James CookF • 25 - 28 @ DET,BUF,RB,12,DET,2,4,2,0,5,2,14,0,0,0,3.8,3.8
 Isiah PachecoF • 20 - 24 vs. BUF,KC,RB,6,BUF,2,9,4.5,0,2,2,9,0,0,0,3.8,3.8
 Trestan EbnerF • 20 - 12 @ NYG,CHI,RB,4,NYG,6,20,3.3,0,3,2,8,0,2,1,3.8,3.8
 Cam AkersF • 26 - 10 @ KC,LAR,RB,12,KC,8,37,4.6,0,0,0,0,0,0,0,3.7,3.7
 DeeJay DallasF • 23 - 27 @ LAR,SEA,RB,13,LAR,10,37,3.7,0,1,0,0,0,0,0,3.7,3.7
 Jamaal WilliamsF • 34 - 23 vs. MIN,DET,RB,14,MIN,16,37,2.3,0,1,0,0,0,0,0,3.7,3.7
 Javonte Williams OF • 32 - 23 @ LV,DEN,RB,4,LV,10,28,2.8,0,1,1,-1,0,0,0,3.7,3.7
 Kenyan DrakeF • 19 - 17 vs. CIN,BAL,RB,5,CIN,4,26,6.5,0,1,1,1,0,0,0,3.7,3.7
 Eno BenjaminF • 21 - 31 vs. SEA,ARI,RB,9,SEA,4,12,3,0,1,1,15,0,0,0,3.7,3.7
 Kareem HuntF • 13 - 3 vs. BAL,CLE,RB,15,BAL,4,24,6,0,1,1,3,0,0,0,3.7,3.7
 Dameon PierceF • 10 - 23 vs. WAS,HOU,RB,11,WAS,10,8,0.8,0,3,2,9,0,0,0,3.7,3.7
 Malcolm BrownF • 17 - 16 vs. LV,LAR,RB,14,LV,1,5,5,0,2,2,12,0,0,0,3.7,3.7
 Ameer AbdullahF • 17 - 16 @ LAR,LV,RB,14,LAR,0,0,0,0,2,2,17,0,0,0,3.7,3.7
 Rex BurkheadF/OT • 24 - 30 vs. KC,HOU,RB,15,KC,0,0,0,0,4,2,17,0,0,0,3.7,3.7
 Hassan HaskinsF • 14 - 19 vs. HOU,TEN,RB,16,HOU,0,0,0,0,2,2,17,0,0,0,3.7,3.7
 Kenneth GainwellF • 10 - 20 vs. NO,PHI,RB,17,NO,0,0,0,0,2,2,17,0,0,0,3.7,3.7
 Dalvin CookF • 13 - 29 @ CHI,MIN,RB,18,CHI,11,37,3.4,0,1,1,0,0,1,1,3.7,3.7
 Alexander MattisonF • 23 - 7 vs. GB,MIN,RB,1,GB,8,36,4.5,0,0,0,0,0,0,0,3.6,3.6
 Mark Ingram IIF • 39 - 32 vs. SEA,NO,RB,5,SEA,9,16,1.8,0,0,0,0,0,0,0,3.6,3.6
 Kenneth Walker IIIF • 23 - 27 @ LAR,SEA,RB,13,LAR,3,36,12,0,1,0,0,0,0,0,3.6,3.6
 Chris EvansF • 32 - 13 @ CLE,CIN,RB,8,CLE,0,0,0,0,1,1,26,0,0,0,3.6,3.6
 Mike BooneF • 10 - 9 @ BAL,DEN,RB,13,BAL,6,18,3,0,1,1,8,0,0,0,3.6,3.6
 DeeJay DallasF/OT • 19 - 16 vs. LAR,SEA,RB,18,LAR,2,29,14.5,0,1,1,-3,0,0,0,3.6,3.6
 Alec IngoldF • 38 - 42 @ BAL,MIA,FB,2,BAL,1,1,1,0,2,2,15,0,0,0,3.6,3.6
 Dontrell HilliardF • 35 - 10 @ PHI,TEN,RB,13,PHI,1,2,2,0,2,2,14,0,0,0,3.6,3.6
 Samaje PerineF • 26 - 30 @ NO,CIN,RB,6,NO,2,5,2.5,0,2,2,11,0,0,0,3.6,3.6
 Hassan HaskinsF • 20 - 16 @ JAX,TEN,RB,18,JAX,2,3,1.5,0,2,2,13,0,0,0,3.6,3.6
 D'Onta ForemanF • 30 - 24 @ TB,CAR,RB,17,TB,13,35,2.7,0,0,0,0,0,0,0,3.5,3.5
 Joshua KelleyF • 27 - 24 @ KC,LAC,RB,2,KC,4,22,5.5,0,2,1,3,0,0,0,3.5,3.5
 D'Andre SwiftF • 37 - 23 @ CAR,DET,RB,16,CAR,4,12,3,0,5,1,13,0,0,0,3.5,3.5
 Kenneth Walker IIIF • 27 - 7 @ SF,SEA,RB,2,SF,4,10,2.5,0,3,2,5,0,0,0,3.5,3.5
 C.J. HamF • 28 - 24 vs. DET,MIN,FB,3,DET,0,0,0,0,3,2,15,0,0,0,3.5,3.5
 DeeJay DallasF/OT • 34 - 40 vs. LV,SEA,RB,12,LV,1,2,2,0,2,2,13,0,0,0,3.5,3.5
 Matt BreidaF • 22 - 48 vs. PHI,NYG,RB,14,PHI,3,6,2,0,4,2,9,0,0,0,3.5,3.5
 Hassan HaskinsF • 17 - 14 @ LAC,TEN,RB,15,LAC,1,8,8,0,2,2,7,0,0,0,3.5,3.5
 Ameer AbdullahF/OT • 16 - 22 @ DEN,LV,RB,11,DEN,0,0,0,0,4,3,5,0,0,0,3.5,3.5
 AJ DillonF • 22 - 27 vs. NYG,GB,RB,5,NYG,6,34,5.7,0,0,0,0,0,0,0,3.4,3.4
 Caleb HuntleyF • 21 - 15 @ TB,ATL,RB,5,TB,8,34,4.2,0,0,0,0,0,0,0,3.4,3.4
 Caleb HuntleyF • 17 - 20 vs. LAC,ATL,RB,9,LAC,7,34,4.9,0,0,0,0,0,0,0,3.4,3.4
 Justice HillF • 27 - 16 @ CIN,BAL,RB,18,CIN,7,34,4.9,0,0,0,0,0,0,0,3.4,3.4
 Kyle JuszczykF • 11 - 10 @ DEN,SF,FB,3,DEN,0,0,0,0,1,1,24,0,0,0,3.4,3.4
 Kenneth Walker IIIF • 45 - 48 @ DET,SEA,RB,4,DET,8,29,3.6,0,1,1,-5,0,0,0,3.4,3.4
 Samaje PerineF • 23 - 34 @ TB,CIN,RB,15,TB,7,24,3.4,0,1,1,0,0,0,0,3.4,3.4
 David JohnsonF • 10 - 17 @ CLE,NO,RB,16,CLE,7,16,2.3,0,1,1,8,0,0,0,3.4,3.4
 Joshua KelleyF • 31 - 28 @ DEN,LAC,RB,18,DEN,5,18,3.6,0,4,1,6,0,0,0,3.4,3.4
 Patrick RicardF • 28 - 27 @ JAX,BAL,FB,12,JAX,0,0,0,0,3,2,14,0,0,0,3.4,3.4
 Darrel WilliamsF • 34 - 26 @ MIN,ARI,RB,8,MIN,5,8,1.6,0,3,2,6,0,0,0,3.4,3.4
 Raheem BlackshearF • 13 - 3 @ BAL,CAR,RB,11,BAL,0,0,0,0,3,2,14,0,0,0,3.4,3.4
 Kenneth GainwellF • 20 - 25 @ CHI,PHI,RB,15,CHI,3,5,1.7,0,2,2,9,0,0,0,3.4,3.4
 Ameer AbdullahF • 30 - 24 vs. NE,LV,RB,15,NE,0,0,0,0,2,2,14,0,0,0,3.4,3.4
 Jamaal WilliamsF • 37 - 23 @ CAR,DET,RB,16,CAR,7,11,1.6,0,2,2,3,0,0,0,3.4,3.4
 Tyrion Davis-PriceF • 27 - 7 vs. SEA,SF,RB,2,SEA,14,33,2.4,0,0,0,0,0,0,0,3.3,3.3
 Cam AkersF • 10 - 22 vs. DAL,LAR,RB,5,DAL,13,33,2.5,0,1,0,0,0,0,0,3.3,3.3
 Clyde Edwards-HelaireF • 20 - 24 vs. BUF,KC,RB,6,BUF,9,33,3.7,0,0,0,0,0,0,0,3.3,3.3
 Jamaal WilliamsF • 17 - 20 @ NYJ,DET,RB,15,NYJ,13,33,2.5,0,0,0,0,0,0,0,3.3,3.3
 Miles SandersF • 22 - 16 vs. NYG,PHI,RB,18,NYG,11,33,3,0,1,0,0,0,0,0,3.3,3.3
 AJ DillonF • 16 - 20 vs. DET,GB,RB,18,DET,9,33,3.7,0,3,0,0,0,0,0,3.3,3.3
 Ameer AbdullahF/OT • 23 - 29 vs. ARI,LV,RB,2,ARI,0,0,0,0,1,1,23,0,0,0,3.3,3.3
 AJ DillonF • 17 - 27 vs. TEN,GB,RB,11,TEN,6,13,2.2,0,1,1,10,0,0,0,3.3,3.3
 Tyler AllgeierF • 25 - 15 @ CAR,ATL,RB,10,CAR,8,20,2.5,0,3,3,-17,0,0,0,3.3,3.3
 Travis Etienne Jr.F • 29 - 21 @ PHI,JAX,RB,4,PHI,8,32,4,0,1,0,0,0,0,0,3.2,3.2
 Travis Etienne Jr.F • 22 - 36 @ TEN,JAX,RB,14,TEN,17,32,1.9,0,0,0,0,0,0,0,3.2,3.2
 Caleb HuntleyF • 25 - 15 @ CAR,ATL,RB,10,CAR,5,32,6.4,0,0,0,0,0,0,0,3.2,3.2
 Raheem BlackshearF • 25 - 15 vs. ATL,CAR,RB,10,ATL,6,32,5.3,0,0,0,0,0,0,0,3.2,3.2
 Corey ClementF • 20 - 19 @ ATL,ARI,RB,17,ATL,7,32,4.6,0,1,0,0,0,0,0,3.2,3.2
 Brandon BoldenF/OT • 34 - 37 vs. SF,LV,RB,17,SF,8,32,4,0,0,0,0,0,0,0,3.2,3.2
 Jaylen WarrenF • 20 - 24 vs. NYJ,PIT,RB,4,NYJ,3,18,6,0,1,1,4,0,0,0,3.2,3.2
 Samaje PerineF • 27 - 16 vs. BAL,CIN,RB,18,BAL,6,18,3,0,1,1,4,0,0,0,3.2,3.2
 Boston ScottF • 16 - 17 @ IND,PHI,RB,11,IND,3,8,2.7,0,2,2,4,0,0,0,3.2,3.2
 Kareem HuntF • 23 - 10 @ CIN,CLE,RB,14,CIN,4,6,1.5,0,4,2,6,0,0,0,3.2,3.2
 Alec IngoldF • 16 - 24 vs. MIN,MIA,FB,6,MIN,1,2,2,0,2,2,10,0,0,0,3.2,3.2
 Devin SingletaryF • 35 - 23 vs. NE,BUF,RB,18,NE,7,29,4.1,0,1,1,3,0,1,1,3.2,3.2
 Khalil HerbertF • 41 - 10 @ DET,CHI,RB,17,DET,5,31,6.2,0,0,0,0,0,0,0,3.1,3.1
 Boston ScottF • 24 - 7 vs. MIN,PHI,RB,2,MIN,4,19,4.8,0,1,1,2,0,0,0,3.1,3.1
 Myles GaskinF • 30 - 15 vs. HOU,MIA,RB,12,HOU,6,17,2.8,0,1,1,4,0,0,0,3.1,3.1
 Kareem HuntF/OT • 23 - 17 vs. TB,CLE,RB,12,TB,5,15,3,0,2,1,6,0,0,0,3.1,3.1
 Boston ScottF • 35 - 10 vs. TEN,PHI,RB,13,TEN,6,16,2.7,0,1,1,5,0,0,0,3.1,3.1
 Corey ClementF • 13 - 27 vs. NE,ARI,RB,14,NE,0,0,0,0,1,1,21,0,0,0,3.1,3.1
 JaMycal HastyF • 3 - 19 @ NYJ,JAX,RB,16,NYJ,3,10,3.3,0,3,1,11,0,0,0,3.1,3.1
 Malcolm BrownF • 51 - 14 vs. DEN,LAR,RB,16,DEN,2,19,9.5,0,1,1,2,0,0,0,3.1,3.1
 Kyren WilliamsF • 51 - 14 vs. DEN,LAR,RB,16,DEN,6,18,3,0,1,1,3,0,0,0,3.1,3.1
 Justice HillF • 9 - 24 @ NYJ,BAL,RB,1,NYJ,2,4,2,0,2,2,7,0,0,0,3.1,3.1
 Matt BreidaF • 24 - 20 vs. BAL,NYG,RB,6,BAL,3,-6,-2,0,2,2,17,0,0,0,3.1,3.1
 Tyler AllgeierF • 31 - 27 @ LAR,ATL,RB,2,LAR,10,30,3,0,0,0,0,0,0,0,3,3
 Raheem MostertF • 33 - 17 @ SF,MIA,RB,13,SF,7,30,4.3,0,0,0,0,0,0,0,3,3
 Joshua KelleyF • 27 - 20 @ LV,LAC,RB,13,LV,7,30,4.3,0,1,0,0,0,0,0,3,3
 Tyrion Davis-PriceF • 37 - 20 vs. WAS,SF,RB,16,WAS,9,30,3.3,0,0,0,0,0,0,0,3,3
 Cordarrelle PattersonF • 25 - 15 @ CAR,ATL,RB,10,CAR,5,18,3.6,0,1,1,2,0,0,0,3,3
 Rhamondre StevensonF • 13 - 27 @ ARI,NE,RB,14,ARI,3,8,2.7,0,3,2,2,0,0,0,3,3
 Avery WilliamsF • 21 - 18 @ NO,ATL,RB,15,NO,0,0,0,0,2,2,10,0,0,0,3,3
 Pierre Strong Jr.F • 18 - 22 vs. CIN,NE,RB,16,CIN,0,0,0,0,2,2,10,0,0,0,3,3
 James RobinsonF • 29 - 21 @ PHI,JAX,RB,4,PHI,8,29,3.6,0,0,0,0,0,1,0,2.9,2.9
 Isaiah SpillerF • 17 - 20 @ ATL,LAC,RB,9,ATL,7,29,4.1,0,0,0,0,0,0,0,2.9,2.9
 Sony MichelF • 27 - 24 @ KC,LAC,RB,2,KC,4,13,3.2,0,1,1,6,0,0,0,2.9,2.9
 Justin JacksonF • 25 - 28 vs. BUF,DET,RB,12,BUF,4,4,1,0,2,1,15,0,0,0,2.9,2.9
 Malcolm BrownF • 16 - 13 @ TB,LAR,RB,9,TB,2,9,4.5,0,1,1,10,0,0,0,2.9,2.9
 Clyde Edwards-HelaireF/OT • 20 - 17 vs. TEN,KC,RB,9,TEN,4,5,1.2,0,2,1,14,0,0,0,2.9,2.9
 Justice HillF • 13 - 27 @ NO,BAL,RB,9,NO,4,11,2.8,0,1,1,8,0,0,0,2.9,2.9
 Alexander MattisonF/OT • 30 - 33 @ BUF,MIN,RB,10,BUF,3,11,3.7,0,1,1,8,0,0,0,2.9,2.9
 Kareem HuntF • 39 - 17 @ MIA,CLE,RB,10,MIA,6,9,1.5,0,1,1,10,0,0,0,2.9,2.9
 Eno BenjaminF • 10 - 20 @ PHI,NO,RB,17,PHI,2,10,5,0,1,1,9,0,0,0,2.9,2.9
 Rex BurkheadF • 16 - 9 @ DEN,HOU,RB,2,DEN,0,0,0,0,3,2,9,0,0,0,2.9,2.9
 D'Ernest JohnsonF • 15 - 38 vs. NE,CLE,RB,6,NE,0,0,0,0,2,2,9,0,0,0,2.9,2.9
 Miles SandersF • 20 - 25 @ CHI,PHI,RB,15,CHI,11,42,3.8,0,1,1,-13,0,1,1,2.9,2.9
 Zamir WhiteF/OT • 34 - 40 @ SEA,LV,RB,12,SEA,2,28,14,0,0,0,0,0,0,0,2.8,2.8
 Justice HillF • 22 - 27 @ TB,BAL,RB,8,TB,4,28,7,0,0,0,0,0,0,0,2.8,2.8
 Dare OgunbowaleF • 14 - 19 @ TEN,HOU,RB,16,TEN,8,28,3.5,0,0,0,0,0,0,0,2.8,2.8
 Jordan MasonF • 38 - 13 vs. ARI,SF,RB,18,ARI,8,28,3.5,0,0,0,0,0,0,0,2.8,2.8
 Kenneth GainwellF • 24 - 7 vs. MIN,PHI,RB,2,MIN,2,7,3.5,0,2,1,11,0,0,0,2.8,2.8
 Craig ReynoldsF • 28 - 24 @ MIN,DET,RB,3,MIN,6,13,2.2,0,1,1,5,0,0,0,2.8,2.8
 Nyheim HinesF • 10 - 24 @ NE,BUF,RB,13,NE,2,-3,-1.5,0,2,1,21,0,0,0,2.8,2.8
 Justice HillF • 13 - 3 @ CLE,BAL,RB,15,CLE,1,3,3,0,1,1,15,0,0,0,2.8,2.8
 Samaje PerineF • 35 - 17 vs. ATL,CIN,RB,7,ATL,1,0,0,0,2,2,8,0,0,0,2.8,2.8
 Julius ChestnutF • 22 - 36 vs. JAX,TEN,RB,14,JAX,0,0,0,0,2,2,8,0,0,0,2.8,2.8
 Spencer BrownF/OT • 37 - 34 @ ATL,CAR,RB,8,ATL,6,27,4.5,0,1,0,0,0,0,0,2.7,2.7
 Justin JacksonF • 15 - 9 vs. GB,DET,RB,9,GB,4,27,6.8,0,0,0,0,0,0,0,2.7,2.7
 Tyrion Davis-PriceF • 38 - 13 vs. ARI,SF,RB,18,ARI,8,27,3.4,0,0,0,0,0,0,0,2.7,2.7
 Michael CarterF • 10 - 3 @ NE,NYJ,RB,11,NE,8,19,2.4,0,2,1,-2,0,0,0,2.7,2.7
 J.J. TaylorF • 26 - 3 vs. IND,NE,RB,9,IND,10,9,0.9,0,1,1,8,0,0,0,2.7,2.7
 Patrick TaylorF • 20 - 26 @ MIA,GB,RB,16,MIA,0,0,0,0,1,1,17,0,0,0,2.7,2.7
 Ameer AbdullahF • 38 - 20 vs. HOU,LV,RB,7,HOU,0,0,0,0,2,2,7,0,0,0,2.7,2.7
 Avery WilliamsF/OT • 37 - 34 vs. CAR,ATL,RB,8,CAR,0,0,0,0,2,2,7,0,0,0,2.7,2.7
 Troy HairstonF • 10 - 17 vs. TEN,HOU,FB,8,TEN,0,0,0,0,2,2,7,0,0,0,2.7,2.7
 Kyle JuszczykF • 35 - 7 vs. TB,SF,FB,14,TB,0,0,0,0,2,2,7,0,0,0,2.7,2.7
 Jeff Wilson Jr.F • 23 - 17 @ LAC,MIA,RB,14,LAC,4,26,6.5,0,0,0,0,0,1,0,2.6,2.6
 Justice HillF • 10 - 9 vs. DEN,BAL,RB,13,DEN,1,2,2,0,2,2,4,0,1,0,2.6,2.6
 Chuba HubbardF • 22 - 14 vs. NO,CAR,RB,3,NO,3,25,8.3,0,0,0,0,0,0,0,2.5,2.5
 Jordan MasonF • 13 - 0 vs. NO,SF,RB,12,NO,5,25,5,0,0,0,0,0,0,0,2.5,2.5
 Kenneth GainwellF • 26 - 17 vs. DAL,PHI,RB,6,DAL,5,25,5,0,0,0,0,0,0,0,2.5,2.5
 Avery WilliamsF • 25 - 15 @ CAR,ATL,RB,10,CAR,4,25,6.2,0,0,0,0,0,0,0,2.5,2.5
 Jaylen WarrenF • 14 - 17 vs. NE,PIT,RB,2,NE,4,15,3.8,0,1,1,0,0,0,0,2.5,2.5
 Matt BreidaF • 28 - 20 @ DAL,NYG,RB,12,DAL,2,6,3,0,1,1,9,0,0,0,2.5,2.5
 Matt BreidaF • 27 - 13 @ SEA,NYG,RB,8,SEA,2,5,2.5,0,2,1,10,0,0,0,2.5,2.5
 Avery WilliamsF • 26 - 27 vs. NO,ATL,RB,1,NO,2,7,3.5,0,1,1,8,0,0,0,2.5,2.5
 Rex BurkheadF • 17 - 29 vs. PHI,HOU,RB,9,PHI,1,9,9,0,2,1,6,0,0,0,2.5,2.5
 James CookF • 20 - 12 vs. NYJ,BUF,RB,14,NYJ,4,6,1.5,0,1,1,9,0,0,0,2.5,2.5
 JaMycal HastyF/OT • 40 - 34 vs. DAL,JAX,RB,15,DAL,1,13,13,0,1,1,2,0,0,0,2.5,2.5
 Michael CarterF • 23 - 6 @ SEA,NYJ,RB,17,SEA,1,2,2,0,3,2,3,0,0,0,2.5,2.5
 Michael CarterF • 11 - 6 @ MIA,NYJ,RB,18,MIA,3,4,1.3,0,3,2,1,0,0,0,2.5,2.5
 Zamir WhiteF • 32 - 23 vs. DEN,LV,RB,4,DEN,2,24,12,0,0,0,0,0,0,0,2.4,2.4
 Boston ScottF • 40 - 33 vs. GB,PHI,RB,12,GB,3,24,8,0,0,0,0,0,0,0,2.4,2.4
 D'Onta ForemanF • 13 - 3 @ BAL,CAR,RB,11,BAL,11,24,2.2,0,1,0,0,0,0,0,2.4,2.4
 Matt BreidaF • 20 - 21 @ TEN,NYG,RB,1,TEN,5,24,4.8,0,0,0,0,0,0,0,2.4,2.4
 Dwayne WashingtonF • 13 - 27 vs. BAL,NO,RB,9,BAL,3,7,2.3,0,1,1,7,0,0,0,2.4,2.4
 Ronnie RiversF • 24 - 10 vs. CAR,LAR,RB,6,CAR,1,0,0,0,1,1,14,0,0,0,2.4,2.4
 Jerick McKinnonF • 27 - 30 @ LAC,KC,RB,11,LAC,6,24,4,0,1,1,0,0,1,1,2.4,2.4
 Mike BooneF • 9 - 16 vs. NYJ,DEN,RB,7,NYJ,4,23,5.8,0,0,0,0,0,0,0,2.3,2.3
 Trestan EbnerF • 23 - 20 vs. HOU,CHI,RB,3,HOU,7,23,3.3,0,1,0,0,0,0,0,2.3,2.3
 Khalil HerbertF • 32 - 35 vs. MIA,CHI,RB,9,MIA,7,23,3.3,0,0,0,0,0,0,0,2.3,2.3
 Zonovan KnightF • 17 - 20 vs. DET,NYJ,RB,15,DET,13,23,1.8,0,0,0,0,0,0,0,2.3,2.3
 Sony MichelF • 23 - 37 vs. SEA,LAC,RB,7,SEA,2,5,2.5,0,3,1,8,0,0,0,2.3,2.3
 Caleb HuntleyF • 19 - 13 @ WAS,ATL,RB,12,WAS,1,12,12,0,1,1,1,0,0,0,2.3,2.3
 Ke'Shawn VaughnF • 21 - 16 vs. SEA,TB,RB,10,SEA,2,2,1,0,1,1,11,0,0,0,2.3,2.3
 Dare OgunbowaleF • 24 - 16 @ NYG,HOU,RB,10,NYG,0,0,0,0,1,1,13,0,0,0,2.3,2.3
 Jonathan TaylorF/OT • 39 - 36 @ MIN,IND,RB,15,MIN,0,0,0,0,1,1,13,0,0,0,2.3,2.3
 Zonovan KnightF • 3 - 19 vs. JAX,NYJ,RB,16,JAX,6,-2,-0.3,0,1,1,15,0,0,0,2.3,2.3
 Justin JacksonF • 16 - 20 @ GB,DET,RB,18,GB,1,2,2,0,1,1,11,0,0,0,2.3,2.3
 Joshua KelleyF • 10 - 38 vs. JAX,LAC,RB,3,JAX,1,-3,-3,0,2,2,6,0,0,0,2.3,2.3
 Nyheim HinesF • 17 - 24 vs. TEN,IND,RB,4,TEN,1,0,0,0,2,2,3,0,0,0,2.3,2.3
 Mark Ingram IIF • 26 - 27 @ ATL,NO,RB,1,ATL,4,22,5.5,0,1,1,1,0,1,1,2.3,2.3
 Khalil HerbertF • 13 - 35 vs. BUF,CHI,RB,16,BUF,6,7,1.2,0,3,2,-4,0,0,0,2.3,2.3
 Keaontay IngramF • 38 - 13 @ SF,ARI,RB,18,SF,3,5,1.7,0,3,2,-2,0,0,0,2.3,2.3
 Caleb HuntleyF • 35 - 17 @ CIN,ATL,RB,7,CIN,6,22,3.7,0,0,0,0,0,0,0,2.2,2.2
 Jonathan WilliamsF • 19 - 13 vs. ATL,WAS,RB,12,ATL,4,22,5.5,0,0,0,0,0,0,0,2.2,2.2
 Brian Robinson Jr.F • 17 - 21 vs. TEN,WAS,RB,5,TEN,9,22,2.4,0,0,0,0,0,0,0,2.2,2.2
 James CookF/OT • 30 - 33 vs. MIN,BUF,RB,10,MIN,5,22,4.4,0,0,0,0,0,0,0,2.2,2.2
 Cam AkersF • 17 - 27 vs. ARI,LAR,RB,10,ARI,6,22,3.7,0,1,0,0,0,0,0,2.2,2.2
 Marlon MackF • 51 - 14 @ LAR,DEN,RB,16,LAR,4,22,5.5,0,1,0,0,0,0,0,2.2,2.2
 Zonovan KnightF • 11 - 6 @ MIA,NYJ,RB,18,MIA,12,22,1.8,0,0,0,0,0,1,0,2.2,2.2
 Patrick RicardF • 26 - 37 @ NE,BAL,FB,3,NE,0,0,0,0,1,1,12,0,0,0,2.2,2.2
 Marlon MackF • 23 - 10 @ CAR,DEN,RB,12,CAR,2,7,3.5,0,1,1,5,0,0,0,2.2,2.2
 Damien HarrisF • 29 - 0 vs. DET,NE,RB,5,DET,4,11,2.8,0,1,1,1,0,0,0,2.2,2.2
 Kenneth GainwellF • 21 - 32 vs. WAS,PHI,RB,10,WAS,1,7,7,0,2,1,5,0,0,0,2.2,2.2
 Matt BreidaF • 12 - 20 @ WAS,NYG,RB,15,WAS,2,6,3,0,1,1,6,0,0,0,2.2,2.2
 Reggie GilliamF • 13 - 35 @ CHI,BUF,FB,16,CHI,0,0,0,0,1,1,12,0,0,0,2.2,2.2
 Kyle JuszczykF • 13 - 0 vs. NO,SF,FB,12,NO,0,0,0,0,2,2,2,0,0,0,2.2,2.2
 Kenyan DrakeF • 14 - 16 @ PIT,BAL,RB,14,PIT,1,1,1,0,2,2,1,0,1,0,2.2,2.2
 Avery WilliamsF • 23 - 20 vs. CLE,ATL,RB,4,CLE,1,21,21,0,0,0,0,0,0,0,2.1,2.1
 Boston ScottF • 35 - 13 vs. PIT,PHI,RB,8,PIT,7,21,3,0,0,0,0,0,0,0,2.1,2.1
 Darrynton EvansF • 19 - 28 vs. GB,CHI,RB,13,GB,3,21,7,0,0,0,0,0,0,0,2.1,2.1
 David MontgomeryF • 13 - 29 vs. MIN,CHI,RB,18,MIN,7,21,3,0,0,0,0,0,0,0,2.1,2.1
 Kenneth GainwellF • 35 - 13 vs. PIT,PHI,RB,8,PIT,1,3,3,0,1,1,8,0,0,0,2.1,2.1
 JaMycal HastyF • 27 - 20 vs. LV,JAX,RB,9,LV,3,6,2,0,1,1,5,0,0,0,2.1,2.1
 Nyheim HinesF • 13 - 35 @ CHI,BUF,RB,16,CHI,1,2,2,0,2,1,9,0,1,0,2.1,2.1
 Dare OgunbowaleF • 27 - 23 @ DAL,HOU,RB,14,DAL,1,-3,-3,0,2,2,4,0,0,0,2.1,2.1
 Jerick McKinnonF • 20 - 17 @ IND,KC,RB,3,IND,7,20,2.9,0,1,0,0,0,0,0,2,2
 Brian Robinson Jr.F • 16 - 17 @ IND,WAS,RB,8,IND,8,20,2.5,0,0,0,0,0,0,0,2,2
 Kenneth GainwellF • 17 - 20 @ ARI,PHI,RB,5,ARI,3,20,6.7,0,0,0,0,0,0,0,2,2
 J.D. McKissicF • 7 - 12 @ CHI,WAS,RB,6,CHI,2,20,10,0,3,0,0,0,0,0,2,2
 Matt BreidaF • 24 - 16 vs. HOU,NYG,RB,10,HOU,6,20,3.3,0,0,0,0,0,0,0,2,2
 Ty ChandlerF • 13 - 29 @ CHI,MIN,RB,18,CHI,6,20,3.3,0,0,0,0,0,0,0,2,2
 Samaje PerineF • 20 - 17 @ DAL,CIN,RB,2,DAL,1,2,2,0,1,1,8,0,0,0,2,2
 Damien HarrisF • 14 - 33 vs. CHI,NE,RB,7,CHI,3,8,2.7,0,2,1,2,0,0,0,2,2
 Alec IngoldF • 20 - 7 vs. NE,MIA,FB,1,NE,1,2,2,0,2,1,8,0,0,0,2,2
 DeeJay DallasF • 39 - 32 @ NO,SEA,RB,5,NO,1,4,4,0,1,1,6,0,0,0,2,2
 Keith SmithF • 28 - 14 vs. SF,ATL,FB,6,SF,1,2,2,0,1,1,8,0,0,0,2,2
 Ameer AbdullahF • 13 - 31 vs. KC,LV,RB,18,KC,0,0,0,0,2,1,10,0,0,0,2,2
 Trey SermonF • 29 - 21 vs. JAX,PHI,RB,4,JAX,2,19,9.5,0,0,0,0,0,0,0,1.9,1.9
 Darrel WilliamsF • 16 - 26 @ CAR,ARI,RB,4,CAR,4,19,4.8,0,1,0,0,0,0,0,1.9,1.9
 Keaontay IngramF • 10 - 38 vs. SF,ARI,RB,11,SF,5,19,3.8,0,0,0,0,0,0,0,1.9,1.9
 D'Onta ForemanF • 24 - 10 @ LAR,CAR,RB,6,LAR,5,19,3.8,0,0,0,0,0,0,0,1.9,1.9
 Kevin HarrisF • 30 - 24 @ LV,NE,RB,15,LV,5,19,3.8,0,0,0,0,0,0,0,1.9,1.9
 Tony PollardF • 26 - 6 @ WAS,DAL,RB,18,WAS,7,19,2.7,0,1,0,0,0,0,0,1.9,1.9
 Malik DavisF • 26 - 6 @ WAS,DAL,RB,18,WAS,5,19,3.8,0,0,0,0,0,0,0,1.9,1.9
 Ty JohnsonF • 9 - 16 @ DEN,NYJ,RB,7,DEN,1,3,3,0,1,1,6,0,0,0,1.9,1.9
 Jaylen WarrenF • 30 - 37 vs. CIN,PIT,RB,11,CIN,0,0,0,0,1,1,9,0,0,0,1.9,1.9
 Michael BurtonF/OT • 20 - 17 vs. TEN,KC,FB,9,TEN,1,0,0,0,1,1,9,0,0,0,1.9,1.9
 Isiah PachecoF/OT • 20 - 17 vs. TEN,KC,RB,9,TEN,5,5,1,0,1,1,4,0,0,0,1.9,1.9
 Marlon MackF • 10 - 9 @ BAL,DEN,RB,13,BAL,2,3,1.5,0,1,1,6,0,0,0,1.9,1.9
 C.J. HamF • 34 - 23 @ DET,MIN,FB,14,DET,0,0,0,0,1,1,9,0,0,0,1.9,1.9
 Nyheim HinesF/OT • 30 - 33 vs. MIN,BUF,RB,10,MIN,0,0,0,0,1,1,9,0,0,0,1.9,1.9
 Chase EdmondsF • 17 - 10 @ TEN,DEN,RB,10,TEN,2,9,4.5,0,2,1,0,0,0,0,1.9,1.9
 Alec IngoldF • 32 - 29 @ BUF,MIA,FB,15,BUF,1,2,2,0,2,1,7,0,0,0,1.9,1.9
 Dwayne WashingtonF • 10 - 20 vs. TB,NO,RB,2,TB,4,18,4.5,0,0,0,0,0,0,0,1.8,1.8
 Matt BreidaF • 20 - 12 vs. CHI,NYG,RB,4,CHI,3,18,6,0,0,0,0,0,0,0,1.8,1.8
 Zack MossF • 54 - 19 @ DAL,IND,RB,13,DAL,3,18,6,0,0,0,0,0,0,0,1.8,1.8
 Jordan WilkinsF • 20 - 25 @ LV,IND,RB,10,LV,3,18,6,0,0,0,0,0,0,0,1.8,1.8
 James CookQ1 6:12 • 7 - 3 @ CIN,BUF,RB,17,CIN,2,18,9,0,0,0,0,0,0,0,1.8,1.8
 Michael BurtonF • 27 - 24 vs. LAC,KC,FB,2,LAC,1,6,6,0,1,1,2,0,0,0,1.8,1.8
 Tony PollardF • 25 - 10 vs. WAS,DAL,RB,4,WAS,8,6,0.8,0,3,1,2,0,0,0,1.8,1.8
 Corey ClementF • 24 - 25 vs. LAC,ARI,RB,12,LAC,0,0,0,0,1,1,8,0,0,0,1.8,1.8
 Alexander MattisonF • 3 - 40 vs. DAL,MIN,RB,11,DAL,2,0,0,0,1,1,8,0,0,0,1.8,1.8
 Nyheim HinesF/OT • 9 - 12 @ DEN,IND,RB,5,DEN,1,3,3,0,2,1,5,0,0,0,1.8,1.8
 Ameer AbdullahF • 27 - 20 @ JAX,LV,RB,9,JAX,0,0,0,0,3,1,8,0,0,0,1.8,1.8
 Dontrell HilliardF/OT • 20 - 17 @ KC,TEN,RB,9,KC,3,12,4,0,1,1,-4,0,0,0,1.8,1.8
 Trayveon WilliamsF • 23 - 10 vs. CLE,CIN,RB,14,CLE,1,2,2,0,1,1,6,0,0,0,1.8,1.8
 Avery WilliamsF • 28 - 14 vs. SF,ATL,RB,6,SF,2,6,3,0,1,1,2,0,0,0,1.8,1.8
 Dontrell HilliardF • 17 - 10 vs. DEN,TEN,RB,10,DEN,1,2,2,0,2,1,6,0,0,0,1.8,1.8
 Salvon AhmedF • 23 - 21 @ NE,MIA,RB,17,NE,0,0,0,0,1,1,8,0,0,0,1.8,1.8
 Zack MossF • 41 - 7 vs. TEN,BUF,RB,2,TEN,3,17,5.7,0,1,0,0,0,0,0,1.7,1.7
 Chase EdmondsF • 16 - 10 vs. PIT,MIA,RB,7,PIT,7,17,2.4,0,2,0,0,0,0,0,1.7,1.7
 Darrell Henderson Jr.F • 12 - 20 @ ARI,LAR,RB,3,ARI,4,17,4.2,0,1,0,0,0,0,0,1.7,1.7
 James RobinsonF • 17 - 22 vs. NE,NYJ,RB,8,NE,5,17,3.4,0,1,0,0,0,0,0,1.7,1.7
 D'Ernest JohnsonF • 32 - 13 vs. CIN,CLE,RB,8,CIN,4,17,4.2,0,0,0,0,0,0,0,1.7,1.7
 Ty JohnsonF • 20 - 17 vs. BUF,NYJ,RB,9,BUF,2,17,8.5,0,0,0,0,0,0,0,1.7,1.7
 Caleb HuntleyF • 16 - 19 vs. PIT,ATL,RB,13,PIT,4,17,4.2,0,0,0,0,0,0,0,1.7,1.7
 Alexander MattisonF • 27 - 24 vs. NYG,MIN,RB,16,NYG,4,17,4.2,0,0,0,0,0,0,0,1.7,1.7
 David JohnsonF • 27 - 20 vs. LAR,NO,RB,11,LAR,1,-4,-4,0,1,1,11,0,0,0,1.7,1.7
 Patrick RicardF • 9 - 24 @ NYJ,BAL,FB,1,NYJ,0,0,0,0,1,1,7,0,0,0,1.7,1.7
 Hassan HaskinsF/OT • 20 - 17 @ KC,TEN,RB,9,KC,1,5,5,0,1,1,2,0,0,0,1.7,1.7
 Mike DavisF • 13 - 27 @ NO,BAL,RB,9,NO,0,0,0,0,1,1,7,0,0,0,1.7,1.7
 Derek WattF • 16 - 19 @ ATL,PIT,FB,13,ATL,1,4,4,0,1,1,3,0,0,0,1.7,1.7
 Nyheim HinesF • 20 - 12 vs. NYJ,BUF,RB,14,NYJ,1,3,3,0,1,1,4,0,0,0,1.7,1.7
 Chuba HubbardF • 24 - 10 @ LAR,CAR,RB,6,LAR,2,6,3,0,1,1,1,0,0,0,1.7,1.7
 Troy HairstonF • 3 - 31 vs. JAX,HOU,FB,17,JAX,0,0,0,0,1,1,7,0,0,0,1.7,1.7
 Godwin IgwebuikeF • 23 - 6 vs. NYJ,SEA,RB,17,NYJ,3,4,1.3,0,1,1,3,0,0,0,1.7,1.7
 Reggie GilliamQ1 6:12 • 7 - 3 @ CIN,BUF,FB,17,CIN,0,0,0,0,1,1,7,0,0,0,1.7,1.7
 Royce FreemanF • 31 - 32 @ IND,HOU,RB,18,IND,7,15,2.1,0,1,1,2,0,1,1,1.7,1.7
 Justice HillF • 38 - 42 vs. MIA,BAL,RB,2,MIA,3,16,5.3,0,0,0,0,0,0,0,1.6,1.6
 Damien HarrisF • 33 - 26 @ MIN,NE,RB,12,MIN,5,16,3.2,0,0,0,0,0,0,0,1.6,1.6
 Boston ScottF • 26 - 17 vs. DAL,PHI,RB,6,DAL,6,16,2.7,0,0,0,0,0,0,0,1.6,1.6
 Gus EdwardsF • 27 - 16 @ CIN,BAL,RB,18,CIN,4,16,4,0,0,0,0,0,0,0,1.6,1.6
 Avery WilliamsF • 31 - 27 @ LAR,ATL,RB,2,LAR,0,0,0,0,1,1,6,0,0,0,1.6,1.6
 Justice HillF • 23 - 20 vs. CLE,BAL,RB,7,CLE,5,26,5.2,0,0,0,0,0,1,1,1.6,1.6
 Caleb HuntleyF • 27 - 24 vs. CHI,ATL,RB,11,CHI,1,4,4,0,1,1,2,0,0,0,1.6,1.6
 Kene NwangwuF • 3 - 40 vs. DAL,MIN,RB,11,DAL,4,1,0.2,0,1,1,5,0,0,0,1.6,1.6
 C.J. HamF • 23 - 7 vs. GB,MIN,FB,1,GB,0,0,0,0,1,1,6,0,0,0,1.6,1.6
 Patrick RicardF • 13 - 27 @ NO,BAL,FB,9,NO,1,2,2,0,1,1,4,0,0,0,1.6,1.6
 Adam PrenticeF • 10 - 20 @ PHI,NO,FB,17,PHI,1,2,2,0,1,1,4,0,0,0,1.6,1.6
 Rashaad PennyF • 27 - 7 @ SF,SEA,RB,2,SF,6,15,2.5,0,0,0,0,0,0,0,1.5,1.5
 AJ DillonF • 23 - 21 @ WAS,GB,RB,7,WAS,4,15,3.8,0,0,0,0,0,0,0,1.5,1.5
 Joshua KelleyF • 24 - 34 @ HOU,LAC,RB,4,HOU,4,15,3.8,0,2,0,0,0,0,0,1.5,1.5
 Ke'Shawn VaughnF/OT • 23 - 17 @ CLE,TB,RB,12,CLE,4,15,3.8,0,0,0,0,0,0,0,1.5,1.5
 J.K. DobbinsF • 24 - 20 @ NYG,BAL,RB,6,NYG,7,15,2.1,0,0,0,0,0,0,0,1.5,1.5
 Patrick TaylorF • 24 - 12 vs. LAR,GB,RB,15,LAR,4,15,3.8,0,0,0,0,0,0,0,1.5,1.5
 Rachaad WhiteF • 30 - 17 @ ATL,TB,RB,18,ATL,4,15,3.8,0,0,0,0,0,0,0,1.5,1.5
 Hassan HaskinsF • 19 - 10 vs. IND,TEN,RB,7,IND,0,0,0,0,1,1,5,0,0,0,1.5,1.5
 Rex BurkheadF • 30 - 15 @ MIA,HOU,RB,12,MIA,0,0,0,0,2,1,5,0,0,0,1.5,1.5
 Isaiah SpillerF • 24 - 25 @ ARI,LAC,RB,12,ARI,2,3,1.5,0,1,1,2,0,0,0,1.5,1.5
 Derek WattF • 17 - 24 @ IND,PIT,FB,12,IND,1,4,4,0,1,1,1,0,0,0,1.5,1.5
 Dare OgunbowaleF • 10 - 23 vs. WAS,HOU,RB,11,WAS,0,0,0,0,1,1,5,0,0,0,1.5,1.5
 Troy HairstonF/OT • 20 - 20 vs. IND,HOU,FB,1,IND,0,0,0,0,1,1,5,0,0,0,1.5,1.5
 Jakob JohnsonF • 30 - 29 @ KC,LV,FB,5,KC,0,0,0,0,1,1,5,0,0,0,1.5,1.5
 Jeff Wilson Jr.F • 28 - 14 @ ATL,SF,RB,6,ATL,7,25,3.6,0,1,0,0,0,1,1,1.5,1.5
 Demetric Felton Jr.F • 13 - 3 vs. BAL,CLE,RB,15,BAL,0,0,0,0,1,1,5,0,0,0,1.5,1.5
 C.J. HamF • 27 - 24 vs. NYG,MIN,FB,16,NYG,0,0,0,0,1,1,5,0,0,0,1.5,1.5
 Jason CabindaF • 41 - 10 vs. CHI,DET,FB,17,CHI,0,0,0,0,1,1,5,0,0,0,1.5,1.5
 Ty'Son WilliamsF • 38 - 13 @ SF,ARI,RB,18,SF,0,0,0,0,1,1,5,0,0,0,1.5,1.5
 Larry Rountree IIIF • 31 - 28 @ DEN,LAC,RB,18,DEN,3,4,1.3,0,1,1,1,0,0,0,1.5,1.5
 Gary BrightwellF • 19 - 16 vs. CAR,NYG,RB,2,CAR,1,14,14,0,0,0,0,0,0,0,1.4,1.4
 Chase EdmondsF • 27 - 31 @ DET,MIA,RB,8,DET,4,14,3.5,0,0,0,0,0,0,0,1.4,1.4
 Jordan MasonF • 10 - 38 @ ARI,SF,RB,11,ARI,4,14,3.5,0,0,0,0,0,0,0,1.4,1.4
 Justin JacksonF • 29 - 0 @ NE,DET,RB,5,NE,3,14,4.7,0,1,0,0,0,0,0,1.4,1.4
 Chuba HubbardF • 25 - 15 vs. ATL,CAR,RB,10,ATL,5,14,2.8,0,0,0,0,0,0,0,1.4,1.4
 Dare OgunbowaleF/OT • 24 - 30 vs. KC,HOU,RB,15,KC,8,14,1.8,0,0,0,0,0,0,0,1.4,1.4
 Ty JohnsonF • 30 - 31 @ CLE,NYJ,RB,2,CLE,0,0,0,0,3,1,4,0,0,0,1.4,1.4
 Chris EvansF • 12 - 27 @ NYJ,CIN,RB,3,NYJ,0,0,0,0,1,1,4,0,0,0,1.4,1.4
 Brandon BoldenF/OT • 16 - 22 @ DEN,LV,RB,11,DEN,0,0,0,0,1,1,4,0,0,0,1.4,1.4
 Matt BreidaF/OT • 20 - 20 vs. WAS,NYG,RB,13,WAS,0,0,0,0,1,1,4,0,0,0,1.4,1.4
 Mike BooneF/OT • 19 - 16 @ LAC,DEN,RB,6,LAC,1,1,1,0,4,1,3,0,0,0,1.4,1.4
 Justice HillF • 17 - 9 vs. ATL,BAL,RB,16,ATL,0,0,0,0,1,1,4,0,0,0,1.4,1.4
 Leonard FournetteF • 30 - 17 @ ATL,TB,RB,18,ATL,0,0,0,0,1,1,4,0,0,0,1.4,1.4
