Rank,Name,Team,Position,Week,Opponent,UpcomingOpponentRank,UpcomingOpponentPositionRank,DraftKingsSalary,FantasyPointsDraftKings
1,Patrick Mahomes,KC,QB,16,ATL,26,32,8500,29.01
2,Patrick Mahomes,KC,QB,5,LV,22,12,7700,28.69
3,Russell Wilson,SEA,QB,4,MIA,14,29,7800,28.23
4,Russell Wilson,SEA,QB,5,MIN,28,16,7600,28.01
4,Patrick Mahomes,KC,QB,4,NE,10,14,null,28.01
6,Patrick Mahomes,KC,QB,13,DEN,15,16,8200,27.97
7,Patrick Mahomes,KC,QB,11,LV,20,22,7900,27.84
8,Dak Prescott,DAL,QB,5,NYG,11,6,7400,27.7
9,Dak Prescott,DAL,QB,4,CLE,22,22,7200,27.57
10,Patrick Mahomes,KC,QB,14,MIA,6,7,8100,27.54
11,Patrick Mahomes,KC,QB,6,BUF,23,28,7800,27.5
12,Patrick Mahomes,KC,QB,12,TB,9,8,8000,27.27
13,Patrick Mahomes,KC,QB,15,NO,3,4,7900,27.14
14,Deshaun Watson,HOU,QB,17,TEN,26,28,7700,26.88
15,Patrick Mahomes,KC,QB,1,HOU,27,29,7400,26.86
16,Aaron Rodgers,GB,QB,16,TEN,24,27,7800,26.4
17,Aaron Rodgers,GB,QB,14,DET,29,22,7500,26.22
18,Kyler Murray,ARI,QB,10,BUF,19,19,8000,25.5
19,Lamar Jackson,BAL,QB,3,KC,11,26,7800,25.49
20,Kyler Murray,ARI,QB,11,SEA,32,31,8500,25.48
21,Patrick Mahomes,KC,QB,8,NYJ,20,13,8100,25.47
22,Lamar Jackson,BAL,QB,4,WAS,12,19,8100,25.45
23,Lamar Jackson,BAL,QB,2,HOU,28,19,8200,25.4
24,Russell Wilson,SEA,QB,11,ARI,17,23,7400,25.17
25,Russell Wilson,SEA,QB,7,ARI,10,7,8000,25.16
26,Kyler Murray,ARI,QB,3,DET,30,24,6800,25.05
27,Russell Wilson,SEA,QB,8,SF,2,8,7800,24.88
28,Lamar Jackson,BAL,QB,5,CIN,16,8,7900,24.81
29,Josh Allen,BUF,QB,4,LV,20,5,7300,24.7
30,Lamar Jackson,BAL,QB,17,CIN,22,13,8000,24.55
31,Josh Allen,BUF,QB,10,ARI,17,16,7500,24.5
32,Josh Allen,BUF,QB,5,TEN,22,16,7900,24.46
33,Tom Brady,TB,QB,16,DET,31,29,6800,24.39
34,Kyler Murray,ARI,QB,7,SEA,29,31,7100,24.38
35,Lamar Jackson,BAL,QB,1,CLE,20,21,8100,24.36
36,Russell Wilson,SEA,QB,9,BUF,15,17,7600,24.34
37,Russell Wilson,SEA,QB,14,NYJ,30,30,7900,24.16
38,Russell Wilson,SEA,QB,13,NYG,10,5,7700,24.09
38,Russell Wilson,SEA,QB,10,LAR,1,2,7700,24.09
40,Kyler Murray,ARI,QB,16,SF,8,10,7500,24.01
41,Kyler Murray,ARI,QB,12,NE,12,10,8200,23.96
42,Kyler Murray,ARI,QB,4,CAR,13,3,7000,23.92
43,Tom Brady,TB,QB,17,ATL,24,32,7200,23.9
44,Kyler Murray,ARI,QB,6,DAL,31,20,7300,23.85
45,Russell Wilson,SEA,QB,3,DAL,27,20,7300,23.77
46,Kyler Murray,ARI,QB,9,MIA,9,9,7800,23.74
47,Deshaun Watson,HOU,QB,5,JAX,25,20,6900,23.6
48,Cam Newton,NE,QB,3,LV,23,9,6700,23.57
49,Matt Ryan,ATL,QB,7,DET,19,17,6700,23.55
50,Josh Allen,BUF,QB,6,KC,12,9,7900,23.48
51,Josh Allen,BUF,QB,9,SEA,31,31,7000,23.46
52,Tom Brady,TB,QB,15,ATL,26,32,6600,23.44
53,Deshaun Watson,HOU,QB,9,JAX,29,29,7100,23.4
54,Patrick Mahomes,KC,QB,9,CAR,12,8,8100,23.39
55,Lamar Jackson,BAL,QB,15,JAX,32,30,7500,23.36
56,Lamar Jackson,BAL,QB,6,PHI,21,12,7700,23.28
57,Justin Herbert,LAC,QB,9,LV,20,25,6800,23.26
58,Patrick Mahomes,KC,QB,7,DEN,13,24,7400,23.21
59,Matt Ryan,ATL,QB,2,DAL,12,3,6600,23.16
60,Josh Allen,BUF,QB,16,NE,4,3,7300,23.15
61,Josh Allen,BUF,QB,12,LAC,21,27,7600,23.12
62,Kyler Murray,ARI,QB,5,NYJ,19,7,7200,23.1
63,Deshaun Watson,HOU,QB,12,DET,26,17,7400,23.08
64,Lamar Jackson,BAL,QB,11,TEN,23,25,7300,23.06
65,Deshaun Watson,HOU,QB,7,GB,16,10,6800,23.04
66,Aaron Rodgers,GB,QB,15,CAR,20,20,7800,23
67,Deshaun Watson,HOU,QB,16,CIN,20,12,7600,22.95
68,Lamar Jackson,BAL,QB,16,NYG,11,4,8000,22.94
69,Matt Ryan,ATL,QB,4,GB,23,19,6000,22.8
70,Deshaun Watson,HOU,QB,4,MIN,30,12,6600,22.74
71,Josh Allen,BUF,QB,15,DEN,17,18,7200,22.64
72,Russell Wilson,SEA,QB,12,PHI,14,12,7300,22.63
72,Patrick Mahomes,KC,QB,3,BAL,2,3,7400,22.63
74,Kyler Murray,ARI,QB,15,PHI,17,13,7000,22.6
75,Lamar Jackson,BAL,QB,8,PIT,7,6,7400,22.59
76,Josh Allen,BUF,QB,7,NYJ,20,14,7700,22.58
77,Dak Prescott,DAL,QB,3,SEA,28,31,7200,22.54
78,Jalen Hurts,PHI,QB,16,DAL,28,21,7000,22.46
79,Justin Herbert,LAC,QB,11,NYJ,26,29,6800,22.44
80,Deshaun Watson,HOU,QB,6,TEN,17,14,7000,22.15
81,Dak Prescott,DAL,QB,2,ATL,31,32,6800,22.02
82,Russell Wilson,SEA,QB,15,WAS,4,9,7300,22.01
83,Patrick Mahomes,KC,QB,2,LAC,3,12,7700,21.97
84,Aaron Rodgers,GB,QB,17,CHI,13,10,7400,21.9
85,Aaron Rodgers,GB,QB,13,PHI,14,12,6800,21.78
85,Kyler Murray,ARI,QB,14,NYG,9,6,7200,21.78
87,Justin Herbert,LAC,QB,14,ATL,26,32,6800,21.71
88,Kyler Murray,ARI,QB,13,LAR,1,2,7600,21.69
89,Josh Allen,BUF,QB,3,LAR,5,7,6900,21.68
90,Justin Herbert,LAC,QB,12,BUF,20,28,7200,21.67
91,Aaron Rodgers,GB,QB,4,ATL,32,32,7100,21.61
92,Lamar Jackson,BAL,QB,10,NE,10,3,7100,21.56
93,Josh Allen,BUF,QB,2,MIA,7,27,6700,21.55
94,Joe Burrow,CIN,QB,4,JAX,23,27,6300,21.42
95,Justin Herbert,LAC,QB,13,NE,12,7,6900,21.37
96,Josh Allen,BUF,QB,14,PIT,2,2,7100,21.36
97,Ryan Tannehill,TEN,QB,17,HOU,30,23,7000,21.31
98,Deshaun Watson,HOU,QB,13,IND,4,3,7500,21.3
99,Justin Herbert,LAC,QB,16,DEN,22,24,7400,21.28
100,Deshaun Watson,HOU,QB,11,NE,10,5,6500,21.22
100,Justin Herbert,LAC,QB,10,MIA,11,14,6600,21.22
102,Lamar Jackson,BAL,QB,9,IND,2,1,6900,21.21
103,Aaron Rodgers,GB,QB,8,MIN,31,26,7600,21.19
104,Lamar Jackson,BAL,QB,14,CLE,21,26,7000,21.18
105,Cam Newton,NE,QB,6,DEN,15,26,6500,21.16
106,Josh Allen,BUF,QB,8,NE,12,4,7000,21.15
107,Aaron Rodgers,GB,QB,7,HOU,28,21,7000,21.14
107,Deshaun Watson,HOU,QB,14,CHI,13,9,7600,21.14
109,Deshaun Watson,HOU,QB,10,CLE,23,23,6900,21.05
110,Kirk Cousins,MIN,QB,17,DET,32,31,6300,21.01
111,Ryan Tannehill,TEN,QB,15,DET,30,25,6700,20.97
112,Jared Goff,LAR,QB,4,NYG,17,11,6700,20.87
113,Aaron Rodgers,GB,QB,12,CHI,6,4,6700,20.85
114,Aaron Rodgers,GB,QB,9,SF,6,11,6700,20.82
115,Ryan Tannehill,TEN,QB,8,CIN,23,18,6800,20.76
116,Dak Prescott,DAL,QB,1,LAR,14,11,6900,20.75
117,Kyler Murray,ARI,QB,2,WAS,8,7,6100,20.73
118,Ryan Tannehill,TEN,QB,6,HOU,20,15,5900,20.72
118,Deshaun Watson,HOU,QB,15,IND,6,6,6800,20.72
120,Justin Herbert,LAC,QB,17,KC,12,16,7100,20.7
121,Justin Herbert,LAC,QB,15,LV,27,21,6900,20.66
122,Aaron Rodgers,GB,QB,10,JAX,30,30,7900,20.64
122,Lamar Jackson,BAL,QB,13,DAL,31,22,6700,20.64
124,Justin Herbert,LAC,QB,8,DEN,11,22,6900,20.63
125,Aaron Rodgers,GB,QB,6,TB,4,4,7500,20.52
126,Josh Allen,BUF,QB,13,SF,8,9,7400,20.46
127,Tom Brady,TB,QB,9,NO,21,27,6900,20.37
128,Ryan Tannehill,TEN,QB,14,JAX,32,29,6700,20.36
128,Deshaun Watson,HOU,QB,1,KC,11,12,6900,20.36
130,Matthew Stafford,DET,QB,9,MIN,32,28,6600,20.34
131,Russell Wilson,SEA,QB,1,ATL,21,25,7000,20.33
131,Russell Wilson,SEA,QB,16,LAR,1,1,7300,20.33
133,Carson Wentz,PHI,QB,8,DAL,30,23,6200,20.32
134,Kyler Murray,ARI,QB,17,LAR,1,1,7500,20.3
135,Tom Brady,TB,QB,14,MIN,22,14,6900,20.25
136,Russell Wilson,SEA,QB,17,SF,5,7,7300,20.22
137,Matt Ryan,ATL,QB,5,CAR,10,4,6100,20.15
138,Aaron Rodgers,GB,QB,2,DET,26,26,6900,20.12
139,Jalen Hurts,PHI,QB,17,WAS,3,3,null,20.09
140,Drew Brees,NO,QB,10,SF,9,15,6400,20.04
140,Jared Goff,LAR,QB,10,SEA,32,32,6500,20.04
142,Cam Newton,NE,QB,7,SF,7,15,6300,20.03
143,Matthew Stafford,DET,QB,6,JAX,28,25,6300,20.01
144,Tom Brady,TB,QB,10,CAR,12,11,6300,19.97
144,Cam Newton,NE,QB,12,ARI,19,26,6400,19.97
146,Cam Newton,NE,QB,11,HOU,28,20,6200,19.9
147,Tom Brady,TB,QB,8,NYG,17,11,6700,19.87
148,Ben Roethlisberger,PIT,QB,11,JAX,30,30,6700,19.85
149,Teddy Bridgewater,CAR,QB,8,ATL,32,32,6400,19.84
149,Cam Newton,NE,QB,9,NYJ,26,24,5900,19.84
151,Ryan Tannehill,TEN,QB,13,CLE,19,21,6200,19.83
152,Ryan Fitzpatrick,MIA,QB,6,NYJ,23,17,5900,19.82
153,Tom Brady,TB,QB,6,GB,16,13,6500,19.8
154,Ryan Tannehill,TEN,QB,10,IND,2,1,6300,19.77
155,Ben Roethlisberger,PIT,QB,9,DAL,27,18,6500,19.75
155,Carson Wentz,PHI,QB,10,NYG,15,10,5900,19.75
157,Joe Burrow,CIN,QB,8,TEN,22,19,6200,19.73
158,Matthew Stafford,DET,QB,4,NO,27,28,5900,19.71
159,Justin Herbert,LAC,QB,7,JAX,27,18,6400,19.68
160,Tom Brady,TB,QB,7,LV,24,23,6600,19.67
161,Ryan Tannehill,TEN,QB,16,GB,14,7,6900,19.63
161,Russell Wilson,SEA,QB,2,NE,1,1,6500,19.63
161,Ben Roethlisberger,PIT,QB,10,CIN,24,17,6200,19.63
164,Gardner Minshew,JAX,QB,6,DET,27,23,6400,19.59
164,Kirk Cousins,MIN,QB,6,ATL,32,32,6100,19.59
166,Ryan Tannehill,TEN,QB,9,CHI,7,5,6300,19.58
167,Drew Brees,NO,QB,16,MIN,24,13,null,19.55
167,Cam Newton,NE,QB,13,LAC,20,26,5800,19.55
169,Aaron Rodgers,GB,QB,11,IND,2,1,7000,19.54
170,Ryan Tannehill,TEN,QB,7,PIT,4,5,6200,19.53
171,Jared Goff,LAR,QB,5,WAS,12,22,6500,19.49
172,Drew Brees,NO,QB,9,TB,4,2,6100,19.45
172,Teddy Bridgewater,CAR,QB,5,ATL,32,32,5900,19.45
172,Ryan Fitzpatrick,MIA,QB,4,SEA,31,31,5400,19.45
175,Jared Goff,LAR,QB,15,NYJ,31,31,6300,19.4
176,Joe Burrow,CIN,QB,7,CLE,22,16,5500,19.39
177,Matt Ryan,ATL,QB,1,SEA,19,15,6700,19.37
178,Gardner Minshew,JAX,QB,5,HOU,26,14,6200,19.35
179,Tom Brady,TB,QB,4,LAC,7,18,6100,19.33
180,Matt Ryan,ATL,QB,3,CHI,3,3,6600,19.32
181,Matthew Stafford,DET,QB,7,ATL,32,32,6500,19.31
182,Carson Wentz,PHI,QB,3,CIN,15,4,5800,19.28
183,Jalen Hurts,PHI,QB,15,ARI,14,12,5900,19.27
184,Joe Burrow,CIN,QB,11,WAS,9,11,5500,19.24
185,Matt Ryan,ATL,QB,9,DEN,13,23,6400,19.23
186,Gardner Minshew,JAX,QB,3,MIA,27,31,6400,19.19
187,Gardner Minshew,JAX,QB,7,LAC,21,30,5900,19.15
188,Daniel Jones,NYG,QB,12,CIN,24,19,5500,19.14
189,Kirk Cousins,MIN,QB,13,JAX,32,30,6400,19.13
190,Josh Allen,BUF,QB,1,NYJ,13,17,6500,19.06
190,Joe Burrow,CIN,QB,10,PIT,7,5,5700,19.06
192,Carson Wentz,PHI,QB,7,NYG,15,7,5700,19.04
192,Cam Newton,NE,QB,2,SEA,30,25,6400,19.04
194,Drew Brees,NO,QB,3,GB,20,16,6200,18.99
194,Derek Carr,LV,QB,12,ATL,30,32,5700,18.99
196,Drew Brees,NO,QB,1,TB,23,23,6800,18.97
196,Andy Dalton,DAL,QB,6,ARI,13,13,5800,18.97
198,Ben Roethlisberger,PIT,QB,6,CLE,25,24,6700,18.96
199,Derek Carr,LV,QB,13,NYJ,27,29,5800,18.95
199,Matt Ryan,ATL,QB,12,LV,23,25,5900,18.95
201,Ben Roethlisberger,PIT,QB,3,HOU,26,17,6400,18.93
202,Tom Brady,TB,QB,2,CAR,25,9,6500,18.92
202,Ryan Fitzpatrick,MIA,QB,12,NYJ,28,29,5500,18.92
202,Deshaun Watson,HOU,QB,3,PIT,7,10,6500,18.92
202,Daniel Jones,NYG,QB,5,DAL,31,29,5400,18.92
206,Philip Rivers,IND,QB,17,JAX,31,30,6000,18.91
207,Drew Brees,NO,QB,5,LAC,18,30,6200,18.9
207,Tom Brady,TB,QB,12,KC,7,11,6600,18.9
209,Drew Brees,NO,QB,4,DET,28,24,5800,18.89
210,Ben Roethlisberger,PIT,QB,7,TEN,25,25,6600,18.82
211,Derek Carr,LV,QB,15,LAC,19,23,5700,18.81
212,Jared Goff,LAR,QB,8,MIA,10,10,6500,18.77
213,Carson Wentz,PHI,QB,11,CLE,19,21,5700,18.76
214,Drew Brees,NO,QB,15,KC,11,15,5900,18.73
215,Jared Goff,LAR,QB,6,SF,7,16,6600,18.72
215,Tom Brady,TB,QB,11,LAR,1,2,6500,18.72
217,Aaron Rodgers,GB,QB,3,NO,21,23,6500,18.71
218,Teddy Bridgewater,CAR,QB,4,ARI,9,8,5600,18.7
219,Andy Dalton,DAL,QB,7,WAS,14,22,6000,18.69
219,Philip Rivers,IND,QB,15,HOU,29,22,5900,18.69
221,Drew Brees,NO,QB,7,CAR,11,4,6100,18.67
222,Joe Burrow,CIN,QB,5,BAL,8,24,6000,18.66
223,Matthew Stafford,DET,QB,14,GB,14,8,5700,18.65
224,Gardner Minshew,JAX,QB,4,CIN,11,7,5900,18.64
224,Deshaun Watson,HOU,QB,2,BAL,2,2,6400,18.64
226,Matthew Stafford,DET,QB,8,IND,1,1,6400,18.63
227,Daniel Jones,NYG,QB,10,PHI,13,13,5200,18.62
228,Ryan Tannehill,TEN,QB,3,MIN,31,21,5900,18.59
229,Ben Roethlisberger,PIT,QB,15,CIN,23,13,6500,18.58
230,Derek Carr,LV,QB,8,CLE,25,25,5500,18.55
231,Matt Ryan,ATL,QB,8,CAR,12,5,6300,18.54
232,Ben Roethlisberger,PIT,QB,12,BAL,5,14,6300,18.53
233,Matthew Stafford,DET,QB,3,ARI,6,8,6300,18.52
234,Teddy Bridgewater,CAR,QB,10,TB,8,6,6100,18.5
234,Justin Herbert,LAC,QB,5,NO,25,29,6000,18.5
236,Kirk Cousins,MIN,QB,4,HOU,26,15,5600,18.48
236,Matt Ryan,ATL,QB,11,NO,12,13,6300,18.48
236,Jared Goff,LAR,QB,14,NE,8,5,6200,18.48
239,Teddy Bridgewater,CAR,QB,12,MIN,25,18,6300,18.45
239,Jared Goff,LAR,QB,12,SF,8,16,6000,18.45
241,Teddy Bridgewater,CAR,QB,7,NO,26,29,5800,18.43
242,Ben Roethlisberger,PIT,QB,13,WAS,7,10,6500,18.42
243,Ryan Tannehill,TEN,QB,12,IND,3,3,5800,18.41
243,Ben Roethlisberger,PIT,QB,5,PHI,17,9,6600,18.41
243,Mitch Trubisky,CHI,QB,16,JAX,31,30,5700,18.41
246,Jimmy Garoppolo,SF,QB,8,SEA,32,32,5400,18.4
247,Ryan Fitzpatrick,MIA,QB,3,JAX,26,22,5300,18.34
248,Cam Newton,NE,QB,1,MIA,32,31,6100,18.33
249,Jared Goff,LAR,QB,16,SEA,23,28,5900,18.31
249,Kyler Murray,ARI,QB,1,SF,4,10,6400,18.31
249,Jared Goff,LAR,QB,13,ARI,16,17,5800,18.31
252,Joe Burrow,CIN,QB,3,PHI,22,14,6200,18.29
253,Ryan Tannehill,TEN,QB,5,BUF,18,24,5700,18.28
254,Daniel Jones,NYG,QB,6,WAS,18,27,5400,18.27
255,Jimmy Garoppolo,SF,QB,5,MIA,21,27,5500,18.25
255,Teddy Bridgewater,CAR,QB,6,CHI,5,2,6000,18.25
257,Matt Ryan,ATL,QB,14,LAC,19,27,5700,18.23
258,Tom Brady,TB,QB,1,NO,15,20,6500,18.18
259,Tom Brady,TB,QB,3,DEN,17,15,6100,18.09
259,Mitch Trubisky,CHI,QB,3,ATL,32,32,5700,18.09
261,Daniel Jones,NYG,QB,9,WAS,6,12,5400,18.08
262,Ben Roethlisberger,PIT,QB,14,BUF,20,26,6700,18.07
262,Cam Newton,NE,QB,8,BUF,16,17,5700,18.07
264,Carson Wentz,PHI,QB,1,WAS,28,24,6300,18.02
265,Philip Rivers,IND,QB,12,TEN,22,24,6100,18.01
265,Baker Mayfield,CLE,QB,7,CIN,18,11,5600,18.01
267,Tom Brady,TB,QB,5,CHI,4,2,6300,18
268,Kirk Cousins,MIN,QB,14,TB,12,16,6200,17.96
268,Philip Rivers,IND,QB,14,LV,24,23,5900,17.96
270,Philip Rivers,IND,QB,10,TEN,21,21,5900,17.95
271,Baker Mayfield,CLE,QB,16,NYJ,30,29,6100,17.94
272,Matthew Stafford,DET,QB,17,MIN,25,12,5600,17.93
273,Matt Ryan,ATL,QB,6,MIN,29,20,6600,17.89
274,Drew Lock,DEN,QB,10,LV,22,27,5500,17.87
274,Ben Roethlisberger,PIT,QB,1,NYG,29,30,6400,17.87
276,Matthew Stafford,DET,QB,16,TB,14,16,5600,17.86
276,Jared Goff,LAR,QB,1,DAL,9,13,5700,17.86
278,Andy Dalton,DAL,QB,16,PHI,17,17,5500,17.83
278,Teddy Bridgewater,CAR,QB,15,GB,15,8,5200,17.83
278,Jared Goff,LAR,QB,2,PHI,9,6,5800,17.83
281,Drew Brees,NO,QB,2,LV,23,18,6800,17.79
281,Kirk Cousins,MIN,QB,5,SEA,29,31,5900,17.79
281,Jared Goff,LAR,QB,7,CHI,4,1,5900,17.79
284,Cam Newton,NE,QB,14,LAR,1,2,5900,17.77
284,Cam Newton,NE,QB,10,BAL,3,12,5600,17.77
284,Jared Goff,LAR,QB,3,BUF,11,12,5600,17.77
284,Mitch Trubisky,CHI,QB,17,GB,11,4,5600,17.77
288,Justin Herbert,LAC,QB,3,CAR,19,2,5900,17.75
288,Ryan Fitzpatrick,MIA,QB,5,SF,2,11,5600,17.75
290,Drew Brees,NO,QB,17,CAR,17,18,5900,17.74
290,Tua Tagovailoa,MIA,QB,10,LAC,20,29,5600,17.74
292,Teddy Bridgewater,CAR,QB,16,WAS,3,5,5300,17.73
293,Jimmy Garoppolo,SF,QB,1,ARI,31,32,5800,17.72
294,Matt Ryan,ATL,QB,17,TB,10,14,5900,17.71
295,Philip Rivers,IND,QB,3,NYJ,25,22,6000,17.68
296,Baker Mayfield,CLE,QB,4,DAL,29,30,5800,17.66
297,Carson Wentz,PHI,QB,12,SEA,32,32,5600,17.65
298,Cam Newton,NE,QB,15,MIA,8,7,5500,17.63
299,Matthew Stafford,DET,QB,10,WAS,6,9,5800,17.62
299,Carson Wentz,PHI,QB,4,SF,2,5,5600,17.62
301,Matthew Stafford,DET,QB,12,HOU,28,22,5800,17.6
302,Derek Carr,LV,QB,9,LAC,19,30,5700,17.59
303,Derek Carr,LV,QB,17,DEN,19,22,5700,17.58
303,Philip Rivers,IND,QB,13,HOU,28,22,5900,17.58
305,Andy Dalton,DAL,QB,17,NYG,14,5,5600,17.57
306,Ben Roethlisberger,PIT,QB,8,BAL,6,21,6600,17.55
307,Andy Dalton,DAL,QB,14,CIN,23,17,5500,17.54
308,Jimmy Garoppolo,SF,QB,7,NE,9,6,5300,17.53
309,Derek Carr,LV,QB,10,DEN,18,24,5400,17.51
310,Drew Brees,NO,QB,8,CHI,5,2,6300,17.5
310,Teddy Bridgewater,CAR,QB,9,KC,3,6,6000,17.5
312,Matthew Stafford,DET,QB,11,CAR,22,16,6000,17.46
313,Joe Burrow,CIN,QB,6,IND,1,1,5400,17.44
314,Kirk Cousins,MIN,QB,11,DAL,29,24,6200,17.43
314,Baker Mayfield,CLE,QB,15,NYG,10,5,5600,17.43
316,Derek Carr,LV,QB,14,IND,5,4,6000,17.39
316,Jared Goff,LAR,QB,11,TB,5,5,5700,17.39
318,Derek Carr,LV,QB,11,KC,5,9,5300,17.38
318,Matthew Stafford,DET,QB,15,TEN,25,27,5800,17.38
320,Tyrod Taylor,LAC,QB,1,CIN,24,27,5600,17.37
321,Teddy Bridgewater,CAR,QB,1,LV,25,26,5900,17.36
322,Matt Ryan,ATL,QB,13,NO,5,4,5600,17.34
323,Jimmy Garoppolo,SF,QB,6,LAR,3,8,5400,17.31
324,Kirk Cousins,MIN,QB,12,CAR,17,13,6100,17.29
325,Teddy Bridgewater,CAR,QB,14,DEN,15,18,5800,17.28
325,Baker Mayfield,CLE,QB,12,JAX,31,30,5300,17.28
325,Matt Ryan,ATL,QB,16,KC,12,15,5800,17.28
328,Cam Newton,NE,QB,16,BUF,16,19,5400,17.26
328,Nick Mullens,SF,QB,4,PHI,19,17,5200,17.26
330,Carson Wentz,PHI,QB,2,LAR,13,14,6000,17.25
331,Drew Lock,DEN,QB,9,ATL,28,32,5200,17.23
331,Kirk Cousins,MIN,QB,15,CHI,12,11,6100,17.23
333,Derek Carr,LV,QB,5,KC,3,5,5300,17.22
334,Baker Mayfield,CLE,QB,8,LV,26,29,6100,17.21
334,Carson Wentz,PHI,QB,13,GB,17,8,5400,17.21
336,Philip Rivers,IND,QB,11,GB,13,6,5600,17.2
337,Baker Mayfield,CLE,QB,3,WAS,13,28,5700,17.17
338,Tua Tagovailoa,MIA,QB,16,LV,27,23,5400,17.16
338,Matthew Stafford,DET,QB,2,GB,27,23,6200,17.16
338,Mitch Trubisky,CHI,QB,13,DET,29,25,5400,17.16
341,Ryan Tannehill,TEN,QB,2,JAX,20,10,5900,17.15
341,Mitch Trubisky,CHI,QB,15,MIN,22,14,5500,17.15
343,Drew Lock,DEN,QB,17,LV,27,25,5000,17.13
344,Derek Carr,LV,QB,4,BUF,21,23,5300,17.12
345,Daniel Jones,NYG,QB,7,PHI,20,19,5300,17.1
346,Philip Rivers,IND,QB,8,DET,21,16,5900,17.08
347,Baker Mayfield,CLE,QB,2,CIN,6,2,5600,17.07
348,Mitch Trubisky,CHI,QB,2,NYG,22,24,5500,17.06
349,Kirk Cousins,MIN,QB,8,GB,17,14,6000,17.05
349,Baker Mayfield,CLE,QB,17,PIT,2,2,5500,17.05
351,Ben Roethlisberger,PIT,QB,2,DEN,14,17,6300,17.04
352,Derek Carr,LV,QB,1,CAR,26,16,5900,17.03
353,Aaron Rodgers,GB,QB,1,MIN,10,8,6300,17.02
354,Matt Ryan,ATL,QB,15,TB,13,17,5400,17.01
355,Nick Foles,CHI,QB,10,MIN,31,28,5600,16.99
356,Ryan Tannehill,TEN,QB,11,BAL,3,10,6100,16.98
356,Mitch Trubisky,CHI,QB,14,HOU,27,21,5600,16.98
358,Cam Newton,NE,QB,17,NYJ,29,29,5500,16.96
359,Gardner Minshew,JAX,QB,1,IND,18,22,5800,16.95
359,Baker Mayfield,CLE,QB,13,TEN,22,28,5300,16.95
361,Kirk Cousins,MIN,QB,9,DET,23,20,6200,16.93
362,Baker Mayfield,CLE,QB,5,IND,1,1,5700,16.9
362,Jalen Hurts,PHI,QB,14,NO,3,3,5100,16.9
364,Derek Carr,LV,QB,7,TB,2,3,5400,16.88
364,Matthew Stafford,DET,QB,1,CHI,6,6,6200,16.88
364,Philip Rivers,IND,QB,5,CLE,30,30,5800,16.88
367,Baker Mayfield,CLE,QB,10,HOU,31,28,6000,16.87
367,Daniel Jones,NYG,QB,3,SF,4,18,5500,16.87
369,Philip Rivers,IND,QB,6,CIN,14,6,5900,16.84
370,Teddy Bridgewater,CAR,QB,17,NO,7,9,5300,16.81
370,Andy Dalton,DAL,QB,12,WAS,6,11,5600,16.81
372,Kirk Cousins,MIN,QB,16,NO,6,6,null,16.73
373,Nick Foles,CHI,QB,6,CAR,7,3,5800,16.69
374,Ben Roethlisberger,PIT,QB,16,IND,8,6,6400,16.68
375,Nick Foles,CHI,QB,4,IND,1,1,5700,16.67
376,Tua Tagovailoa,MIA,QB,11,DEN,16,18,5800,16.65
377,Nick Mullens,SF,QB,9,GB,18,10,5100,16.64
378,Daniel Jones,NYG,QB,8,TB,3,2,5200,16.63
379,Nick Foles,CHI,QB,8,NO,24,28,5800,16.62
380,Kirk Cousins,MIN,QB,3,TEN,18,13,5500,16.57
381,Teddy Bridgewater,CAR,QB,3,LAC,9,26,5200,16.54
382,Alex Smith,WAS,QB,11,CIN,25,26,5300,16.51
382,Joe Burrow,CIN,QB,2,CLE,29,29,5900,16.51
384,Andy Dalton,DAL,QB,11,MIN,24,17,5300,16.49
385,Philip Rivers,IND,QB,1,JAX,22,19,6000,16.48
386,Carson Wentz,PHI,QB,5,PIT,6,10,5600,16.45
387,Kirk Cousins,MIN,QB,2,IND,16,21,5900,16.44
388,Daniel Jones,NYG,QB,4,LAR,15,21,5100,16.43
389,Kirk Cousins,MIN,QB,1,GB,12,5,5700,16.39
390,Carson Wentz,PHI,QB,6,BAL,3,10,5600,16.35
390,Gardner Minshew,JAX,QB,2,TEN,5,8,5800,16.35
392,Gardner Minshew,JAX,QB,15,BAL,9,18,5300,16.34
393,Philip Rivers,IND,QB,9,BAL,5,19,5600,16.32
393,Daniel Jones,NYG,QB,14,ARI,17,20,5500,16.32
395,Philip Rivers,IND,QB,2,MIN,32,31,5900,16.27
396,Nick Mullens,SF,QB,14,WAS,7,11,5100,16.26
397,Nick Mullens,SF,QB,15,DAL,28,21,5100,16.22
398,Philip Rivers,IND,QB,4,CHI,6,2,5500,16.21
398,Philip Rivers,IND,QB,16,PIT,2,2,5600,16.21
400,Ryan Tannehill,TEN,QB,1,DEN,8,9,5900,16.16
401,Tua Tagovailoa,MIA,QB,15,NE,5,3,5700,16.14
401,Nick Foles,CHI,QB,7,LAR,5,11,5700,16.14
403,Drew Lock,DEN,QB,16,LAC,18,26,5000,16.12
404,Derek Carr,LV,QB,3,NE,12,19,5400,16.1
405,Baker Mayfield,CLE,QB,11,PHI,15,14,5400,16.07
406,Nick Mullens,SF,QB,3,NYG,10,11,5100,16.05
407,Kirk Cousins,MIN,QB,10,CHI,5,3,6100,16.04
408,Andy Dalton,DAL,QB,15,SF,7,10,5400,16.01
408,Drew Lock,DEN,QB,15,BUF,18,23,5000,16.01
410,Daniel Jones,NYG,QB,1,PIT,5,4,6100,16
411,Sam Darnold,NYJ,QB,7,BUF,23,28,5000,15.99
412,Nick Foles,CHI,QB,5,TB,5,4,6000,15.98
412,Joe Burrow,CIN,QB,1,LAC,7,7,5800,15.98
414,Tua Tagovailoa,MIA,QB,8,LAR,3,7,5600,15.96
415,Matthew Stafford,DET,QB,13,CHI,9,6,5700,15.95
415,Teddy Bridgewater,CAR,QB,2,TB,15,15,5800,15.95
415,Daniel Jones,NYG,QB,2,CHI,21,11,5800,15.95
418,Nick Mullens,SF,QB,10,NO,16,18,5300,15.94
419,Derek Carr,LV,QB,2,NO,8,21,5700,15.91
420,Nick Foles,CHI,QB,9,TEN,25,21,5500,15.88
421,Kyle Allen,WAS,QB,9,NYG,18,11,5300,15.86
422,Kyle Allen,WAS,QB,7,DAL,31,26,5200,15.84
423,Tua Tagovailoa,MIA,QB,13,CIN,23,18,5900,15.82
424,Tua Tagovailoa,MIA,QB,14,KC,10,10,5400,15.76
425,Drew Lock,DEN,QB,1,TEN,17,18,5600,15.74
426,Daniel Jones,NYG,QB,17,DAL,28,20,5100,15.71
427,C.J. Beathard,SF,QB,16,ARI,15,18,5000,15.64
428,Drew Lock,DEN,QB,11,MIA,11,15,5400,15.63
429,Andy Dalton,DAL,QB,13,BAL,3,12,5400,15.62
430,Drew Lock,DEN,QB,14,CAR,18,19,5100,15.61
431,Mike Glennon,JAX,QB,14,TEN,25,28,5100,15.57
432,Tua Tagovailoa,MIA,QB,17,BUF,15,17,5100,15.56
433,Baker Mayfield,CLE,QB,14,BAL,3,13,5700,15.54
434,Josh Allen,BUF,QB,17,MIA,6,6,7600,15.52
435,Sam Darnold,NYJ,QB,13,LV,24,24,5000,15.48
436,Jimmy Garoppolo,SF,QB,2,NYJ,23,30,5700,15.46
436,Baker Mayfield,CLE,QB,6,PIT,8,9,5700,15.46
436,Mitch Trubisky,CHI,QB,1,DET,30,28,5400,15.46
439,Dwayne Haskins,WAS,QB,3,CLE,29,30,5200,15.45
440,Tyrod Taylor,LAC,QB,2,KC,11,21,5300,15.42
440,Drew Lock,DEN,QB,6,NE,9,16,5400,15.42
442,Sam Darnold,NYJ,QB,4,DEN,17,23,5300,15.39
443,Chad Henne,KC,QB,17,LAC,18,24,5100,15.36
444,Kyle Allen,WAS,QB,6,NYG,12,5,5100,15.35
445,Sam Darnold,NYJ,QB,12,MIA,11,14,5100,15.34
446,Mitch Trubisky,CHI,QB,12,GB,16,5,5100,15.33
447,Baker Mayfield,CLE,QB,1,BAL,3,2,5700,15.26
448,Alex Smith,WAS,QB,10,DET,25,20,5200,15.24
448,Sam Darnold,NYJ,QB,17,NE,9,8,4900,15.24
450,Jake Luton,JAX,QB,9,HOU,30,26,4900,15.22
450,John Wolford,LAR,QB,17,ARI,16,19,4900,15.22
452,Sam Darnold,NYJ,QB,16,CLE,21,25,5000,15.18
452,C.J. Beathard,SF,QB,17,SEA,21,27,5200,15.18
454,Jeff Driskel,DEN,QB,3,TB,8,6,5300,15.15
455,Alex Smith,WAS,QB,17,PHI,23,21,null,15.12
455,Drew Lock,DEN,QB,7,KC,8,9,5100,15.12
457,Drew Lock,DEN,QB,8,LAC,19,30,5300,15.11
458,Alex Smith,WAS,QB,12,DAL,29,27,5400,14.93
459,Joe Flacco,NYJ,QB,5,ARI,13,19,4800,14.92
460,Kyle Allen,WAS,QB,5,LAR,7,13,4100,14.86
461,Justin Herbert,LAC,QB,4,TB,3,4,5800,14.84
462,Tua Tagovailoa,MIA,QB,9,ARI,14,14,5500,14.74
463,Ryan Fitzpatrick,MIA,QB,1,NE,1,1,5300,14.69
464,Sam Darnold,NYJ,QB,14,SEA,28,31,5100,14.63
465,Dwayne Haskins,WAS,QB,15,SEA,24,29,5000,14.6
466,Dwayne Haskins,WAS,QB,2,ARI,19,16,5100,14.53
466,Nick Mullens,SF,QB,12,LAR,1,2,5200,14.53
468,Ben DiNucci,DAL,QB,8,PHI,18,20,4800,14.45
469,Dwayne Haskins,WAS,QB,4,BAL,8,26,5000,14.43
470,Nick Mullens,SF,QB,13,BUF,20,26,5500,14.41
471,Jake Luton,JAX,QB,10,GB,14,8,5400,14.4
472,Joe Flacco,NYJ,QB,11,LAC,21,28,5000,14.34
473,Alex Smith,WAS,QB,14,SF,11,15,5200,14.33
474,Ryan Fitzpatrick,MIA,QB,2,BUF,4,4,5200,14.3
475,Brett Rypien,DEN,QB,4,NYJ,16,13,5500,14.19
475,Daniel Jones,NYG,QB,16,BAL,7,16,5000,14.19
477,Mike Glennon,JAX,QB,16,CHI,13,11,4800,14.17
478,Drew Lock,DEN,QB,13,KC,11,13,5000,14.13
479,Joe Flacco,NYJ,QB,6,MIA,13,18,5100,14.07
480,Mike Glennon,JAX,QB,13,MIN,25,18,4800,14.05
480,Mike Glennon,JAX,QB,17,IND,8,11,4900,14.05
482,Mason Rudolph,PIT,QB,17,CLE,20,26,4300,13.73
483,Robert Griffin III,BAL,QB,12,PIT,2,1,5100,13.64
484,Drew Lock,DEN,QB,2,PIT,6,13,5400,13.56
485,Brandon Allen,CIN,QB,12,NYG,14,6,4800,13.4
486,Sam Darnold,NYJ,QB,3,IND,1,1,5000,13.39
487,Dwayne Haskins,WAS,QB,1,PHI,16,14,5000,13.36
488,Sam Darnold,NYJ,QB,8,KC,9,9,4800,13.34
489,Brandon Allen,CIN,QB,14,DAL,31,24,4900,13.27
490,Sam Darnold,NYJ,QB,1,BUF,2,3,5500,13.13
491,Colt McCoy,NYG,QB,13,SEA,31,32,4800,13.08
492,Sam Darnold,NYJ,QB,2,SF,18,29,5100,13
493,Joe Flacco,NYJ,QB,9,NE,10,2,4500,12.76
494,Mike Glennon,JAX,QB,12,CLE,18,20,4600,12.73
495,Derek Carr,LV,QB,16,MIA,4,4,5100,12.71
495,Brandon Allen,CIN,QB,17,BAL,4,15,5000,12.71
497,Colt McCoy,NYG,QB,15,CLE,23,28,4500,12.61
498,Brandon Allen,CIN,QB,16,HOU,29,22,4800,12.6
498,Jake Luton,JAX,QB,11,PIT,4,4,5000,12.6
500,Garrett Gilbert,DAL,QB,9,PIT,8,7,4800,12.52
501,Sam Darnold,NYJ,QB,15,LAR,1,1,4800,12.48
502,Alex Smith,WAS,QB,13,PIT,2,1,5100,12.08
503,Brandon Allen,CIN,QB,13,MIA,8,9,4800,12.03
504,Brian Hoyer,NE,QB,4,KC,3,18,null,11.92
505,Dwayne Haskins,WAS,QB,16,CAR,19,20,5200,11.77
506,PJ Walker,CAR,QB,11,DET,27,19,4800,11.22
507,Ryan Finley,CIN,QB,15,PIT,2,2,4100,10.33
508,Matt Barkley,BUF,QB,17,MIA,6,6,4800,5.69
509,Ryan Fitzpatrick,MIA,QB,13,CIN,23,18,6000,4.98
510,Jalen Hurts,PHI,QB,12,SEA,32,32,5000,3.68
511,Colt McCoy,NYG,QB,12,CIN,24,19,4100,3.02
512,Trace McSorley,BAL,QB,13,DAL,31,22,4100,2.92
513,Chase Daniel,DET,QB,17,MIN,25,12,4900,2.91
514,Jalen Hurts,PHI,QB,7,NYG,15,7,5200,2.78
515,Jalen Hurts,PHI,QB,13,GB,17,8,5300,2.29
516,Jameis Winston,NO,QB,13,ATL,26,31,5700,2.27
517,Nick Foles,CHI,QB,13,DET,29,25,5400,2.13
518,Jacoby Brissett,IND,QB,13,HOU,28,22,4400,2.1
519,Mike Glennon,JAX,QB,15,BAL,9,18,5000,1.99
520,Jalen Hurts,PHI,QB,8,DAL,30,23,4600,1.96
521,Marcus Mariota,LV,QB,16,MIA,4,4,5000,1.92
522,Jameis Winston,NO,QB,11,ATL,31,32,5900,1.89
523,PJ Walker,CAR,QB,12,MIN,25,18,5400,1.76
524,Jalen Hurts,PHI,QB,10,NYG,15,10,4200,1.74
524,Jalen Hurts,PHI,QB,11,CLE,19,21,4100,1.74
526,Jalen Hurts,PHI,QB,2,LAR,13,14,4900,1.62
527,Ryan Finley,CIN,QB,16,HOU,29,22,4800,1.56
528,Jalen Hurts,PHI,QB,3,CIN,15,4,4200,1.55
529,Garrett Gilbert,DAL,QB,11,MIN,24,17,5200,1.46
529,Jameis Winston,NO,QB,12,DEN,15,17,5400,1.46
531,Chase Daniel,DET,QB,15,TEN,25,27,5000,1.44
532,Colt McCoy,NYG,QB,14,ARI,17,20,5000,1.42
533,Nick Foles,CHI,QB,1,DET,30,28,5400,1.38
534,Jarrett Stidham,NE,QB,16,BUF,16,19,5300,1.36
535,Colt McCoy,NYG,QB,16,BAL,7,16,5000,1.33
536,Gardner Minshew,JAX,QB,16,CHI,13,11,5200,1.24
537,Ryan Fitzpatrick,MIA,QB,14,KC,10,10,5200,1.17
538,Easton Stick,LAC,QB,1,CIN,24,27,4000,1.14
538,Jimmy Garoppolo,SF,QB,12,LAR,1,2,5200,1.14
540,Gardner Minshew,JAX,QB,17,IND,8,11,5000,1.1
541,Jacoby Brissett,IND,QB,14,LV,24,23,4100,1.07
542,Dwayne Haskins,WAS,QB,13,PIT,2,1,4400,1.05
542,Jake Luton,JAX,QB,12,CLE,18,20,5200,1.05
544,Gardner Minshew,JAX,QB,14,TEN,25,28,5600,1.04
544,Gardner Minshew,JAX,QB,13,MIN,25,18,5600,1.04
546,Blaine Gabbert,TB,QB,17,ATL,24,32,5100,1.03
547,Ryan Fitzpatrick,MIA,QB,16,LV,27,23,5000,1.01
547,Ryan Fitzpatrick,MIA,QB,15,NE,5,3,5000,1.01
549,John Wolford,LAR,QB,1,DAL,9,13,4000,1
550,Jarrett Stidham,NE,QB,17,NYJ,29,29,5400,0.98
551,Dwayne Haskins,WAS,QB,11,CIN,25,26,4900,0.96
552,Carson Wentz,PHI,QB,15,ARI,14,12,5200,0.94
553,Tyrod Taylor,LAC,QB,13,NE,12,7,4800,0.93
554,Nick Foles,CHI,QB,16,JAX,31,30,5100,0.92
554,Ryan Fitzpatrick,MIA,QB,11,DEN,16,18,5000,0.92
554,Jameis Winston,NO,QB,2,LV,23,18,5300,0.92
557,Taylor Heinicke,WAS,QB,17,PHI,23,21,null,0.91
557,David Blough,DET,QB,3,ARI,6,8,null,0.91
559,Marcus Mariota,LV,QB,13,NYJ,27,29,4300,0.89
559,Dwayne Haskins,WAS,QB,12,DAL,29,27,4700,0.89
559,David Blough,DET,QB,4,NO,27,28,null,0.89
559,Kyle Allen,WAS,QB,2,ARI,19,16,4600,0.89
559,Carson Wentz,PHI,QB,16,DAL,28,21,5400,0.89
564,Dwayne Haskins,WAS,QB,14,SF,11,15,4800,0.88
564,Jacoby Brissett,IND,QB,17,JAX,31,30,4100,0.88
564,Carson Wentz,PHI,QB,14,NO,3,3,5100,0.88
567,Chad Henne,KC,QB,16,ATL,26,32,4400,0.87
567,Jacoby Brissett,IND,QB,16,PIT,2,2,4100,0.87
567,Chase Daniel,DET,QB,13,CHI,9,6,4600,0.87
567,Marcus Mariota,LV,QB,17,DEN,19,22,5200,0.87
567,Mason Rudolph,PIT,QB,2,DEN,14,17,4900,0.87
567,Nick Foles,CHI,QB,14,HOU,27,21,5300,0.87
573,Andy Dalton,DAL,QB,2,ATL,31,32,5000,0.86
573,Jacoby Brissett,IND,QB,15,HOU,29,22,4100,0.86
575,Case Keenum,CLE,QB,13,TEN,22,28,4700,0.85
576,Matt Barkley,BUF,QB,13,SF,8,9,4100,0.84
577,Jameis Winston,NO,QB,1,TB,23,23,5500,0.83
577,David Blough,DET,QB,2,GB,27,23,null,0.83
579,Mason Rudolph,PIT,QB,13,WAS,7,10,4100,0.82
579,David Blough,DET,QB,1,CHI,6,6,4800,0.82
581,Jarrett Stidham,NE,QB,9,NYJ,26,24,5200,0.81
581,Nick Foles,CHI,QB,2,NYG,22,24,5000,0.81
583,Mason Rudolph,PIT,QB,11,JAX,30,30,4200,0.8
584,Chad Henne,KC,QB,13,DEN,15,16,4100,0.79
584,Andy Dalton,DAL,QB,1,LAR,14,11,5400,0.79
584,Chase Daniel,DET,QB,16,TB,14,16,4900,0.79
584,Jarrett Stidham,NE,QB,13,LAC,20,26,4700,0.79
588,John Wolford,LAR,QB,13,ARI,16,17,4200,0.76
588,Mason Rudolph,PIT,QB,1,NYG,29,30,5200,0.76
588,Nick Foles,CHI,QB,15,MIN,22,14,5100,0.76
591,Chad Henne,KC,QB,11,LV,20,22,4200,0.75
591,Kyle Allen,WAS,QB,1,PHI,16,14,4600,0.75
593,Jeff Driskel,DEN,QB,14,CAR,18,19,4600,0.74
593,Jameis Winston,NO,QB,14,PHI,16,13,5200,0.74
595,Tyrod Taylor,LAC,QB,14,ATL,26,32,5200,0.73
595,Jarrett Stidham,NE,QB,11,HOU,28,20,4800,0.73
597,Logan Woodside,TEN,QB,13,CLE,19,21,4100,0.72
597,Chase Daniel,DET,QB,12,HOU,28,22,4900,0.72
597,Nathan Peterman,LV,QB,1,CAR,26,16,4000,0.72
597,Matt Schaub,ATL,QB,13,NO,5,4,4100,0.72
597,Josh Rosen,SF,QB,16,ARI,15,18,null,0.72
602,Tim Boyle,GB,QB,13,PHI,14,12,4200,0.71
602,Mason Rudolph,PIT,QB,3,HOU,26,17,4900,0.71
602,Tyrod Taylor,LAC,QB,15,LV,27,21,5400,0.71
602,PJ Walker,CAR,QB,14,DEN,15,18,5100,0.71
602,Trace McSorley,BAL,QB,14,CLE,21,26,4100,0.71
602,Joe Flacco,NYJ,QB,13,LV,24,24,4900,0.71
608,Chase Daniel,DET,QB,14,GB,14,8,4700,0.7
608,Marcus Mariota,LV,QB,14,IND,5,4,4100,0.7
608,Tyrod Taylor,LAC,QB,11,NYJ,26,29,5200,0.7
608,Nick Mullens,SF,QB,2,NYJ,23,30,4100,0.7
612,Matt Schaub,ATL,QB,12,LV,23,25,4700,0.69
612,Nick Mullens,SF,QB,1,ARI,31,32,4000,0.69
612,Chase Daniel,DET,QB,11,CAR,22,16,4900,0.69
612,Logan Woodside,TEN,QB,2,JAX,20,10,4100,0.69
612,Nick Foles,CHI,QB,17,GB,11,4,4100,0.69
617,Tyrod Taylor,LAC,QB,16,DEN,22,24,5300,0.68
617,AJ McCarron,HOU,QB,16,CIN,20,12,4200,0.68
617,Geno Smith,SEA,QB,13,NYG,10,5,4200,0.68
617,Marcus Mariota,LV,QB,15,LAC,19,23,4300,0.68
617,PJ Walker,CAR,QB,15,GB,15,8,4500,0.68
617,Jameis Winston,NO,QB,15,KC,11,15,5100,0.68
617,Brett Rypien,DEN,QB,11,MIA,11,15,5100,0.68
624,Jameis Winston,NO,QB,16,MIN,24,13,null,0.67
624,Blaine Gabbert,TB,QB,16,DET,31,29,4400,0.67
624,Tyrod Taylor,LAC,QB,12,BUF,20,28,5100,0.67
624,Matt Schaub,ATL,QB,2,DAL,12,3,4800,0.67
628,Matt Schaub,ATL,QB,11,NO,12,13,4500,0.66
628,Blaine Gabbert,TB,QB,2,CAR,25,9,4800,0.66
628,Mason Rudolph,PIT,QB,15,CIN,23,13,4100,0.66
631,Matt Schaub,ATL,QB,14,LAC,19,27,4300,0.65
631,PJ Walker,CAR,QB,16,WAS,3,5,4500,0.65
631,Mason Rudolph,PIT,QB,10,CIN,24,17,4100,0.65
631,Blaine Gabbert,TB,QB,1,NO,15,20,4700,0.65
631,Blaine Gabbert,TB,QB,15,ATL,26,32,4500,0.65
631,Brett Rypien,DEN,QB,13,KC,11,13,4800,0.65
631,C.J. Beathard,SF,QB,12,LAR,1,2,5000,0.65
638,Mason Rudolph,PIT,QB,12,BAL,5,14,4100,0.64
639,Blaine Gabbert,TB,QB,14,MIN,22,14,4300,0.63
639,Blaine Gabbert,TB,QB,12,KC,7,11,4200,0.63
639,Blaine Gabbert,TB,QB,11,LAR,1,2,4100,0.63
639,Matt Schaub,ATL,QB,15,TB,13,17,4300,0.63
639,C.J. Beathard,SF,QB,14,WAS,7,11,4700,0.63
639,C.J. Beathard,SF,QB,15,DAL,28,21,5000,0.63
645,Mason Rudolph,PIT,QB,14,BUF,20,26,4300,0.62
645,Jarrett Stidham,NE,QB,12,ARI,19,26,4700,0.62
647,Mason Rudolph,PIT,QB,16,IND,8,6,4100,0.61
647,Matt Schaub,ATL,QB,1,SEA,19,15,5000,0.61
649,Tim Boyle,GB,QB,14,DET,29,22,4400,0.6
649,John Wolford,LAR,QB,15,NYJ,31,31,4500,0.6
649,C.J. Beathard,SF,QB,13,BUF,20,26,5000,0.6
652,Logan Woodside,TEN,QB,14,JAX,32,29,4200,0.59
652,John Wolford,LAR,QB,12,SF,8,16,4100,0.59
652,John Wolford,LAR,QB,11,TB,5,5,4100,0.59
652,Taylor Heinicke,WAS,QB,16,CAR,19,20,4000,0.59
656,Reid Sinnett,MIA,QB,12,NYJ,28,29,null,0.58
657,Geno Smith,SEA,QB,11,ARI,17,23,4300,0.57
658,Geno Smith,SEA,QB,14,NYJ,30,30,4500,0.55
659,Matt Schaub,ATL,QB,16,KC,12,15,4200,0.54
660,Steven Montez,WAS,QB,17,PHI,23,21,null,0.53
660,Tim Boyle,GB,QB,15,CAR,20,20,4300,0.53
662,Colt McCoy,NYG,QB,17,DAL,28,20,5000,0.52
663,Justin Herbert,LAC,QB,1,CIN,24,27,5500,0.51
664,Brett Rypien,DEN,QB,14,CAR,18,19,4800,0.5
664,Brett Rypien,DEN,QB,16,LAC,18,26,4800,0.5
666,Ryan Finley,CIN,QB,13,MIA,8,9,4800,0.49
667,AJ McCarron,HOU,QB,13,IND,4,3,4400,0.44
668,Clayton Thorson,NYG,QB,13,SEA,31,32,null,0.42
668,Chris Streveler,ARI,QB,3,DET,30,24,4100,0.42
670,Ryan Finley,CIN,QB,14,DAL,31,24,4300,0.41
670,Trevor Siemian,TEN,QB,5,BUF,18,24,null,0.41
670,Matt Barkley,BUF,QB,2,MIA,7,27,4500,0.41
673,Joshua Dobbs,PIT,QB,17,CLE,20,26,4000,0.4
673,Garrett Gilbert,DAL,QB,13,BAL,3,12,4700,0.4
675,Ryan Finley,CIN,QB,11,WAS,9,11,4300,0.39
676,Sean Mannion,MIN,QB,13,JAX,32,30,4500,0.38
676,Easton Stick,LAC,QB,3,CAR,19,2,4000,0.38
678,Garrett Gilbert,DAL,QB,14,CIN,23,17,4700,0.37
678,Tyler Huntley,BAL,QB,16,NYG,11,4,4100,0.37
678,Tyler Bray,CHI,QB,12,GB,16,5,4700,0.37
678,Jacoby Brissett,IND,QB,1,JAX,22,19,5100,0.37
678,Robert Griffin III,BAL,QB,2,HOU,28,19,4300,0.37
678,Matt Moore,KC,QB,5,LV,22,12,null,0.37
684,Ryan Fitzpatrick,MIA,QB,10,LAC,20,29,5300,0.35
684,Robert Griffin III,BAL,QB,1,CLE,20,21,4800,0.35
686,Garrett Gilbert,DAL,QB,16,PHI,17,17,4700,0.34
686,Geno Smith,SEA,QB,17,SF,5,7,5000,0.34
686,Ryan Fitzpatrick,MIA,QB,9,ARI,14,14,5000,0.34
686,Justin Herbert,LAC,QB,2,KC,11,21,5100,0.34
690,Brett Rypien,DEN,QB,8,LAC,19,30,5000,0.33
690,Tim Boyle,GB,QB,17,CHI,13,10,4100,0.33
690,Kyle Allen,WAS,QB,3,CLE,29,30,4400,0.33
690,Matt Barkley,BUF,QB,1,NYJ,13,17,4300,0.33
694,Matt Barkley,BUF,QB,12,LAC,21,27,4200,0.32
694,Jacoby Brissett,IND,QB,12,TEN,22,24,4400,0.32
694,Garrett Gilbert,DAL,QB,12,WAS,6,11,4900,0.32
694,Cooper Rush,DAL,QB,9,PIT,8,7,4800,0.32
694,C.J. Beathard,SF,QB,5,MIA,21,27,5300,0.32
694,Jacoby Brissett,IND,QB,2,MIN,32,31,5000,0.32
694,Tua Tagovailoa,MIA,QB,3,JAX,26,22,5300,0.32
694,Nick Foles,CHI,QB,3,ATL,32,32,5000,0.32
694,Andy Dalton,DAL,QB,3,SEA,28,31,4200,0.32
703,Steven Montez,WAS,QB,15,SEA,24,29,null,0.31
703,Garrett Gilbert,DAL,QB,15,SF,7,10,4600,0.31
705,Case Keenum,CLE,QB,12,JAX,31,30,4800,0.3
705,Joe Flacco,NYJ,QB,12,MIA,11,14,5000,0.3
705,Mike Glennon,JAX,QB,9,HOU,30,26,4900,0.3
705,Robert Griffin III,BAL,QB,11,TEN,23,25,4400,0.3
705,Jameis Winston,NO,QB,3,GB,20,16,5000,0.3
705,Jarrett Stidham,NE,QB,14,LAR,1,2,4800,0.3
711,Jarrett Stidham,NE,QB,8,BUF,16,17,5300,0.29
711,Garrett Gilbert,DAL,QB,17,NYG,14,5,4500,0.29
711,Jeff Driskel,DEN,QB,4,NYJ,16,13,5500,0.29
714,Steven Montez,WAS,QB,16,CAR,19,20,4000,0.28
714,Geno Smith,SEA,QB,16,LAR,1,1,4100,0.28
714,David Blough,DET,QB,12,HOU,28,22,4000,0.28
714,AJ McCarron,HOU,QB,12,DET,26,17,4700,0.28
714,Jacoby Brissett,IND,QB,11,GB,13,6,4100,0.28
719,Joe Flacco,NYJ,QB,14,SEA,28,31,4900,0.27
719,David Blough,DET,QB,16,TB,14,16,4000,0.27
719,Matt Barkley,BUF,QB,16,NE,4,3,4100,0.27
719,Case Keenum,CLE,QB,11,PHI,15,14,4800,0.27
719,Ryan Finley,CIN,QB,2,CLE,29,29,5200,0.27
719,John Wolford,LAR,QB,2,PHI,9,6,4100,0.27
719,Robert Griffin III,BAL,QB,3,KC,11,26,4100,0.27
719,Matt Barkley,BUF,QB,15,DEN,17,18,4300,0.27
719,David Blough,DET,QB,15,TEN,25,27,4000,0.27
719,Tyler Huntley,BAL,QB,15,JAX,32,30,null,0.27
729,Chad Henne,KC,QB,14,MIA,6,7,4100,0.26
729,Case Keenum,CLE,QB,16,NYJ,30,29,4800,0.26
729,Case Keenum,CLE,QB,15,NYG,10,5,4400,0.26
732,AJ McCarron,HOU,QB,14,CHI,13,9,4400,0.25
732,Matt Barkley,BUF,QB,14,PIT,2,2,4100,0.25
732,Joe Flacco,NYJ,QB,16,CLE,21,25,4900,0.25
732,PJ Walker,CAR,QB,2,TB,15,15,4000,0.25
732,Chase Daniel,DET,QB,3,ARI,6,8,5000,0.25
732,Geno Smith,SEA,QB,15,WAS,4,9,4100,0.25
738,Case Keenum,CLE,QB,14,BAL,3,13,4400,0.24
738,Chad Henne,KC,QB,12,TB,9,8,4100,0.24
738,Chase Daniel,DET,QB,10,WAS,6,9,5000,0.24
738,John Wolford,LAR,QB,3,BUF,11,12,4100,0.24
738,C.J. Beathard,SF,QB,3,NYG,10,11,5000,0.24
738,Blaine Gabbert,TB,QB,3,DEN,17,15,4600,0.24
738,AJ McCarron,HOU,QB,15,IND,6,6,4100,0.24
738,Logan Woodside,TEN,QB,15,DET,30,25,4100,0.24
746,Tyrod Taylor,LAC,QB,17,KC,12,16,5100,0.23
746,Ryan Finley,CIN,QB,1,LAC,7,7,5000,0.23
746,Joe Flacco,NYJ,QB,7,BUF,23,28,4800,0.23
746,Chase Daniel,DET,QB,2,GB,27,23,5000,0.23
746,Nathan Peterman,LV,QB,2,NO,8,21,4100,0.23
746,Logan Woodside,TEN,QB,3,MIN,31,21,4100,0.23
746,Ryan Finley,CIN,QB,3,PHI,22,14,4900,0.23
746,Jacoby Brissett,IND,QB,3,NYJ,25,22,5000,0.23
754,Matt Schaub,ATL,QB,3,CHI,3,3,4700,0.22
754,Matt Barkley,BUF,QB,3,LAR,5,7,4400,0.22
754,Chad Henne,KC,QB,15,NO,3,4,4100,0.22
754,C.J. Beathard,SF,QB,10,NO,16,18,5200,0.22
754,Jarrett Stidham,NE,QB,15,MIA,8,7,5100,0.22
759,Mitch Trubisky,CHI,QB,6,CAR,7,3,5200,0.21
759,Jalen Hurts,PHI,QB,6,BAL,3,10,5000,0.21
759,Jameis Winston,NO,QB,17,CAR,17,18,5200,0.21
759,Chase Daniel,DET,QB,9,MIN,32,28,4000,0.21
759,Mitch Trubisky,CHI,QB,4,IND,1,1,5300,0.21
759,Sean Mannion,MIN,QB,11,DAL,29,24,4400,0.21
759,Nathan Peterman,LV,QB,3,NE,12,19,4100,0.21
759,Colt McCoy,NYG,QB,3,SF,4,18,4100,0.21
759,Sean Mannion,MIN,QB,15,CHI,12,11,4200,0.21
768,John Wolford,LAR,QB,14,NE,8,5,4100,0.2
768,Tim Boyle,GB,QB,16,TEN,24,27,4400,0.2
768,PJ Walker,CAR,QB,17,NO,7,9,4600,0.2
768,David Blough,DET,QB,17,MIN,25,12,4000,0.2
768,Mitch Trubisky,CHI,QB,5,TB,5,4,5200,0.2
768,Jalen Hurts,PHI,QB,5,PIT,6,10,4200,0.2
768,Mitch Trubisky,CHI,QB,7,LAR,5,11,5000,0.2
768,Case Keenum,CLE,QB,2,CIN,6,2,4700,0.2
768,Chad Henne,KC,QB,2,LAC,3,12,4100,0.2
768,Brett Rypien,DEN,QB,3,TB,8,6,null,0.2
778,Sean Mannion,MIN,QB,14,TB,12,16,4300,0.19
778,John Wolford,LAR,QB,16,SEA,23,28,4500,0.19
778,Ryan Fitzpatrick,MIA,QB,8,LAR,3,7,5600,0.19
778,Tyler Huntley,BAL,QB,17,CIN,22,13,4900,0.19
778,AJ McCarron,HOU,QB,17,TEN,26,28,4800,0.19
778,Nate Sudfeld,PHI,QB,17,WAS,3,3,null,0.19
778,Jeff Driskel,DEN,QB,1,TEN,17,18,4000,0.19
778,Ryan Finley,CIN,QB,17,BAL,4,15,4700,0.19
778,Ryan Finley,CIN,QB,12,NYG,14,6,4900,0.19
778,Logan Woodside,TEN,QB,1,DEN,8,9,4000,0.19
788,Sean Mannion,MIN,QB,17,DET,32,31,4500,0.18
788,Joe Flacco,NYJ,QB,17,NE,9,8,4500,0.18
788,Sean Mannion,MIN,QB,12,CAR,17,13,4300,0.18
788,Mike Glennon,JAX,QB,10,GB,14,8,4600,0.18
788,Matt Barkley,BUF,QB,5,TEN,22,16,4500,0.18
788,Case Keenum,CLE,QB,1,BAL,3,2,4500,0.18
788,Jeff Driskel,DEN,QB,2,PIT,6,13,4100,0.18
788,Brian Hoyer,NE,QB,3,LV,23,9,4200,0.18
788,Clayton Thorson,NYG,QB,15,CLE,23,28,null,0.18
788,Jarrett Stidham,NE,QB,10,BAL,3,12,5000,0.18
798,Alex Smith,WAS,QB,6,NYG,12,5,5000,0.17
798,Case Keenum,CLE,QB,17,PIT,2,2,4400,0.17
798,Matt Schaub,ATL,QB,17,TB,10,14,4200,0.17
798,Geno Smith,SEA,QB,12,PHI,14,12,4200,0.17
798,Geno Smith,SEA,QB,1,ATL,21,25,4000,0.17
798,Logan Woodside,TEN,QB,11,BAL,3,10,4100,0.17
798,Will Grier,CAR,QB,11,DET,27,19,4600,0.17
798,Colt McCoy,NYG,QB,2,CHI,21,11,4100,0.17
798,AJ McCarron,HOU,QB,3,PIT,7,10,4700,0.17
798,Chad Henne,KC,QB,3,BAL,2,3,4100,0.17
798,Tua Tagovailoa,MIA,QB,1,NE,1,1,5200,0.17
809,Brett Rypien,DEN,QB,6,NE,9,16,5200,0.16
809,Mitch Trubisky,CHI,QB,8,NO,24,28,5200,0.16
809,Nick Mullens,SF,QB,8,SEA,32,32,4000,0.16
809,Brett Rypien,DEN,QB,17,LV,27,25,4900,0.16
809,Chad Henne,KC,QB,1,HOU,27,29,4000,0.16
809,Chase Daniel,DET,QB,1,CHI,6,6,5000,0.16
809,Brett Rypien,DEN,QB,10,LV,22,27,4000,0.16
809,Brett Rypien,DEN,QB,9,ATL,28,32,4000,0.16
817,Logan Woodside,TEN,QB,16,GB,14,7,4100,0.15
817,Logan Woodside,TEN,QB,12,IND,3,3,4100,0.15
817,Alex Smith,WAS,QB,9,NYG,18,11,4800,0.15
817,Alex Smith,WAS,QB,7,DAL,31,26,5000,0.15
817,Sean Mannion,MIN,QB,2,IND,16,21,4100,0.15
817,AJ McCarron,HOU,QB,2,BAL,2,2,4700,0.15
817,Brian Hoyer,NE,QB,2,SEA,30,25,4100,0.15
817,Mike Glennon,JAX,QB,3,MIA,27,31,4400,0.15
817,AJ McCarron,HOU,QB,11,NE,10,5,4500,0.15
826,Tim Boyle,GB,QB,12,CHI,6,4,4100,0.14
826,Jameis Winston,NO,QB,5,LAC,18,30,4900,0.14
826,AJ McCarron,HOU,QB,1,KC,11,12,4900,0.14
826,Colt McCoy,NYG,QB,1,PIT,5,4,4000,0.14
826,Andy Dalton,DAL,QB,4,CLE,22,22,4200,0.14
826,Kyle Allen,WAS,QB,4,BAL,8,26,4100,0.14
826,Sean Mannion,MIN,QB,3,TEN,18,13,4200,0.14
826,Brett Rypien,DEN,QB,15,BUF,18,23,4800,0.14
834,Mason Rudolph,PIT,QB,6,CLE,25,24,4800,0.13
834,Logan Woodside,TEN,QB,17,HOU,30,23,4300,0.13
834,Mason Rudolph,PIT,QB,5,PHI,17,9,4600,0.13
834,Alex Smith,WAS,QB,5,LAR,7,13,4400,0.13
834,Andy Dalton,DAL,QB,5,NYG,11,6,4100,0.13
834,Brian Hoyer,NE,QB,1,MIA,32,31,4000,0.13
834,Jameis Winston,NO,QB,4,DET,28,24,4700,0.13
834,Brett Rypien,DEN,QB,7,KC,8,9,4800,0.13
834,Tim Boyle,GB,QB,11,IND,2,1,4100,0.13
834,Case Keenum,CLE,QB,3,WAS,13,28,4800,0.13
844,Logan Woodside,TEN,QB,6,HOU,20,15,4100,0.12
844,Jameis Winston,NO,QB,8,CHI,5,2,5000,0.12
844,Jameis Winston,NO,QB,9,TB,4,2,5000,0.12
844,Tua Tagovailoa,MIA,QB,5,SF,2,11,5400,0.12
844,Sean Mannion,MIN,QB,1,GB,12,5,4000,0.12
844,Nate Sudfeld,PHI,QB,1,WAS,28,24,4000,0.12
844,Jalen Hurts,PHI,QB,4,SF,2,5,4100,0.12
844,Nick Mullens,SF,QB,7,NE,9,6,4000,0.12
844,Geno Smith,SEA,QB,2,NE,1,1,4100,0.12
844,Geno Smith,SEA,QB,3,DAL,27,20,4200,0.12
854,Dwayne Haskins,WAS,QB,10,DET,25,20,5000,0.11
854,Jameis Winston,NO,QB,10,SF,9,15,5100,0.11
854,Matt Barkley,BUF,QB,9,SEA,31,31,4500,0.11
854,Robert Griffin III,BAL,QB,4,WAS,12,19,4300,0.11
854,Matt Barkley,BUF,QB,4,LV,20,5,4600,0.11
854,PJ Walker,CAR,QB,7,NO,26,29,4600,0.11
854,Jameis Winston,NO,QB,7,CAR,11,4,4400,0.11
854,Matt Barkley,BUF,QB,7,NYJ,20,14,4000,0.11
854,Mason Rudolph,PIT,QB,7,TEN,25,25,4100,0.11
854,Mike Glennon,JAX,QB,7,LAC,21,30,4500,0.11
854,Tim Boyle,GB,QB,2,DET,26,26,4100,0.11
865,Ben DiNucci,DAL,QB,6,ARI,13,13,4500,0.1
865,Jacoby Brissett,IND,QB,8,DET,21,16,4500,0.1
865,Robert Griffin III,BAL,QB,5,CIN,16,8,4400,0.1
865,Tim Boyle,GB,QB,1,MIN,10,8,4500,0.1
865,Joe Flacco,NYJ,QB,4,DEN,17,23,4700,0.1
865,Jacoby Brissett,IND,QB,4,CHI,6,2,4900,0.1
865,Mike Glennon,JAX,QB,11,PIT,4,4,4600,0.1
865,Tim Boyle,GB,QB,3,NO,21,23,4100,0.1
865,Tua Tagovailoa,MIA,QB,2,BUF,4,4,5200,0.1
865,Josh Rosen,SF,QB,17,SEA,21,27,4100,0.1
875,Matt Barkley,BUF,QB,6,KC,12,9,4100,0.09
875,Jacoby Brissett,IND,QB,6,CIN,14,6,4500,0.09
875,Robert Griffin III,BAL,QB,6,PHI,21,12,4100,0.09
875,Nick Mullens,SF,QB,6,LAR,3,8,5200,0.09
875,Matt Barkley,BUF,QB,8,NE,12,4,4100,0.09
875,Case Keenum,CLE,QB,8,LV,26,29,4200,0.09
875,Joe Flacco,NYJ,QB,8,KC,9,9,4500,0.09
875,Robert Griffin III,BAL,QB,8,PIT,7,6,4100,0.09
875,Chris Streveler,ARI,QB,17,LAR,1,1,4700,0.09
875,Chad Henne,KC,QB,9,CAR,12,8,4100,0.09
875,Matt Schaub,ATL,QB,5,CAR,10,4,4600,0.09
875,Chad Henne,KC,QB,5,LV,22,12,4100,0.09
875,Jacoby Brissett,IND,QB,5,CLE,30,30,4800,0.09
875,Tua Tagovailoa,MIA,QB,4,SEA,31,31,5400,0.09
875,Case Keenum,CLE,QB,7,CIN,18,11,4100,0.09
875,Ben DiNucci,DAL,QB,7,WAS,14,22,4100,0.09
875,Matt Moore,KC,QB,4,NE,10,14,null,0.09
892,Case Keenum,CLE,QB,6,PIT,8,9,4700,0.08
892,Jarrett Stidham,NE,QB,6,DEN,15,26,5400,0.08
892,Chad Henne,KC,QB,8,NYJ,20,13,4100,0.08
892,Matt Barkley,BUF,QB,10,ARI,17,16,4200,0.08
892,Jacoby Brissett,IND,QB,9,BAL,5,19,4400,0.08
892,Blaine Gabbert,TB,QB,5,CHI,4,2,4200,0.08
892,Ryan Finley,CIN,QB,5,BAL,8,24,4300,0.08
892,AJ McCarron,HOU,QB,5,JAX,25,20,4800,0.08
892,Marcus Mariota,LV,QB,5,KC,3,5,4400,0.08
892,Logan Woodside,TEN,QB,5,BUF,18,24,4300,0.08
892,Case Keenum,CLE,QB,5,IND,1,1,4200,0.08
892,Colt McCoy,NYG,QB,5,DAL,31,29,4200,0.08
892,Jarrett Stidham,NE,QB,4,KC,3,18,null,0.08
892,Jarrett Stidham,NE,QB,7,SF,7,15,5000,0.08
892,Chris Streveler,ARI,QB,2,WAS,8,7,4000,0.08
892,Sean Mannion,MIN,QB,16,NO,6,6,null,0.08
892,C.J. Beathard,SF,QB,9,GB,18,10,5000,0.08
892,Joe Flacco,NYJ,QB,15,LAR,1,1,4400,0.08
910,Ryan Finley,CIN,QB,6,IND,1,1,4100,0.07
910,Chase Daniel,DET,QB,6,JAX,28,25,4100,0.07
910,Tua Tagovailoa,MIA,QB,6,NYJ,23,17,5400,0.07
910,Ryan Finley,CIN,QB,8,TEN,22,19,4600,0.07
910,Logan Woodside,TEN,QB,8,CIN,23,18,4200,0.07
910,Blaine Gabbert,TB,QB,8,NYG,17,11,4100,0.07
910,Mason Rudolph,PIT,QB,8,BAL,6,21,4100,0.07
910,Jacoby Brissett,IND,QB,10,TEN,21,21,4400,0.07
910,Logan Woodside,TEN,QB,10,IND,2,1,4100,0.07
910,Case Keenum,CLE,QB,10,HOU,31,28,5000,0.07
910,Robert Griffin III,BAL,QB,10,NE,10,3,4100,0.07
910,Tyrod Taylor,LAC,QB,10,MIA,11,14,5300,0.07
910,Robert Griffin III,BAL,QB,9,IND,2,1,4100,0.07
910,Tyrod Taylor,LAC,QB,9,LV,20,25,4200,0.07
910,Mason Rudolph,PIT,QB,9,DAL,27,18,4200,0.07
910,Sean Mannion,MIN,QB,5,SEA,29,31,4600,0.07
910,Mike Glennon,JAX,QB,5,HOU,26,14,4400,0.07
910,Mike White,NYJ,QB,5,ARI,13,19,null,0.07
910,Ryan Finley,CIN,QB,4,JAX,23,27,4400,0.07
910,Case Keenum,CLE,QB,4,DAL,29,30,4600,0.07
910,John Wolford,LAR,QB,4,NYG,17,11,4400,0.07
910,Matt Schaub,ATL,QB,4,GB,23,19,4800,0.07
910,Chase Daniel,DET,QB,7,ATL,32,32,4200,0.07
910,Ryan Finley,CIN,QB,7,CLE,22,16,4500,0.07
910,Blaine Gabbert,TB,QB,7,LV,24,23,4100,0.07
935,Matt Schaub,ATL,QB,6,MIN,29,20,4800,0.06
935,Colt McCoy,NYG,QB,6,WAS,18,27,4100,0.06
935,Blaine Gabbert,TB,QB,6,GB,16,13,4400,0.06
935,Matt Schaub,ATL,QB,8,CAR,12,5,4500,0.06
935,PJ Walker,CAR,QB,8,ATL,32,32,4700,0.06
935,Chase Daniel,DET,QB,8,IND,1,1,4100,0.06
935,Garrett Gilbert,DAL,QB,8,PHI,18,20,4600,0.06
935,Ryan Finley,CIN,QB,10,PIT,7,5,4300,0.06
935,Matt Schaub,ATL,QB,9,DEN,13,23,4600,0.06
935,AJ McCarron,HOU,QB,9,JAX,29,29,4900,0.06
935,Logan Woodside,TEN,QB,9,CHI,7,5,4100,0.06
935,Colt McCoy,NYG,QB,9,WAS,6,12,4100,0.06
935,Geno Smith,SEA,QB,5,MIN,28,16,4300,0.06
935,Chase Daniel,DET,QB,4,NO,27,28,4700,0.06
935,Blaine Gabbert,TB,QB,4,LAC,7,18,4500,0.06
935,Colt McCoy,NYG,QB,4,LAR,15,21,4100,0.06
935,Mike Glennon,JAX,QB,4,CIN,11,7,4300,0.06
935,Matt Schaub,ATL,QB,7,DET,19,17,4700,0.06
935,Logan Woodside,TEN,QB,7,PIT,4,5,4100,0.06
954,Chad Henne,KC,QB,6,BUF,23,28,4200,0.05
954,AJ McCarron,HOU,QB,6,TEN,17,14,4800,0.05
954,John Wolford,LAR,QB,6,SF,7,16,4300,0.05
954,John Wolford,LAR,QB,8,MIA,10,10,4100,0.05
954,Colt McCoy,NYG,QB,8,TB,3,2,4100,0.05
954,Blaine Gabbert,TB,QB,10,CAR,12,11,4000,0.05
954,AJ McCarron,HOU,QB,10,CLE,23,23,4800,0.05
954,Colt McCoy,NYG,QB,10,PHI,13,13,4000,0.05
954,John Wolford,LAR,QB,10,SEA,32,32,4000,0.05
954,Blaine Gabbert,TB,QB,9,NO,21,27,4000,0.05
954,John Wolford,LAR,QB,5,WAS,12,22,4400,0.05
954,Will Grier,CAR,QB,1,LV,25,26,4600,0.05
954,AJ McCarron,HOU,QB,4,MIN,30,12,4800,0.05
954,Marcus Mariota,LV,QB,4,BUF,21,23,4700,0.05
954,Chad Henne,KC,QB,4,NE,10,14,null,0.05
954,Colt McCoy,NYG,QB,7,PHI,20,19,4000,0.05
954,AJ McCarron,HOU,QB,7,GB,16,10,4700,0.05
954,Chad Henne,KC,QB,7,DEN,13,24,4000,0.05
954,Mike White,NYJ,QB,2,SF,18,29,4000,0.05
973,PJ Walker,CAR,QB,6,CHI,5,2,4300,0.04
973,Sean Mannion,MIN,QB,6,ATL,32,32,4600,0.04
973,Mike Glennon,JAX,QB,6,DET,27,23,4500,0.04
973,Mike White,NYJ,QB,6,MIA,13,18,null,0.04
973,Tim Boyle,GB,QB,8,MIN,31,26,4100,0.04
973,Sean Mannion,MIN,QB,8,GB,17,14,4300,0.04
973,PJ Walker,CAR,QB,10,TB,8,6,4700,0.04
973,Sean Mannion,MIN,QB,10,CHI,5,3,4100,0.04
973,Sean Mannion,MIN,QB,9,DET,23,20,4000,0.04
973,Tyler Bray,CHI,QB,9,TEN,25,21,null,0.04
973,Sean Mannion,MIN,QB,4,HOU,26,15,4300,0.04
973,Easton Stick,LAC,QB,4,TB,3,4,4000,0.04
973,C.J. Beathard,SF,QB,4,PHI,19,17,4700,0.04
973,Tim Boyle,GB,QB,7,HOU,28,21,4200,0.04
973,John Wolford,LAR,QB,7,CHI,4,1,4000,0.04
988,Geno Smith,SEA,QB,8,SF,2,8,4100,0.03
988,Tim Boyle,GB,QB,10,JAX,30,30,4100,0.03
988,Geno Smith,SEA,QB,10,LAR,1,2,4100,0.03
988,Tim Boyle,GB,QB,9,SF,6,11,4000,0.03
988,Geno Smith,SEA,QB,9,BUF,15,17,4000,0.03
988,Easton Stick,LAC,QB,5,NO,25,29,4000,0.03
988,Geno Smith,SEA,QB,4,MIA,14,29,4400,0.03
988,Tim Boyle,GB,QB,4,ATL,32,32,4300,0.03
988,Geno Smith,SEA,QB,7,ARI,10,7,4100,0.03
988,Mike Glennon,JAX,QB,2,TEN,5,8,4400,0.03
998,Tim Boyle,GB,QB,6,TB,4,4,4100,0.02
998,Chris Streveler,ARI,QB,6,DAL,31,20,4100,0.02
998,Easton Stick,LAC,QB,8,DEN,11,22,4000,0.02
998,Will Grier,CAR,QB,5,ATL,32,32,5000,0.02
998,Chris Streveler,ARI,QB,5,NYJ,19,7,4100,0.02
998,Chris Streveler,ARI,QB,4,CAR,13,3,4100,0.02
998,Chris Streveler,ARI,QB,7,SEA,29,31,4000,0.02
998,Will Grier,CAR,QB,3,LAC,9,26,4400,0.02
1006,Will Grier,CAR,QB,4,ARI,9,8,4800,0.01
1007,Bryce Perkins,LAR,QB,14,NE,8,5,null,0
1007,Brian Hoyer,NE,QB,14,LAR,1,2,4000,0
1007,Will Grier,CAR,QB,14,DEN,15,18,4400,0
1007,Tyler Bray,CHI,QB,14,HOU,27,21,null,0
1007,Joe Burrow,CIN,QB,14,DAL,31,24,4000,0
1007,Dak Prescott,DAL,QB,14,CIN,23,17,4000,0
1007,Ben DiNucci,DAL,QB,14,CIN,23,17,4800,0
1007,David Blough,DET,QB,14,GB,14,8,4000,0
1007,Jordan Love,GB,QB,14,DET,29,22,4000,0
1007,Jake Luton,JAX,QB,14,TEN,25,28,4700,0
1007,Brett Hundley,ARI,QB,14,NYG,9,6,4000,0
1007,Chris Streveler,ARI,QB,14,NYG,9,6,4900,0
1007,Jake Browning,MIN,QB,14,TB,12,16,null,0
1007,Nate Stanley,MIN,QB,14,TB,12,16,null,0
1007,Ryan Griffin,TB,QB,14,MIN,22,14,4000,0
1007,Jacob Eason,IND,QB,14,LV,24,23,4000,0
1007,Nathan Peterman,LV,QB,14,IND,5,4,4000,0
1007,James Morgan,NYJ,QB,14,SEA,28,31,4000,0
1007,Kurt Benkert,ATL,QB,14,LAC,19,27,null,0
1007,Easton Stick,LAC,QB,14,ATL,26,32,4000,0
1007,Drew Brees,NO,QB,14,PHI,16,13,6100,0
1007,Nate Sudfeld,PHI,QB,14,NO,3,3,4000,0
1007,Jimmy Garoppolo,SF,QB,14,WAS,7,11,5000,0
1007,Kyle Allen,WAS,QB,14,SF,11,15,4000,0
1007,Steven Montez,WAS,QB,14,SF,11,15,null,0
1007,Davis Webb,BUF,QB,14,PIT,2,2,null,0
1007,Jake Fromm,BUF,QB,14,PIT,2,2,4000,0
1007,Devlin Hodges,PIT,QB,14,BUF,20,26,null,0
1007,Robert Griffin III,BAL,QB,14,CLE,21,26,4900,0
1007,Tyler Huntley,BAL,QB,14,CLE,21,26,null,0
1007,Matt Moore,KC,QB,14,MIA,6,7,null,0
1007,Blake Bortles,DEN,QB,14,CAR,18,19,null,0
1007,Reid Sinnett,MIA,QB,14,KC,10,10,null,0
1007,Clayton Thorson,NYG,QB,14,ARI,17,20,4000,0
1007,Josh Rosen,TB,QB,14,MIN,22,14,null,0
1007,Danny Etling,SEA,QB,14,NYJ,30,30,null,0
1007,Joshua Dobbs,PIT,QB,14,BUF,20,26,4000,0
1007,Kyle Lauletta,CLE,QB,14,BAL,3,13,null,0
1007,Cooper Rush,DAL,QB,14,CIN,23,17,null,0
1007,Josh McCown,HOU,QB,14,CHI,13,9,4000,0
1007,Kyle Sloter,CHI,QB,14,HOU,27,21,null,0
1007,Josh Johnson,SF,QB,14,WAS,7,11,null,0
1007,Jake Dolegala,NE,QB,14,LAR,1,2,null,0
1007,Trevor Siemian,NO,QB,14,PHI,16,13,4000,0
1007,DeShone Kizer,TEN,QB,14,JAX,32,29,null,0
1007,Mike White,NYJ,QB,14,SEA,28,31,null,0
1007,Kevin Hogan,CIN,QB,14,DAL,31,24,null,0
1007,Taylor Heinicke,WAS,QB,14,SF,11,15,null,0
1007,Alex Tanney,NYG,QB,14,ARI,17,20,null,0
1007,Joe Webb,NYG,QB,14,ARI,17,19,null,0
1007,Alex McGough,SEA,QB,14,NYJ,30,30,null,0
1007,Jake Browning,MIN,QB,16,NO,6,6,null,0
1007,Nate Stanley,MIN,QB,16,NO,6,6,null,0
1007,Brett Hundley,ARI,QB,16,SF,8,10,4000,0
1007,Chris Streveler,ARI,QB,16,SF,8,10,4800,0
1007,Jimmy Garoppolo,SF,QB,16,ARI,15,18,5200,0
1007,Nick Mullens,SF,QB,16,ARI,15,18,5000,0
1007,Ryan Griffin,TB,QB,16,DET,31,29,4000,0
1007,Jeff Driskel,DEN,QB,16,LAC,18,26,4400,0
1007,Easton Stick,LAC,QB,16,DEN,22,24,4000,0
1007,Nathan Peterman,LV,QB,16,MIA,4,4,4000,0
1007,James Morgan,NYJ,QB,16,CLE,21,25,4000,0
1007,Robert Griffin III,BAL,QB,16,NYG,11,4,4100,0
1007,Trace McSorley,BAL,QB,16,NYG,11,4,4100,0
1007,Joe Burrow,CIN,QB,16,HOU,29,22,4000,0
1007,Tyler Bray,CHI,QB,16,JAX,31,30,null,0
1007,Jake Luton,JAX,QB,16,CHI,13,11,4300,0
1007,Kurt Benkert,ATL,QB,16,KC,12,15,null,0
1007,Jacob Eason,IND,QB,16,PIT,2,2,4000,0
1007,Devlin Hodges,PIT,QB,16,IND,8,6,null,0
1007,Will Grier,CAR,QB,16,WAS,3,5,4300,0
1007,Alex Smith,WAS,QB,16,CAR,19,20,5200,0
1007,Kyle Allen,WAS,QB,16,CAR,19,20,4000,0
1007,Bryce Perkins,LAR,QB,16,SEA,23,28,null,0
1007,Dak Prescott,DAL,QB,16,PHI,17,17,4000,0
1007,Ben DiNucci,DAL,QB,16,PHI,17,17,4800,0
1007,Nate Sudfeld,PHI,QB,16,DAL,28,21,4000,0
1007,Jordan Love,GB,QB,16,TEN,24,27,4000,0
1007,Davis Webb,BUF,QB,16,NE,4,3,null,0
1007,Jake Fromm,BUF,QB,16,NE,4,3,4000,0
1007,Brian Hoyer,NE,QB,16,BUF,16,19,4000,0
1007,Matt Moore,KC,QB,16,ATL,26,32,null,0
1007,Blake Bortles,DEN,QB,16,LAC,18,26,null,0
1007,Reid Sinnett,MIA,QB,16,LV,27,23,null,0
1007,Kyle Lauletta,CLE,QB,16,NYJ,30,29,null,0
1007,Clayton Thorson,NYG,QB,16,BAL,7,16,4000,0
1007,Josh McCown,HOU,QB,16,CIN,20,12,4000,0
1007,Kyle Sloter,CHI,QB,16,JAX,31,30,null,0
1007,Joshua Dobbs,PIT,QB,16,IND,8,6,4000,0
1007,Danny Etling,SEA,QB,16,LAR,1,1,null,0
1007,Cooper Rush,DAL,QB,16,PHI,17,17,null,0
1007,Josh Johnson,SF,QB,16,ARI,15,18,null,0
1007,Jake Dolegala,NE,QB,16,BUF,16,19,null,0
1007,Mike White,NYJ,QB,16,CLE,21,25,null,0
1007,DeShone Kizer,TEN,QB,16,GB,14,7,null,0
1007,Kevin Hogan,CIN,QB,16,HOU,29,22,4000,0
1007,Alex Tanney,NYG,QB,16,BAL,7,16,null,0
1007,Joe Webb,NYG,QB,16,BAL,7,7,4000,0
1007,Alex McGough,SEA,QB,16,LAR,1,1,null,0
1007,Jordan Ta'amu,DET,QB,16,TB,14,16,null,0
1007,Kyle Shurmur,CIN,QB,16,HOU,29,22,null,0
1007,Trevor Siemian,NO,QB,16,MIN,24,13,null,0
1007,Drew Stanton,TB,QB,16,DET,31,29,null,0
1007,Jake Fromm,BUF,QB,6,KC,12,9,4000,0
1007,Will Grier,CAR,QB,6,CHI,5,2,4500,0
1007,Jacob Eason,IND,QB,6,CIN,14,6,4000,0
1007,Jake Luton,JAX,QB,6,DET,27,23,4000,0
1007,Dwayne Haskins,WAS,QB,6,NYG,12,5,5000,0
1007,Trace McSorley,BAL,QB,6,PHI,21,12,4000,0
1007,Nate Sudfeld,PHI,QB,6,BAL,3,10,4000,0
1007,Jordan Love,GB,QB,6,TB,4,4,4000,0
1007,Ryan Griffin,TB,QB,6,GB,16,13,4000,0
1007,C.J. Beathard,SF,QB,6,LAR,3,8,5200,0
1007,Brett Hundley,ARI,QB,6,DAL,31,20,4900,0
1007,Dak Prescott,DAL,QB,6,ARI,13,13,4000,0
1007,Davis Webb,BUF,QB,6,KC,12,9,null,0
1007,Matt Moore,KC,QB,6,BUF,23,28,null,0
1007,Jordan Ta'amu,KC,QB,6,BUF,23,28,null,0
1007,Tyler Bray,CHI,QB,6,CAR,7,3,null,0
1007,Brandon Allen,CIN,QB,6,IND,1,1,null,0
1007,David Blough,DET,QB,6,JAX,28,25,null,0
1007,Kurt Benkert,ATL,QB,6,MIN,29,20,null,0
1007,Jake Browning,MIN,QB,6,ATL,32,32,null,0
1007,Nate Stanley,MIN,QB,6,ATL,32,32,null,0
1007,Steven Montez,WAS,QB,6,NYG,12,5,null,0
1007,Tyler Huntley,BAL,QB,6,PHI,21,12,null,0
1007,Josh McCown,PHI,QB,6,BAL,3,10,null,0
1007,Joshua Dobbs,PIT,QB,6,CLE,25,24,4000,0
1007,Trevor Siemian,TEN,QB,6,HOU,20,15,null,0
1007,Josh Rosen,TB,QB,6,GB,16,13,null,0
1007,Bryce Perkins,LAR,QB,6,SF,7,16,null,0
1007,Devlin Hodges,PIT,QB,6,CLE,25,24,null,0
1007,Joe Webb,DET,QB,6,JAX,28,19,null,0
1007,Clayton Thorson,NYG,QB,6,WAS,18,27,null,0
1007,Jeff Driskel,DEN,QB,6,NE,9,16,4900,0
1007,Brian Hoyer,NE,QB,6,DEN,15,26,5200,0
1007,Jake Dolegala,NE,QB,6,DEN,15,26,null,0
1007,Reid Sinnett,MIA,QB,6,NYJ,23,17,null,0
1007,David Fales,NYJ,QB,6,MIA,13,18,null,0
1007,Sam Darnold,NYJ,QB,6,MIA,13,18,5200,0
1007,James Morgan,NYJ,QB,6,MIA,13,18,4000,0
1007,Garrett Gilbert,DAL,QB,6,ARI,13,13,null,0
1007,Kyle Lauletta,CLE,QB,6,PIT,8,9,null,0
1007,Kurt Benkert,ATL,QB,8,CAR,12,5,null,0
1007,Will Grier,CAR,QB,8,ATL,32,32,4900,0
1007,Davis Webb,BUF,QB,8,NE,12,4,null,0
1007,Jake Fromm,BUF,QB,8,NE,12,4,4000,0
1007,Brian Hoyer,NE,QB,8,BUF,16,17,4200,0
1007,Marcus Mariota,LV,QB,8,CLE,25,25,4600,0
1007,Nathan Peterman,LV,QB,8,CLE,25,25,4400,0
1007,David Blough,DET,QB,8,IND,1,1,4000,0
1007,Jacob Eason,IND,QB,8,DET,21,16,4000,0
1007,Jordan Love,GB,QB,8,MIN,31,26,4000,0
1007,Jake Browning,MIN,QB,8,GB,17,14,null,0
1007,Nate Stanley,MIN,QB,8,GB,17,14,null,0
1007,James Morgan,NYJ,QB,8,KC,9,9,4000,0
1007,Bryce Perkins,LAR,QB,8,MIA,10,10,null,0
1007,Tyler Bray,CHI,QB,8,NO,24,28,null,0
1007,C.J. Beathard,SF,QB,8,SEA,32,32,5000,0
1007,Andy Dalton,DAL,QB,8,PHI,18,20,5400,0
1007,Dak Prescott,DAL,QB,8,PHI,18,20,4000,0
1007,Nate Sudfeld,PHI,QB,8,DAL,30,23,4000,0
1007,Ryan Griffin,TB,QB,8,NYG,17,11,4000,0
1007,Matt Moore,KC,QB,8,NYJ,20,13,null,0
1007,Jake Dolegala,NE,QB,8,BUF,16,17,null,0
1007,Brandon Allen,CIN,QB,8,TEN,22,19,null,0
1007,Trevor Siemian,TEN,QB,8,CIN,23,18,null,0
1007,Reid Sinnett,MIA,QB,8,LAR,3,7,null,0
1007,Danny Etling,SEA,QB,8,SF,2,8,null,0
1007,Josh McCown,PHI,QB,8,DAL,30,23,null,0
1007,Josh Rosen,TB,QB,8,NYG,17,11,null,0
1007,Clayton Thorson,NYG,QB,8,TB,3,2,null,0
1007,Trace McSorley,BAL,QB,8,PIT,7,6,4000,0
1007,Tyler Huntley,BAL,QB,8,PIT,7,6,null,0
1007,Joshua Dobbs,PIT,QB,8,BAL,6,21,4000,0
1007,Devlin Hodges,PIT,QB,8,BAL,6,21,null,0
1007,Mike White,NYJ,QB,8,KC,9,9,null,0
1007,Jeff Driskel,DEN,QB,8,LAC,19,30,4000,0
1007,Tyrod Taylor,LAC,QB,8,DEN,11,22,4100,0
1007,Kyle Lauletta,CLE,QB,8,LV,26,29,null,0
1007,Blake Bortles,DEN,QB,8,LAC,19,30,null,0
1007,Cooper Rush,DAL,QB,8,PHI,18,20,null,0
1007,Kurt Benkert,ATL,QB,13,NO,5,4,null,0
1007,Drew Brees,NO,QB,13,ATL,26,31,6100,0
1007,Tyler Bray,CHI,QB,13,DET,29,25,5000,0
1007,David Blough,DET,QB,13,CHI,9,6,4000,0
1007,Jacob Eason,IND,QB,13,HOU,28,22,4000,0
1007,Joe Burrow,CIN,QB,13,MIA,8,9,4000,0
1007,Jake Luton,JAX,QB,13,MIN,25,18,4600,0
1007,Jake Browning,MIN,QB,13,JAX,32,30,null,0
1007,Nate Stanley,MIN,QB,13,JAX,32,30,null,0
1007,Nathan Peterman,LV,QB,13,NYJ,27,29,4100,0
1007,James Morgan,NYJ,QB,13,LV,24,24,4000,0
1007,Brett Hundley,ARI,QB,13,LAR,1,2,4000,0
1007,Chris Streveler,ARI,QB,13,LAR,1,2,4800,0
1007,Bryce Perkins,LAR,QB,13,ARI,16,17,null,0
1007,Daniel Jones,NYG,QB,13,SEA,31,32,5500,0
1007,Jordan Love,GB,QB,13,PHI,14,12,4000,0
1007,Nate Sudfeld,PHI,QB,13,GB,17,8,4000,0
1007,Easton Stick,LAC,QB,13,NE,12,7,4000,0
1007,Brian Hoyer,NE,QB,13,LAC,20,26,4000,0
1007,Jeff Driskel,DEN,QB,13,KC,11,13,4600,0
1007,Davis Webb,BUF,QB,13,SF,8,9,null,0
1007,Jake Fromm,BUF,QB,13,SF,8,9,4000,0
1007,Jimmy Garoppolo,SF,QB,13,BUF,20,26,5500,0
1007,Matt Moore,KC,QB,13,DEN,15,16,null,0
1007,Reid Sinnett,MIA,QB,13,CIN,23,18,4000,0
1007,Kyle Lauletta,CLE,QB,13,TEN,22,28,null,0
1007,Danny Etling,SEA,QB,13,NYG,10,5,null,0
1007,Blake Bortles,DEN,QB,13,KC,11,13,null,0
1007,Josh McCown,HOU,QB,13,IND,4,3,4000,0
1007,Kyle Sloter,CHI,QB,13,DET,29,25,null,0
1007,Josh Johnson,SF,QB,13,BUF,20,26,null,0
1007,Jake Dolegala,NE,QB,13,LAC,20,26,null,0
1007,Trevor Siemian,NO,QB,13,ATL,26,31,4000,0
1007,Mike White,NYJ,QB,13,LV,24,24,null,0
1007,DeShone Kizer,TEN,QB,13,CLE,19,21,null,0
1007,Kevin Hogan,CIN,QB,13,MIA,8,9,null,0
1007,Kyle Shurmur,DEN,QB,13,KC,11,13,null,0
1007,Joshua Dobbs,PIT,QB,13,WAS,7,10,4000,0
1007,Devlin Hodges,PIT,QB,13,WAS,7,10,null,0
1007,Kyle Allen,WAS,QB,13,PIT,2,1,4200,0
1007,Steven Montez,WAS,QB,13,PIT,2,1,null,0
1007,Robert Griffin III,BAL,QB,13,DAL,31,22,4900,0
1007,Tyler Huntley,BAL,QB,13,DAL,31,22,5100,0
1007,Dak Prescott,DAL,QB,13,BAL,3,12,4000,0
1007,Cooper Rush,DAL,QB,13,BAL,3,12,null,0
1007,Ben DiNucci,DAL,QB,13,BAL,3,12,4800,0
1007,Taylor Heinicke,WAS,QB,13,PIT,2,1,null,0
1007,Alex Tanney,NYG,QB,13,SEA,31,32,null,0
1007,Davis Webb,BUF,QB,17,MIA,6,6,null,0
1007,Jake Fromm,BUF,QB,17,MIA,6,6,4000,0
1007,Ryan Fitzpatrick,MIA,QB,17,BUF,15,17,5300,0
1007,Will Grier,CAR,QB,17,NO,7,9,4400,0
1007,Tyler Bray,CHI,QB,17,GB,11,4,null,0
1007,Jordan Love,GB,QB,17,CHI,13,10,4000,0
1007,Robert Griffin III,BAL,QB,17,CIN,22,13,4200,0
1007,Trace McSorley,BAL,QB,17,CIN,22,13,4200,0
1007,Joe Burrow,CIN,QB,17,BAL,4,15,4000,0
1007,Ben Roethlisberger,PIT,QB,17,CLE,20,26,6500,0
1007,Devlin Hodges,PIT,QB,17,CLE,20,26,null,0
1007,Jake Browning,MIN,QB,17,DET,32,31,null,0
1007,Nate Stanley,MIN,QB,17,DET,32,31,null,0
1007,Jacob Eason,IND,QB,17,JAX,31,30,4000,0
1007,Jake Luton,JAX,QB,17,IND,8,11,4300,0
1007,Patrick Mahomes,KC,QB,17,LAC,18,24,8400,0
1007,Easton Stick,LAC,QB,17,KC,12,16,4000,0
1007,Brian Hoyer,NE,QB,17,NYJ,29,29,4000,0
1007,James Morgan,NYJ,QB,17,NE,9,8,4000,0
1007,Dak Prescott,DAL,QB,17,NYG,14,5,4000,0
1007,Clayton Thorson,NYG,QB,17,DAL,28,20,null,0
1007,Ben DiNucci,DAL,QB,17,NYG,14,5,4700,0
1007,Cooper Rush,DAL,QB,17,NYG,14,5,null,0
1007,Carson Wentz,PHI,QB,17,WAS,3,3,null,0
1007,Kyle Allen,WAS,QB,17,PHI,23,21,null,0
1007,Kurt Benkert,ATL,QB,17,TB,10,14,null,0
1007,Ryan Griffin,TB,QB,17,ATL,24,32,4000,0
1007,Jeff Driskel,DEN,QB,17,LV,27,25,4500,0
1007,Nathan Peterman,LV,QB,17,DEN,19,22,4000,0
1007,Brett Hundley,ARI,QB,17,LAR,1,1,4000,0
1007,Jared Goff,LAR,QB,17,ARI,16,19,5700,0
1007,Bryce Perkins,LAR,QB,17,ARI,16,19,null,0
1007,Jimmy Garoppolo,SF,QB,17,SEA,21,27,5300,0
1007,Nick Mullens,SF,QB,17,SEA,21,27,5000,0
1007,Matt Moore,KC,QB,17,LAC,18,24,null,0
1007,Reid Sinnett,MIA,QB,17,BUF,15,17,null,0
1007,Kyle Sloter,CHI,QB,17,GB,11,4,null,0
1007,Kyle Lauletta,CLE,QB,17,PIT,2,2,null,0
1007,Josh McCown,HOU,QB,17,TEN,26,28,4000,0
1007,Jake Dolegala,NE,QB,17,NYJ,29,29,null,0
1007,Danny Etling,SEA,QB,17,SF,5,7,null,0
1007,Josh Johnson,SF,QB,17,SEA,21,27,null,0
1007,DeShone Kizer,TEN,QB,17,HOU,30,23,null,0
1007,Mike White,NYJ,QB,17,NE,9,8,null,0
1007,Kevin Hogan,CIN,QB,17,BAL,4,15,null,0
1007,Alex Tanney,NYG,QB,17,DAL,28,20,null,0
1007,Alex McGough,SEA,QB,17,SF,5,7,null,0
1007,Jordan Ta'amu,DET,QB,17,MIN,25,12,null,0
1007,Kyle Shurmur,CIN,QB,17,BAL,4,15,null,0
1007,Trevor Siemian,NO,QB,17,CAR,17,18,null,0
1007,Drew Stanton,TB,QB,17,ATL,24,32,null,0
1007,Blake Bortles,LAR,QB,17,ARI,16,19,null,0
1007,Jake Rudock,MIA,QB,17,BUF,15,17,null,0
1007,Dak Prescott,DAL,QB,12,WAS,6,11,4000,0
1007,Ben DiNucci,DAL,QB,12,WAS,6,11,5000,0
1007,Kyle Allen,WAS,QB,12,DAL,29,27,4500,0
1007,Steven Montez,WAS,QB,12,DAL,29,27,null,0
1007,Lamar Jackson,BAL,QB,12,PIT,2,1,6600,0
1007,Trace McSorley,BAL,QB,12,PIT,2,1,4000,0
1007,Tyler Huntley,BAL,QB,12,PIT,2,1,4600,0
1007,Devlin Hodges,PIT,QB,12,BAL,5,14,null,0
1007,Kurt Benkert,ATL,QB,12,LV,23,25,4000,0
1007,Marcus Mariota,LV,QB,12,ATL,30,32,4300,0
1007,Nathan Peterman,LV,QB,12,ATL,30,32,4200,0
1007,Davis Webb,BUF,QB,12,LAC,21,27,null,0
1007,Jake Fromm,BUF,QB,12,LAC,21,27,4000,0
1007,Easton Stick,LAC,QB,12,BUF,20,28,4000,0
1007,Joe Burrow,CIN,QB,12,NYG,14,6,5500,0
1007,Jacob Eason,IND,QB,12,TEN,22,24,4000,0
1007,Gardner Minshew,JAX,QB,12,CLE,18,20,5600,0
1007,Will Grier,CAR,QB,12,MIN,25,18,4600,0
1007,Jake Browning,MIN,QB,12,CAR,17,13,null,0
1007,Nate Stanley,MIN,QB,12,CAR,17,13,null,0
1007,Brett Hundley,ARI,QB,12,NE,12,10,4000,0
1007,Chris Streveler,ARI,QB,12,NE,12,10,5000,0
1007,Brian Hoyer,NE,QB,12,ARI,19,26,4000,0
1007,Tua Tagovailoa,MIA,QB,12,NYJ,28,29,5900,0
1007,James Morgan,NYJ,QB,12,MIA,11,14,4000,0
1007,Jeff Driskel,DEN,QB,12,NO,10,9,4300,0
1007,Drew Lock,DEN,QB,12,NO,10,9,5100,0
1007,Brett Rypien,DEN,QB,12,NO,10,9,4800,0
1007,Drew Brees,NO,QB,12,DEN,15,17,5900,0
1007,Bryce Perkins,LAR,QB,12,SF,8,16,null,0
1007,Ryan Griffin,TB,QB,12,KC,7,11,4000,0
1007,Nick Foles,CHI,QB,12,GB,16,5,5200,0
1007,Jordan Love,GB,QB,12,CHI,6,4,4000,0
1007,Nate Sudfeld,PHI,QB,12,SEA,32,32,4000,0
1007,Matt Moore,KC,QB,12,TB,9,8,null,0
1007,Joshua Dobbs,PIT,QB,12,BAL,5,14,4000,0
1007,Clayton Thorson,NYG,QB,12,CIN,24,19,null,0
1007,Josh Rosen,TB,QB,12,KC,7,11,null,0
1007,Danny Etling,SEA,QB,12,PHI,14,12,null,0
1007,Kyle Lauletta,CLE,QB,12,JAX,31,30,null,0
1007,Blake Bortles,DEN,QB,12,NO,10,9,null,0
1007,Cooper Rush,DAL,QB,12,WAS,6,11,null,0
1007,Josh McCown,HOU,QB,12,DET,26,17,4000,0
1007,Kyle Sloter,CHI,QB,12,GB,16,5,null,0
1007,Josh Johnson,SF,QB,12,LAR,1,2,null,0
1007,Jake Dolegala,NE,QB,12,ARI,19,26,null,0
1007,Trevor Siemian,NO,QB,12,DEN,15,17,4000,0
1007,DeShone Kizer,TEN,QB,12,IND,3,3,null,0
1007,Mike White,NYJ,QB,12,MIA,11,14,4000,0
1007,Kevin Hogan,CIN,QB,12,NYG,null,null,null,0
1007,Jacob Eason,IND,QB,10,TEN,21,21,4000,0
1007,Will Grier,CAR,QB,10,TB,8,6,4400,0
1007,Ryan Griffin,TB,QB,10,CAR,12,11,4000,0
1007,David Blough,DET,QB,10,WAS,6,9,4000,0
1007,Kyle Allen,WAS,QB,10,DET,25,20,4800,0
1007,Steven Montez,WAS,QB,10,DET,25,20,null,0
1007,Jordan Love,GB,QB,10,JAX,30,30,4000,0
1007,Gardner Minshew,JAX,QB,10,GB,14,8,5500,0
1007,Nate Sudfeld,PHI,QB,10,NYG,15,10,4000,0
1007,Devlin Hodges,PIT,QB,10,CIN,24,17,null,0
1007,Brett Hundley,ARI,QB,10,BUF,19,19,4000,0
1007,Chris Streveler,ARI,QB,10,BUF,19,19,4000,0
1007,Davis Webb,BUF,QB,10,ARI,17,16,null,0
1007,Jake Fromm,BUF,QB,10,ARI,17,16,4000,0
1007,Jeff Driskel,DEN,QB,10,LV,22,27,4000,0
1007,Marcus Mariota,LV,QB,10,DEN,18,24,4500,0
1007,Nathan Peterman,LV,QB,10,DEN,18,24,4300,0
1007,Bryce Perkins,LAR,QB,10,SEA,32,32,null,0
1007,Jimmy Garoppolo,SF,QB,10,NO,16,18,5300,0
1007,Trace McSorley,BAL,QB,10,NE,10,3,4000,0
1007,Tyler Huntley,BAL,QB,10,NE,10,3,null,0
1007,Brian Hoyer,NE,QB,10,BAL,3,12,4100,0
1007,Tyler Bray,CHI,QB,10,MIN,31,28,4100,0
1007,Mitch Trubisky,CHI,QB,10,MIN,31,28,4600,0
1007,Jake Browning,MIN,QB,10,CHI,5,3,null,0
1007,Nate Stanley,MIN,QB,10,CHI,5,3,null,0
1007,Trevor Siemian,TEN,QB,10,IND,2,1,null,0
1007,Josh Rosen,TB,QB,10,CAR,12,11,null,0
1007,Clayton Thorson,NYG,QB,10,PHI,13,13,null,0
1007,Brandon Allen,CIN,QB,10,PIT,7,5,null,0
1007,Joshua Dobbs,PIT,QB,10,CIN,24,17,4000,0
1007,Danny Etling,SEA,QB,10,LAR,1,2,null,0
1007,Easton Stick,LAC,QB,10,MIA,11,14,4000,0
1007,Reid Sinnett,MIA,QB,10,LAC,20,29,null,0
1007,Kyle Lauletta,CLE,QB,10,HOU,31,28,null,0
1007,Blake Bortles,DEN,QB,10,LV,22,27,null,0
1007,Josh McCown,HOU,QB,10,CLE,23,23,null,0
1007,Kyle Sloter,CHI,QB,10,MIN,31,28,null,0
1007,Josh Johnson,SF,QB,10,NO,16,18,null,0
1007,Jordan Love,GB,QB,9,SF,6,11,4000,0
1007,Jimmy Garoppolo,SF,QB,9,GB,18,10,5300,0
1007,Kurt Benkert,ATL,QB,9,DEN,13,23,null,0
1007,Jeff Driskel,DEN,QB,9,ATL,28,32,4000,0
1007,Davis Webb,BUF,QB,9,SEA,31,31,null,0
1007,Jake Fromm,BUF,QB,9,SEA,31,31,4000,0
1007,Trace McSorley,BAL,QB,9,IND,2,1,4000,0
1007,Tyler Huntley,BAL,QB,9,IND,2,1,null,0
1007,Jacob Eason,IND,QB,9,BAL,5,19,4000,0
1007,Gardner Minshew,JAX,QB,9,HOU,30,26,5800,0
1007,PJ Walker,CAR,QB,9,KC,3,6,4800,0
1007,Will Grier,CAR,QB,9,KC,3,6,4500,0
1007,David Blough,DET,QB,9,MIN,32,28,4000,0
1007,Jake Browning,MIN,QB,9,DET,23,20,null,0
1007,Nate Stanley,MIN,QB,9,DET,23,20,null,0
1007,Mitch Trubisky,CHI,QB,9,TEN,25,21,4500,0
1007,Dwayne Haskins,WAS,QB,9,NYG,18,11,4800,0
1007,Steven Montez,WAS,QB,9,NYG,18,11,null,0
1007,Easton Stick,LAC,QB,9,LV,20,25,4000,0
1007,Marcus Mariota,LV,QB,9,LAC,19,30,4600,0
1007,Nathan Peterman,LV,QB,9,LAC,19,30,4400,0
1007,Brett Hundley,ARI,QB,9,MIA,9,9,4000,0
1007,Chris Streveler,ARI,QB,9,MIA,9,9,4100,0
1007,Andy Dalton,DAL,QB,9,PIT,8,7,5200,0
1007,Dak Prescott,DAL,QB,9,PIT,8,7,4000,0
1007,Ben DiNucci,DAL,QB,9,PIT,8,7,4800,0
1007,Devlin Hodges,PIT,QB,9,DAL,27,18,null,0
1007,Ryan Griffin,TB,QB,9,NO,21,27,4000,0
1007,Brian Hoyer,NE,QB,9,NYJ,26,24,4300,0
1007,Sam Darnold,NYJ,QB,9,NE,10,2,5000,0
1007,James Morgan,NYJ,QB,9,NE,10,2,4000,0
1007,Matt Moore,KC,QB,9,CAR,12,8,null,0
1007,Danny Etling,SEA,QB,9,BUF,15,17,null,0
1007,Trevor Siemian,TEN,QB,9,CHI,7,5,null,0
1007,Reid Sinnett,MIA,QB,9,ARI,14,14,null,0
1007,Joshua Dobbs,PIT,QB,9,DAL,27,18,4000,0
1007,Josh Rosen,TB,QB,9,NO,21,27,null,0
1007,Jake Dolegala,NE,QB,9,NYJ,26,24,null,0
1007,Clayton Thorson,NYG,QB,9,WAS,6,12,null,0
1007,Mike White,NYJ,QB,9,NE,10,2,null,0
1007,Blake Bortles,DEN,QB,9,ATL,28,32,null,0
1007,Josh McCown,HOU,QB,9,JAX,29,29,null,0
1007,Ryan Griffin,TB,QB,5,CHI,4,2,4000,0
1007,PJ Walker,CAR,QB,5,ATL,32,32,4700,0
1007,Trace McSorley,BAL,QB,5,CIN,16,8,4000,0
1007,Jake Luton,JAX,QB,5,HOU,26,14,4000,0
1007,Nathan Peterman,LV,QB,5,KC,3,5,4100,0
1007,Brett Hundley,ARI,QB,5,NYJ,19,7,4900,0
1007,Sam Darnold,NYJ,QB,5,ARI,13,19,5500,0
1007,James Morgan,NYJ,QB,5,ARI,13,19,4000,0
1007,Nate Sudfeld,PHI,QB,5,PIT,6,10,4000,0
1007,Jake Fromm,BUF,QB,5,TEN,22,16,4400,0
1007,Dwayne Haskins,WAS,QB,5,LAR,7,13,5100,0
1007,Nick Mullens,SF,QB,5,MIA,21,27,5300,0
1007,Jacob Eason,IND,QB,5,CLE,30,30,4000,0
1007,Ben DiNucci,DAL,QB,5,NYG,11,6,4000,0
1007,Tyrod Taylor,LAC,QB,5,NO,25,29,5100,0
1007,Tyler Bray,CHI,QB,5,TB,5,4,4000,0
1007,Josh Rosen,TB,QB,5,CHI,4,2,null,0
1007,Kurt Benkert,ATL,QB,5,CAR,10,4,null,0
1007,Tyler Huntley,BAL,QB,5,CIN,16,8,null,0
1007,Brandon Allen,CIN,QB,5,BAL,8,24,null,0
1007,Jordan Ta'amu,KC,QB,5,LV,22,12,null,0
1007,David Fales,NYJ,QB,5,ARI,13,19,null,0
1007,Josh McCown,PHI,QB,5,PIT,6,10,null,0
1007,Joshua Dobbs,PIT,QB,5,PHI,17,9,4000,0
1007,Davis Webb,BUF,QB,5,TEN,22,16,null,0
1007,Bryce Perkins,LAR,QB,5,WAS,12,22,null,0
1007,Steven Montez,WAS,QB,5,LAR,7,13,null,0
1007,Garrett Gilbert,CLE,QB,5,IND,1,1,null,0
1007,Jake Browning,MIN,QB,5,SEA,29,31,null,0
1007,Nate Stanley,MIN,QB,5,SEA,29,31,null,0
1007,Danny Etling,SEA,QB,5,MIN,28,16,null,0
1007,Devlin Hodges,PIT,QB,5,PHI,17,9,null,0
1007,Alex McGough,HOU,QB,5,JAX,25,20,null,0
1007,Reid Sinnett,MIA,QB,5,SF,2,11,null,0
1007,Clayton Thorson,NYG,QB,5,DAL,31,29,null,0
1007,Trace McSorley,BAL,QB,1,CLE,20,21,4000,0
1007,Jake Fromm,BUF,QB,1,NYJ,13,17,4100,0
1007,Joe Flacco,NYJ,QB,1,BUF,2,3,4400,0
1007,James Morgan,NYJ,QB,1,BUF,2,3,4000,0
1007,PJ Walker,CAR,QB,1,LV,25,26,4000,0
1007,Marcus Mariota,LV,QB,1,CAR,26,16,4900,0
1007,Jacob Eason,IND,QB,1,JAX,22,19,4000,0
1007,Jake Luton,JAX,QB,1,IND,18,22,4000,0
1007,Jordan Love,GB,QB,1,MIN,10,8,4300,0
1007,Jarrett Stidham,NE,QB,1,MIA,32,31,5200,0
1007,Jalen Hurts,PHI,QB,1,WAS,28,24,5000,0
1007,Alex Smith,WAS,QB,1,PHI,16,14,4900,0
1007,Ryan Griffin,TB,QB,1,NO,15,20,4000,0
1007,Brett Hundley,ARI,QB,1,SF,4,10,4700,0
1007,Chris Streveler,ARI,QB,1,SF,4,10,4000,0
1007,C.J. Beathard,SF,QB,1,ARI,31,32,4000,0
1007,Ben DiNucci,DAL,QB,1,LAR,14,11,4000,0
1007,Kyle Lauletta,ATL,QB,1,SEA,19,15,4000,0
1007,Matt Moore,KC,QB,1,HOU,27,29,4800,0
1007,Jordan Ta'amu,KC,QB,1,HOU,27,29,4000,0
1007,Tyler Huntley,BAL,QB,1,CLE,20,21,4000,0
1007,Garrett Gilbert,CLE,QB,1,BAL,3,2,4000,0
1007,David Fales,NYJ,QB,1,BUF,2,3,4000,0
1007,Mike White,NYJ,QB,1,BUF,2,3,4000,0
1007,Jake Browning,MIN,QB,1,GB,12,5,4000,0
1007,Nate Stanley,MIN,QB,1,GB,12,5,4000,0
1007,Jake Rudock,MIA,QB,1,NE,1,1,null,0
1007,Brandon Allen,CIN,QB,1,LAC,7,7,4000,0
1007,Josh Rosen,TB,QB,1,NO,15,20,4000,0
1007,Cooper Rush,NYG,QB,1,PIT,5,4,4000,0
1007,Joshua Dobbs,PIT,QB,1,NYG,29,30,4000,0
1007,Brett Rypien,DEN,QB,1,TEN,17,18,4000,0
1007,Trevor Siemian,TEN,QB,1,DEN,8,9,4000,0
1007,Danny Etling,SEA,QB,1,ATL,21,25,4100,0
1007,Davis Webb,BUF,QB,1,NYJ,13,17,4000,0
1007,Tyler Bray,CHI,QB,1,DET,30,28,4000,0
1007,Josh McCown,PHI,QB,1,WAS,28,24,null,0
1007,Steven Montez,WAS,QB,1,PHI,16,14,4000,0
1007,Bryce Perkins,LAR,QB,1,DAL,9,13,4000,0
1007,Kurt Benkert,ATL,QB,1,SEA,19,15,4200,0
1007,Chad Kelly,IND,QB,1,JAX,22,19,4000,0
1007,Mike Glennon,JAX,QB,1,IND,18,22,4400,0
1007,DeShone Kizer,LV,QB,1,CAR,26,16,null,0
1007,Devlin Hodges,PIT,QB,1,NYG,29,30,4500,0
1007,Drew Lock,DEN,QB,4,NYJ,16,13,5700,0
1007,James Morgan,NYJ,QB,4,DEN,17,23,4000,0
1007,Brett Hundley,ARI,QB,4,CAR,13,3,4900,0
1007,PJ Walker,CAR,QB,4,ARI,9,8,4500,0
1007,Jacob Eason,IND,QB,4,CHI,6,2,4000,0
1007,Jake Luton,JAX,QB,4,CIN,11,7,4000,0
1007,Ben DiNucci,DAL,QB,4,CLE,22,22,4000,0
1007,Tyrod Taylor,LAC,QB,4,TB,3,4,5700,0
1007,Ryan Griffin,TB,QB,4,LAC,7,18,4000,0
1007,Trace McSorley,BAL,QB,4,WAS,12,19,4000,0
1007,Alex Smith,WAS,QB,4,BAL,8,26,4400,0
1007,Jake Fromm,BUF,QB,4,LV,20,5,4400,0
1007,Nathan Peterman,LV,QB,4,BUF,21,23,4100,0
1007,Nate Sudfeld,PHI,QB,4,SF,2,5,4000,0
1007,Jimmy Garoppolo,SF,QB,4,PHI,19,17,5300,0
1007,Jordan Love,GB,QB,4,ATL,32,32,4500,0
1007,David Fales,NYJ,QB,4,DEN,17,23,null,0
1007,Tyler Bray,CHI,QB,4,IND,1,1,null,0
1007,Brandon Allen,CIN,QB,4,JAX,23,27,null,0
1007,Garrett Gilbert,CLE,QB,4,DAL,29,30,null,0
1007,Jake Browning,MIN,QB,4,HOU,26,15,null,0
1007,Nate Stanley,MIN,QB,4,HOU,26,15,null,0
1007,Danny Etling,SEA,QB,4,MIA,14,29,null,0
1007,Josh Rosen,TB,QB,4,LAC,7,18,null,0
1007,Tyler Huntley,BAL,QB,4,WAS,12,19,null,0
1007,Steven Montez,WAS,QB,4,BAL,8,26,null,0
1007,Bryce Perkins,LAR,QB,4,NYG,17,11,null,0
1007,Davis Webb,BUF,QB,4,LV,20,5,null,0
1007,Josh McCown,PHI,QB,4,SF,2,5,null,0
1007,Kurt Benkert,ATL,QB,4,GB,23,19,null,0
1007,Alex McGough,HOU,QB,4,MIN,30,12,null,0
1007,Reid Sinnett,MIA,QB,4,SEA,31,31,null,0
1007,Blake Bortles,DEN,QB,4,NYJ,16,13,5400,0
1007,Joe Webb,DET,QB,4,NO,27,14,null,0
1007,Clayton Thorson,NYG,QB,4,LAR,15,21,null,0
1007,Jake Rudock,MIA,QB,4,SEA,null,null,null,0
1007,Jordan Ta'amu,KC,QB,4,NE,10,14,null,0
1007,Cam Newton,NE,QB,4,KC,3,18,null,0
1007,Jake Dolegala,NE,QB,4,KC,3,18,null,0
1007,Nate Sudfeld,PHI,QB,7,NYG,15,7,4000,0
1007,Jordan Love,GB,QB,7,HOU,28,21,4000,0
1007,Will Grier,CAR,QB,7,NO,26,29,4800,0
1007,Jake Fromm,BUF,QB,7,NYJ,20,14,4000,0
1007,James Morgan,NYJ,QB,7,BUF,23,28,4000,0
1007,Dak Prescott,DAL,QB,7,WAS,14,22,4000,0
1007,Dwayne Haskins,WAS,QB,7,DAL,31,26,5000,0
1007,Brett Hundley,ARI,QB,7,SEA,29,31,4000,0
1007,Jeff Driskel,DEN,QB,7,KC,8,9,4000,0
1007,Brian Hoyer,NE,QB,7,SF,7,15,4600,0
1007,C.J. Beathard,SF,QB,7,NE,9,6,5000,0
1007,Marcus Mariota,LV,QB,7,TB,2,3,4300,0
1007,Nathan Peterman,LV,QB,7,TB,2,3,4100,0
1007,Ryan Griffin,TB,QB,7,LV,24,23,4000,0
1007,Josh McCown,PHI,QB,7,NYG,15,7,null,0
1007,Kurt Benkert,ATL,QB,7,DET,19,17,null,0
1007,David Blough,DET,QB,7,ATL,32,32,4000,0
1007,Brandon Allen,CIN,QB,7,CLE,22,16,null,0
1007,Davis Webb,BUF,QB,7,NYJ,20,14,null,0
1007,David Fales,NYJ,QB,7,BUF,23,28,null,0
1007,Steven Montez,WAS,QB,7,DAL,31,26,null,0
1007,Danny Etling,SEA,QB,7,ARI,10,7,null,0
1007,Matt Moore,KC,QB,7,DEN,13,24,null,0
1007,Jordan Ta'amu,KC,QB,7,DEN,13,24,null,0
1007,Josh Rosen,TB,QB,7,LV,24,23,null,0
1007,Tyler Bray,CHI,QB,7,LAR,5,11,null,0
1007,Bryce Perkins,LAR,QB,7,CHI,4,1,null,0
1007,Jake Dolegala,NE,QB,7,SF,7,15,null,0
1007,Clayton Thorson,NYG,QB,7,PHI,20,19,null,0
1007,Mike White,NYJ,QB,7,BUF,23,28,4000,0
1007,Joshua Dobbs,PIT,QB,7,TEN,25,25,4000,0
1007,Devlin Hodges,PIT,QB,7,TEN,25,25,null,0
1007,Trevor Siemian,TEN,QB,7,PIT,4,5,null,0
1007,Garrett Gilbert,DAL,QB,7,WAS,14,22,null,0
1007,Jake Luton,JAX,QB,7,LAC,21,30,4000,0
1007,Tyrod Taylor,LAC,QB,7,JAX,27,18,4100,0
1007,Easton Stick,LAC,QB,7,JAX,27,18,4000,0
1007,Kyle Lauletta,CLE,QB,7,CIN,18,11,null,0
1007,Blake Bortles,DEN,QB,7,KC,8,9,4000,0
1007,Brett Hundley,ARI,QB,11,SEA,32,31,4000,0
1007,Chris Streveler,ARI,QB,11,SEA,32,31,4100,0
1007,Trace McSorley,BAL,QB,11,TEN,23,25,4000,0
1007,Tyler Huntley,BAL,QB,11,TEN,23,25,null,0
1007,Teddy Bridgewater,CAR,QB,11,DET,27,19,6400,0
1007,David Blough,DET,QB,11,CAR,22,16,4000,0
1007,Nate Sudfeld,PHI,QB,11,CLE,19,21,4000,0
1007,Brian Hoyer,NE,QB,11,HOU,28,20,4100,0
1007,Jordan Love,GB,QB,11,IND,2,1,4000,0
1007,Jacob Eason,IND,QB,11,GB,13,6,4000,0
1007,Joshua Dobbs,PIT,QB,11,JAX,30,30,4000,0
1007,Gardner Minshew,JAX,QB,11,PIT,4,4,5300,0
1007,Devlin Hodges,PIT,QB,11,JAX,30,30,null,0
1007,Kurt Benkert,ATL,QB,11,NO,12,13,null,0
1007,Drew Brees,NO,QB,11,ATL,31,32,6600,0
1007,Kyle Allen,WAS,QB,11,CIN,25,26,4700,0
1007,Steven Montez,WAS,QB,11,CIN,25,26,null,0
1007,Dak Prescott,DAL,QB,11,MIN,24,17,4000,0
1007,Ben DiNucci,DAL,QB,11,MIN,24,17,5200,0
1007,Jake Browning,MIN,QB,11,DAL,29,24,null,0
1007,Nate Stanley,MIN,QB,11,DAL,29,24,null,0
1007,Marcus Mariota,LV,QB,11,KC,5,9,4300,0
1007,Nathan Peterman,LV,QB,11,KC,5,9,4200,0
1007,Bryce Perkins,LAR,QB,11,TB,5,5,null,0
1007,Ryan Griffin,TB,QB,11,LAR,1,2,4000,0
1007,Matt Moore,KC,QB,11,LV,20,22,null,0
1007,Danny Etling,SEA,QB,11,ARI,17,23,null,0
1007,Brandon Allen,CIN,QB,11,WAS,9,11,null,0
1007,Jeff Driskel,DEN,QB,11,MIA,11,15,4500,0
1007,Reid Sinnett,MIA,QB,11,DEN,16,18,null,0
1007,Easton Stick,LAC,QB,11,NYJ,26,29,4000,0
1007,Sam Darnold,NYJ,QB,11,LAC,21,28,5100,0
1007,James Morgan,NYJ,QB,11,LAC,21,28,4000,0
1007,Josh Rosen,TB,QB,11,LAR,1,2,null,0
1007,Kyle Lauletta,CLE,QB,11,PHI,15,14,null,0
1007,Blake Bortles,DEN,QB,11,MIA,11,15,null,0
1007,Cooper Rush,DAL,QB,11,MIN,24,17,null,0
1007,Josh McCown,HOU,QB,11,NE,10,5,4000,0
1007,Mike White,NYJ,QB,11,LAC,21,28,null,0
1007,Jake Dolegala,NE,QB,11,HOU,28,20,null,0
1007,Trevor Siemian,NO,QB,11,ATL,31,32,null,0
1007,Ben DiNucci,DAL,QB,2,ATL,31,32,4000,0
1007,Jordan Love,GB,QB,2,DET,26,26,4600,0
1007,Jacob Eason,IND,QB,2,MIN,32,31,4000,0
1007,Jake Fromm,BUF,QB,2,MIA,7,27,4300,0
1007,Joe Flacco,NYJ,QB,2,SF,18,29,4500,0
1007,James Morgan,NYJ,QB,2,SF,18,29,4000,0
1007,C.J. Beathard,SF,QB,2,NYJ,23,30,4000,0
1007,Nate Sudfeld,PHI,QB,2,LAR,13,14,4100,0
1007,Will Grier,CAR,QB,2,TB,15,15,4700,0
1007,Ryan Griffin,TB,QB,2,CAR,25,9,4000,0
1007,Jake Luton,JAX,QB,2,TEN,5,8,4000,0
1007,Brett Hundley,ARI,QB,2,WAS,8,7,4900,0
1007,Alex Smith,WAS,QB,2,ARI,19,16,4900,0
1007,Trace McSorley,BAL,QB,2,HOU,28,19,4000,0
1007,Easton Stick,LAC,QB,2,KC,11,21,4000,0
1007,Jarrett Stidham,NE,QB,2,SEA,30,25,5000,0
1007,Marcus Mariota,LV,QB,2,NO,8,21,4700,0
1007,Kyle Lauletta,ATL,QB,2,DAL,12,3,null,0
1007,Brandon Allen,CIN,QB,2,CLE,29,29,null,0
1007,Garrett Gilbert,CLE,QB,2,CIN,6,2,null,0
1007,Cooper Rush,NYG,QB,2,CHI,21,11,null,0
1007,Jake Browning,MIN,QB,2,IND,16,21,null,0
1007,Nate Stanley,MIN,QB,2,IND,16,21,null,0
1007,David Fales,NYJ,QB,2,SF,18,29,null,0
1007,Brett Rypien,DEN,QB,2,PIT,6,13,null,0
1007,Joshua Dobbs,PIT,QB,2,DEN,14,17,4000,0
1007,Josh Rosen,TB,QB,2,CAR,25,9,null,0
1007,Trevor Siemian,TEN,QB,2,JAX,20,10,null,0
1007,Tyler Huntley,BAL,QB,2,HOU,28,19,null,0
1007,Matt Moore,KC,QB,2,LAC,3,12,null,0
1007,Jordan Ta'amu,KC,QB,2,LAC,3,12,null,0
1007,Tyler Bray,CHI,QB,2,NYG,22,24,null,0
1007,Davis Webb,BUF,QB,2,MIA,7,27,null,0
1007,Bryce Perkins,LAR,QB,2,PHI,9,6,null,0
1007,Josh McCown,PHI,QB,2,LAR,13,14,null,0
1007,Steven Montez,WAS,QB,2,ARI,19,16,null,0
1007,Danny Etling,SEA,QB,2,NE,1,1,null,0
1007,Kurt Benkert,ATL,QB,2,DAL,12,3,null,0
1007,Chad Kelly,IND,QB,2,MIN,32,31,null,0
1007,DeShone Kizer,LV,QB,2,NO,8,21,null,0
1007,Devlin Hodges,PIT,QB,2,DEN,14,17,null,0
1007,Alex McGough,HOU,QB,2,BAL,2,2,null,0
1007,Reid Sinnett,MIA,QB,2,BUF,4,4,null,0
1007,Jake Dolegala,NE,QB,2,SEA,30,25,null,0
1007,Jake Luton,JAX,QB,3,MIA,27,31,4000,0
1007,Jake Fromm,BUF,QB,3,LAR,5,7,4200,0
1007,Alex Smith,WAS,QB,3,CLE,29,30,4700,0
1007,Marcus Mariota,LV,QB,3,NE,12,19,4600,0
1007,Jarrett Stidham,NE,QB,3,LV,23,9,5000,0
1007,Jimmy Garoppolo,SF,QB,3,NYG,10,11,5600,0
1007,Nate Sudfeld,PHI,QB,3,CIN,15,4,4100,0
1007,Jacob Eason,IND,QB,3,NYJ,25,22,4000,0
1007,Joe Flacco,NYJ,QB,3,IND,1,1,4600,0
1007,James Morgan,NYJ,QB,3,IND,1,1,4000,0
1007,PJ Walker,CAR,QB,3,LAC,9,26,4100,0
1007,Tyrod Taylor,LAC,QB,3,CAR,19,2,5700,0
1007,Brett Hundley,ARI,QB,3,DET,30,24,5000,0
1007,Drew Lock,DEN,QB,3,TB,8,6,5300,0
1007,Ryan Griffin,TB,QB,3,DEN,17,15,4000,0
1007,Ben DiNucci,DAL,QB,3,SEA,28,31,4000,0
1007,Jordan Love,GB,QB,3,NO,21,23,4300,0
1007,Trace McSorley,BAL,QB,3,KC,11,26,4000,0
1007,Kurt Benkert,ATL,QB,3,CHI,3,3,null,0
1007,Tyler Bray,CHI,QB,3,ATL,32,32,null,0
1007,Davis Webb,BUF,QB,3,LAR,5,7,null,0
1007,Bryce Perkins,LAR,QB,3,BUF,11,12,null,0
1007,Garrett Gilbert,CLE,QB,3,WAS,13,28,null,0
1007,Steven Montez,WAS,QB,3,CLE,29,30,null,0
1007,Jake Browning,MIN,QB,3,TEN,18,13,null,0
1007,Nate Stanley,MIN,QB,3,TEN,18,13,null,0
1007,Trevor Siemian,TEN,QB,3,MIN,31,21,null,0
1007,Cooper Rush,NYG,QB,3,SF,4,18,null,0
1007,Brandon Allen,CIN,QB,3,PHI,22,14,null,0
1007,Josh McCown,PHI,QB,3,CIN,15,4,null,0
1007,Joshua Dobbs,PIT,QB,3,HOU,26,17,4000,0
1007,Chad Kelly,IND,QB,3,NYJ,25,22,null,0
1007,David Fales,NYJ,QB,3,IND,1,1,null,0
1007,Mike White,NYJ,QB,3,IND,1,1,4000,0
1007,Josh Rosen,TB,QB,3,DEN,17,15,null,0
1007,Danny Etling,SEA,QB,3,DAL,27,20,null,0
1007,Tyler Huntley,BAL,QB,3,KC,11,26,null,0
1007,Matt Moore,KC,QB,3,BAL,2,3,null,0
1007,Jordan Ta'amu,KC,QB,3,BAL,2,3,null,0
1007,DeShone Kizer,LV,QB,3,NE,12,19,null,0
1007,Devlin Hodges,PIT,QB,3,HOU,26,17,null,0
1007,Alex McGough,HOU,QB,3,PIT,7,10,null,0
1007,Reid Sinnett,MIA,QB,3,JAX,26,22,null,0
1007,Jake Dolegala,NE,QB,3,LV,23,9,null,0
1007,Blake Bortles,DEN,QB,3,TB,8,6,null,0
1007,Joe Webb,DET,QB,3,ARI,6,2,null,0
1007,Easton Stick,LAC,QB,15,LV,27,21,4000,0
1007,Nathan Peterman,LV,QB,15,LAC,19,23,4000,0
1007,Davis Webb,BUF,QB,15,DEN,17,18,null,0
1007,Jake Fromm,BUF,QB,15,DEN,17,18,4000,0
1007,Jeff Driskel,DEN,QB,15,BUF,18,23,4400,0
1007,Will Grier,CAR,QB,15,GB,15,8,4300,0
1007,Jordan Love,GB,QB,15,CAR,20,20,4000,0
1007,Jacob Eason,IND,QB,15,HOU,29,22,4000,0
1007,Bryce Perkins,LAR,QB,15,NYJ,31,31,null,0
1007,James Morgan,NYJ,QB,15,LAR,1,1,4000,0
1007,Kurt Benkert,ATL,QB,15,TB,13,17,null,0
1007,Ryan Griffin,TB,QB,15,ATL,26,32,4000,0
1007,Robert Griffin III,BAL,QB,15,JAX,32,30,4400,0
1007,Trace McSorley,BAL,QB,15,JAX,32,30,4400,0
1007,Jake Luton,JAX,QB,15,BAL,9,18,4400,0
1007,Brian Hoyer,NE,QB,15,MIA,8,7,4000,0
1007,Tyler Bray,CHI,QB,15,MIN,22,14,null,0
1007,Jake Browning,MIN,QB,15,CHI,12,11,null,0
1007,Nate Stanley,MIN,QB,15,CHI,12,11,null,0
1007,Daniel Jones,NYG,QB,15,CLE,23,28,5100,0
1007,Alex Smith,WAS,QB,15,SEA,24,29,5000,0
1007,Kyle Allen,WAS,QB,15,SEA,24,29,4000,0
1007,Brett Hundley,ARI,QB,15,PHI,17,13,4000,0
1007,Chris Streveler,ARI,QB,15,PHI,17,13,4900,0
1007,Nate Sudfeld,PHI,QB,15,ARI,14,12,4000,0
1007,Dak Prescott,DAL,QB,15,SF,7,10,4000,0
1007,Ben DiNucci,DAL,QB,15,SF,7,10,4700,0
1007,Jimmy Garoppolo,SF,QB,15,DAL,28,21,5200,0
1007,Joe Burrow,CIN,QB,15,PIT,2,2,4000,0
1007,Devlin Hodges,PIT,QB,15,CIN,23,13,null,0
1007,Matt Moore,KC,QB,15,NO,3,4,null,0
1007,Blake Bortles,DEN,QB,15,BUF,18,23,null,0
1007,Josh Rosen,TB,QB,15,ATL,26,32,null,0
1007,Reid Sinnett,MIA,QB,15,NE,5,3,null,0
1007,Kyle Lauletta,CLE,QB,15,NYG,10,5,null,0
1007,Danny Etling,SEA,QB,15,WAS,4,9,null,0
1007,Cooper Rush,DAL,QB,15,SF,7,10,null,0
1007,Brandon Allen,CIN,QB,15,PIT,2,2,4600,0
1007,Joshua Dobbs,PIT,QB,15,CIN,23,13,4000,0
1007,Josh McCown,HOU,QB,15,IND,6,6,4000,0
1007,Kyle Sloter,CHI,QB,15,MIN,22,14,null,0
1007,Josh Johnson,SF,QB,15,DAL,28,21,null,0
1007,Jake Dolegala,NE,QB,15,MIA,8,7,null,0
1007,Mike White,NYJ,QB,15,LAR,1,1,null,0
1007,DeShone Kizer,TEN,QB,15,DET,30,25,null,0
1007,Kevin Hogan,CIN,QB,15,PIT,2,2,null,0
1007,Taylor Heinicke,WAS,QB,15,SEA,24,29,null,0
1007,Alex Tanney,NYG,QB,15,CLE,23,28,null,0
1007,Joe Webb,NYG,QB,15,CLE,23,23,null,0
1007,Alex McGough,SEA,QB,15,WAS,4,9,null,0
1007,Jordan Ta'amu,DET,QB,15,TEN,25,27,null,0
1007,Kyle Shurmur,CIN,QB,15,PIT,2,2,null,0
